scenario_id,location,sex,subgroup,baseline_year,scaleup_start_year,target_year,population_2025,htn_population_2025,diabetes_share_among_htn_assumed,baseline_control,target_control,annual_control_increment,controlled_2025,controlled_2030,additional_controlled_2030,allocation_method,control_gap_requested,control_gap_used
baseline,Afghanistan,Female,htn_no_diabetes,2025,2026,2030,10656400,2758312.57905498,0.288116944917646,0.130085711511268,0.130085711511268,0,358817.054416848,358817.054416848,0,inactive_at_baseline,0.15,0.15
baseline,Afghanistan,Male,htn_no_diabetes,2025,2026,2030,10584668.5,2239824.0290957,0.206915093397397,0.067564526875106,0.067564526875106,0,151332.650809345,151332.650809345,0,inactive_at_baseline,0.15,0.15
baseline,Albania,Female,htn_no_diabetes,2025,2026,2030,1119803,344300.42541648,0.296321263909921,0.0709776577476778,0.0709776577476778,0,24437.6377575908,24437.6377575908,0,inactive_at_baseline,0.15,0.15
baseline,Albania,Male,htn_no_diabetes,2025,2026,2030,1063013.5,347988.140399332,0.23311824821873,0.0182072758909353,0.0182072758909353,0,6335.91607902415,6335.91607902415,0,inactive_at_baseline,0.15,0.15
baseline,Algeria,Female,htn_no_diabetes,2025,2026,2030,14751664,2996350.05922519,0.378580542968894,0.147025627784635,0.147025627784635,0,440540.248520112,440540.248520112,0,inactive_at_baseline,0.15,0.15
baseline,Algeria,Male,htn_no_diabetes,2025,2026,2030,15328527.5,3434984.22066707,0.27594218781711,0.0695735713839626,0.0695735713839626,0,238984.119879365,238984.119879365,0,inactive_at_baseline,0.15,0.15
baseline,Andorra,Female,htn_no_diabetes,2025,2026,2030,34136.5,7496.5846599565,0.298406149800026,0.329783553948763,0.329783553948763,0,2472.25033163824,2472.25033163824,0,inactive_at_baseline,0.15,0.15
baseline,Andorra,Male,htn_no_diabetes,2025,2026,2030,35615.5,10238.8552138139,0.261162859582898,0.259103133669997,0.259103133669997,0,2652.91947109258,2652.91947109258,0,inactive_at_baseline,0.15,0.15
baseline,Angola,Female,htn_no_diabetes,2025,2026,2030,9454084.5,2197376.29436801,0.276026424413656,0.0927370092815696,0.0927370092815696,0,203778.105805907,203778.105805907,0,inactive_at_baseline,0.15,0.15
baseline,Angola,Male,htn_no_diabetes,2025,2026,2030,8954924.5,1835347.88723527,0.263834825544535,0.0529614614927065,0.0529614614927065,0,97202.7064555309,97202.7064555309,0,inactive_at_baseline,0.15,0.15
baseline,Antigua and Barbuda,Female,htn_no_diabetes,2025,2026,2030,38630,10968.1461042655,0.355415158778058,0.22070126115299,0.22070126115299,0,2420.68367772164,2420.68367772164,0,inactive_at_baseline,0.15,0.15
baseline,Antigua and Barbuda,Male,htn_no_diabetes,2025,2026,2030,33803.5,9609.05405586035,0.298166557675434,0.136628967501129,0.136628967501129,0,1312.87513431473,1312.87513431473,0,inactive_at_baseline,0.15,0.15
baseline,Argentina,Female,htn_no_diabetes,2025,2026,2030,16991234.5,4778029.74786443,0.315857537146284,0.147009872700032,0.147009872700032,0,702417.544990518,702417.544990518,0,inactive_at_baseline,0.15,0.15
baseline,Argentina,Male,htn_no_diabetes,2025,2026,2030,16332211,6309732.35914544,0.245154637778431,0.0731257388992433,0.0731257388992433,0,461403.841018976,461403.841018976,0,inactive_at_baseline,0.15,0.15
baseline,Armenia,Female,htn_no_diabetes,2025,2026,2030,1237586,349700.642120324,0.416766981424112,0.0380083099225272,0.0380083099225272,0,13291.5303858161,13291.5303858161,0,inactive_at_baseline,0.15,0.15
baseline,Armenia,Male,htn_no_diabetes,2025,2026,2030,999336.5,313322.614081779,0.328133741934919,0.0235537714835308,0.0235537714835308,0,7379.92925270475,7379.92925270475,0,inactive_at_baseline,0.15,0.15
baseline,Australia,Female,htn_no_diabetes,2025,2026,2030,10622094.5,2217823.97452115,0.328767459149663,0.221144439483557,0.221144439483557,0,490459.439718674,490459.439718674,0,inactive_at_baseline,0.15,0.15
baseline,Australia,Male,htn_no_diabetes,2025,2026,2030,10251233.5,2608461.97338969,0.265291708032925,0.20887749157973,0.20887749157973,0,544848.993882752,544848.993882752,0,inactive_at_baseline,0.15,0.15
baseline,Austria,Female,htn_no_diabetes,2025,2026,2030,3829405,989923.583204595,0.332288306457589,0.220946939248543,0.220946939248543,0,218720.585799005,218720.585799005,0,inactive_at_baseline,0.15,0.15
baseline,Austria,Male,htn_no_diabetes,2025,2026,2030,3647096.5,1096560.36239071,0.286684581934179,0.231940464922039,0.231940464922039,0,254336.720267981,254336.720267981,0,inactive_at_baseline,0.15,0.15
baseline,Azerbaijan,Female,htn_no_diabetes,2025,2026,2030,3950832,1004878.05415193,0.36572520475046,0.123234548410083,0.123234548410083,0,123835.693210616,123835.693210616,0,inactive_at_baseline,0.15,0.15
baseline,Azerbaijan,Male,htn_no_diabetes,2025,2026,2030,3600166,873264.569574518,0.323697792995275,0.0396143662099455,0.0396143662099455,0,34593.8224572954,34593.8224572954,0,inactive_at_baseline,0.15,0.15
baseline,Bahamas,Female,htn_no_diabetes,2025,2026,2030,164326,47897.4794380907,0.326027315326277,0.226475126470149,0.226475126470149,0,10847.587713343,10847.587713343,0,inactive_at_baseline,0.15,0.15
baseline,Bahamas,Male,htn_no_diabetes,2025,2026,2030,144907,45233.3146263358,0.288191586856383,0.126218217261114,0.126218217261114,0,5709.26833294715,5709.26833294715,0,inactive_at_baseline,0.15,0.15
baseline,Bahrain,Female,htn_no_diabetes,2025,2026,2030,439854,73100.2256530705,0.386080035007626,0.186712974582785,0.186712974582785,0,13648.7605743576,13648.7605743576,0,inactive_at_baseline,0.15,0.15
baseline,Bahrain,Male,htn_no_diabetes,2025,2026,2030,828704,191772.750831934,0.268169590441785,0.124074239993756,0.124074239993756,0,23794.0583109842,23794.0583109842,0,inactive_at_baseline,0.15,0.15
baseline,Bangladesh,Female,htn_no_diabetes,2025,2026,2030,59223138.5,13641075.5575192,0.219874659115649,0.117667144030192,0.117667144030192,0,1605106.40235334,1605106.40235334,0,inactive_at_baseline,0.15,0.15
baseline,Bangladesh,Male,htn_no_diabetes,2025,2026,2030,54363605,8806315.99863917,0.215322552979708,0.108153543737481,0.108153543737481,0,952434.282524899,952434.282524899,0,inactive_at_baseline,0.15,0.15
baseline,Barbados,Female,htn_no_diabetes,2025,2026,2030,116219.5,33685.3691628895,0.397122004010239,0.317851986363151,0.317851986363151,0,10706.9614998005,10706.9614998005,0,inactive_at_baseline,0.15,0.15
baseline,Barbados,Male,htn_no_diabetes,2025,2026,2030,103510.5,28483.1016797837,0.341958504975447,0.237384895347905,0.237384895347905,0,6761.45811143919,6761.45811143919,0,inactive_at_baseline,0.15,0.15
baseline,Belarus,Female,htn_no_diabetes,2025,2026,2030,3909680,1315356.34965957,0.380107069411175,0.0797914349113647,0.0797914349113647,0,104954.170559112,104954.170559112,0,inactive_at_baseline,0.15,0.15
baseline,Belarus,Male,htn_no_diabetes,2025,2026,2030,3241931.5,1209813.43165851,0.280198360573235,0.0239403892592678,0.0239403892592678,0,28963.4044849952,28963.4044849952,0,inactive_at_baseline,0.15,0.15
baseline,Belgium,Female,htn_no_diabetes,2025,2026,2030,4782953,1054896.60305826,0.363411341036508,0.368649991968676,0.368649991968676,0,388887.62424521,388887.62424521,0,inactive_at_baseline,0.15,0.15
baseline,Belgium,Male,htn_no_diabetes,2025,2026,2030,4571695.5,1215748.91503935,0.308042053060249,0.300976051202218,0.300976051202218,0,365911.307701924,365911.307701924,0,inactive_at_baseline,0.15,0.15
baseline,Belize,Female,htn_no_diabetes,2025,2026,2030,140619,29880.4507119797,0.304688567556802,0.221386629728861,0.221386629728861,0,6615.13227790452,6615.13227790452,0,inactive_at_baseline,0.15,0.15
baseline,Belize,Male,htn_no_diabetes,2025,2026,2030,141068,33958.6655836703,0.24518325621494,0.122433270720606,0.122433270720606,0,4157.67049671603,4157.67049671603,0,inactive_at_baseline,0.15,0.15
baseline,Benin,Female,htn_no_diabetes,2025,2026,2030,3738262,604953.322453641,0.300504265431333,0.0571435262733831,0.0571435262733831,0,34569.1660758001,34569.1660758001,0,inactive_at_baseline,0.15,0.15
baseline,Benin,Male,htn_no_diabetes,2025,2026,2030,3683484.5,657343.172812682,0.21200580430093,0.0491184658253721,0.0491184658253721,0,32287.6881693414,32287.6881693414,0,inactive_at_baseline,0.15,0.15
baseline,Bhutan,Female,htn_no_diabetes,2025,2026,2030,267843.5,76163.29133124,0.230571096323801,0.0726189313713038,0.0726189313713038,0,5530.89682619594,5530.89682619594,0,inactive_at_baseline,0.15,0.15
baseline,Bhutan,Male,htn_no_diabetes,2025,2026,2030,314056.5,98223.854913506,0.20223139413412,0.0390414278312598,0.0390414278312598,0,3834.79954291378,3834.79954291378,0,inactive_at_baseline,0.15,0.15
baseline,Bolivia,Female,htn_no_diabetes,2025,2026,2030,3989287,609573.14461524,0.288227077816936,0.293758218319368,0.293758218319368,0,179067.120897507,179067.120897507,0,inactive_at_baseline,0.15,0.15
baseline,Bolivia,Male,htn_no_diabetes,2025,2026,2030,3933289,725874.361307111,0.233818868809144,0.158020611299355,0.158020611299355,0,114703.110300279,114703.110300279,0,inactive_at_baseline,0.15,0.15
baseline,Bosnia and Herzegovina,Female,htn_no_diabetes,2025,2026,2030,1388219.5,420347.407066761,0.425453090826479,0.150863642284951,0.150863642284951,0,63415.1408551266,63415.1408551266,0,inactive_at_baseline,0.15,0.15
baseline,Bosnia and Herzegovina,Male,htn_no_diabetes,2025,2026,2030,1220047.5,410112.214819973,0.336845171043919,0.0667683505255211,0.0667683505255211,0,27382.5161138977,27382.5161138977,0,inactive_at_baseline,0.15,0.15
baseline,Botswana,Female,htn_no_diabetes,2025,2026,2030,782811.5,207594.677842983,0.293933190652956,0.180188575844868,0.180188575844868,0,37406.1893535012,37406.1893535012,0,inactive_at_baseline,0.15,0.15
baseline,Botswana,Male,htn_no_diabetes,2025,2026,2030,766563.5,190009.397851541,0.246620828656797,0.0960467104251353,0.0960467104251353,0,18249.7776135013,18249.7776135013,0,inactive_at_baseline,0.15,0.15
baseline,Brazil,Female,htn_no_diabetes,2025,2026,2030,82212314,25230752.8649264,0.257009028781802,0.350893876411035,0.350893876411035,0,8853316.67754283,8853316.67754283,0,inactive_at_baseline,0.15,0.15
baseline,Brazil,Male,htn_no_diabetes,2025,2026,2030,77657112,28534883.3458372,0.194808957901381,0.251572145666599,0.251572145666599,0,7178581.82965837,7178581.82965837,0,inactive_at_baseline,0.15,0.15
baseline,Brunei Darussalam,Female,htn_no_diabetes,2025,2026,2030,160698,41980.1082343351,0.356302839443615,0.296359015102259,0.296359015102259,0,12441.1835302138,12441.1835302138,0,inactive_at_baseline,0.15,0.15
baseline,Brunei Darussalam,Male,htn_no_diabetes,2025,2026,2030,184517.5,51967.1577794433,0.324077136517538,0.207018799684744,0.207018799684744,0,10758.1786265281,10758.1786265281,0,inactive_at_baseline,0.15,0.15
baseline,Bulgaria,Female,htn_no_diabetes,2025,2026,2030,2859678,920975.794401197,0.361934847598705,0.226625499307954,0.226625499307954,0,208716.599256711,208716.599256711,0,inactive_at_baseline,0.15,0.15
baseline,Bulgaria,Male,htn_no_diabetes,2025,2026,2030,2608251.5,1003358.39649747,0.272241196030903,0.1433680679864,0.1433680679864,0,143849.554803774,143849.554803774,0,inactive_at_baseline,0.15,0.15
baseline,Burkina Faso,Female,htn_no_diabetes,2025,2026,2030,6083031.5,1068253.29577812,0.252946997604433,0.0736244991109181,0.0736244991109181,0,78649.6138252513,78649.6138252513,0,inactive_at_baseline,0.15,0.15
baseline,Burkina Faso,Male,htn_no_diabetes,2025,2026,2030,5816630.5,1010369.36416648,0.193321346416144,0.0301935190658199,0.0301935190658199,0,30506.6066604808,30506.6066604808,0,inactive_at_baseline,0.15,0.15
baseline,Burundi,Female,htn_no_diabetes,2025,2026,2030,3398525,681521.010767101,0.231856717435163,0.0980385664986786,0.0980385664986786,0,66815.3429343371,66815.3429343371,0,inactive_at_baseline,0.15,0.15
baseline,Burundi,Male,htn_no_diabetes,2025,2026,2030,3266953,669405.384353913,0.184630148223236,0.0644758593666175,0.0644758593666175,0,43160.4874208594,43160.4874208594,0,inactive_at_baseline,0.15,0.15
baseline,Cabo Verde,Female,htn_no_diabetes,2025,2026,2030,177016,41117.6807120882,0.346833969216931,0.142446078994336,0.142446078994336,0,5857.05239477802,5857.05239477802,0,inactive_at_baseline,0.15,0.15
baseline,Cabo Verde,Male,htn_no_diabetes,2025,2026,2030,181185,55957.3929878444,0.227310649083238,0.0514624425871585,0.0514624425871585,0,2879.704123964,2879.704123964,0,inactive_at_baseline,0.15,0.15
baseline,Cambodia,Female,htn_no_diabetes,2025,2026,2030,5871047,868408.998586203,0.314526753106943,0.218429312744207,0.218429312744207,0,189685.980742069,189685.980742069,0,inactive_at_baseline,0.15,0.15
baseline,Cambodia,Male,htn_no_diabetes,2025,2026,2030,5384942,852358.703778167,0.259523574134363,0.125471480681264,0.125471480681264,0,106946.708634609,106946.708634609,0,inactive_at_baseline,0.15,0.15
baseline,Cameroon,Female,htn_no_diabetes,2025,2026,2030,7586438,1576156.08141369,0.259906861178751,0.0636523405194033,0.0636523405194033,0,100326.023605873,100326.023605873,0,inactive_at_baseline,0.15,0.15
baseline,Cameroon,Male,htn_no_diabetes,2025,2026,2030,7383628,1487301.3677411,0.206691765282523,0.0123528952911169,0.0123528952911169,0,18372.4780620408,18372.4780620408,0,inactive_at_baseline,0.15,0.15
baseline,Canada,Female,htn_no_diabetes,2025,2026,2030,16404298,2842177.02881736,0.334144775627451,0.518762446381986,0.518762446381986,0,1474414.70851998,1474414.70851998,0,inactive_at_baseline,0.15,0.15
baseline,Canada,Male,htn_no_diabetes,2025,2026,2030,15954765.5,3082816.22309171,0.328321706513712,0.591223735382266,0.591223735382266,0,1822634.12291333,1822634.12291333,0,inactive_at_baseline,0.15,0.15
baseline,Central African Republic,Female,htn_no_diabetes,2025,2026,2030,1259422.5,260999.951941085,0.284233435526141,0.0188815531670765,0.0188815531670765,0,4928.08446918002,4928.08446918002,0,inactive_at_baseline,0.15,0.15
baseline,Central African Republic,Male,htn_no_diabetes,2025,2026,2030,1023279,196866.622996662,0.254410682726743,0.0113147426240444,0.0113147426240444,0,2227.49517047201,2227.49517047201,0,inactive_at_baseline,0.15,0.15
baseline,Chad,Female,htn_no_diabetes,2025,2026,2030,4796415,1120021.13766975,0.23183112488282,0.093661496995815,0.093661496995815,0,104902.856421105,104902.856421105,0,inactive_at_baseline,0.15,0.15
baseline,Chad,Male,htn_no_diabetes,2025,2026,2030,4708514,1000660.57272875,0.187383149158477,0.0624266518497673,0.0624266518497673,0,62467.8891935267,62467.8891935267,0,inactive_at_baseline,0.15,0.15
baseline,Chile,Female,htn_no_diabetes,2025,2026,2030,7894715.5,1788841.51388559,0.348833623919168,0.36580439624623,0.36580439624623,0,654366.089967111,654366.089967111,0,inactive_at_baseline,0.15,0.15
baseline,Chile,Male,htn_no_diabetes,2025,2026,2030,7695890.5,2125482.39114202,0.287596475883708,0.223607807723518,0.223607807723518,0,475274.457838207,475274.457838207,0,inactive_at_baseline,0.15,0.15
baseline,China,Female,htn_no_diabetes,2025,2026,2030,561666473.5,112039071.494368,0.279017013042484,0.136267154715485,0.136267154715485,0,15267245.4895024,15267245.4895024,0,inactive_at_baseline,0.15,0.15
baseline,China,Male,htn_no_diabetes,2025,2026,2030,567724824.5,138055481.0977,0.211370620410247,0.107311200727386,0.107311200727386,0,14814899.4435911,14814899.4435911,0,inactive_at_baseline,0.15,0.15
baseline,Colombia,Female,htn_no_diabetes,2025,2026,2030,20313225.5,4031543.73239613,0.310723657653871,0.363357975437904,0.363357975437904,0,1464893.56849283,1464893.56849283,0,inactive_at_baseline,0.15,0.15
baseline,Colombia,Male,htn_no_diabetes,2025,2026,2030,19322909,4071535.62934468,0.255416227628668,0.201408012490324,0.201408012490324,0,820039.898889851,820039.898889851,0,inactive_at_baseline,0.15,0.15
baseline,Comoros,Female,htn_no_diabetes,2025,2026,2030,242865,51113.0443925684,0.273836630393999,0.0877751296230911,0.0877751296230911,0,4486.4540969885,4486.4540969885,0,inactive_at_baseline,0.15,0.15
baseline,Comoros,Male,htn_no_diabetes,2025,2026,2030,241785,45349.5800302653,0.230894086205327,0.0594474073536223,0.0594474073536223,0,2695.91495737488,2695.91495737488,0,inactive_at_baseline,0.15,0.15
baseline,Congo,Female,htn_no_diabetes,2025,2026,2030,1672142,380913.904490861,0.305887249921217,0.0660642735898534,0.0660642735898534,0,25164.8004004635,25164.8004004635,0,inactive_at_baseline,0.15,0.15
baseline,Congo,Male,htn_no_diabetes,2025,2026,2030,1643888.5,363845.57026389,0.26320878521085,0.0366780527740554,0.0366780527740554,0,13345.1470277452,13345.1470277452,0,inactive_at_baseline,0.15,0.15
baseline,Costa Rica,Female,htn_no_diabetes,2025,2026,2030,2003858.5,536312.410641273,0.316282718030832,0.487839373152721,0.487839373152721,0,261634.310221263,261634.310221263,0,inactive_at_baseline,0.15,0.15
baseline,Costa Rica,Male,htn_no_diabetes,2025,2026,2030,1915980,471091.477483947,0.290939940673689,0.410853931577756,0.410853931577756,0,193549.785657054,193549.785657054,0,inactive_at_baseline,0.15,0.15
baseline,Croatia,Female,htn_no_diabetes,2025,2026,2030,1654357,573026.299371736,0.37788833582198,0.190257256025617,0.190257256025617,0,109022.41134898,109022.41134898,0,inactive_at_baseline,0.15,0.15
baseline,Croatia,Male,htn_no_diabetes,2025,2026,2030,1500058.5,583874.966347651,0.305518894683859,0.100483186360695,0.100483186360695,0,58669.6170548556,58669.6170548556,0,inactive_at_baseline,0.15,0.15
baseline,Cuba,Female,htn_no_diabetes,2025,2026,2030,4518655,1394620.10038441,0.312976207672578,0.333208194863444,0.333208194863444,0,464698.846169365,464698.846169365,0,inactive_at_baseline,0.15,0.15
baseline,Cuba,Male,htn_no_diabetes,2025,2026,2030,4302829,1342043.83397356,0.265753667467407,0.236015792791651,0.236015792791651,0,316743.539436415,316743.539436415,0,inactive_at_baseline,0.15,0.15
baseline,Cyprus,Female,htn_no_diabetes,2025,2026,2030,546996,103589.414307097,0.345841095625722,0.324426614975156,0.324426614975156,0,33607.1630309105,33607.1630309105,0,inactive_at_baseline,0.15,0.15
baseline,Cyprus,Male,htn_no_diabetes,2025,2026,2030,548979.5,133330.891747355,0.309330234923672,0.253802695391808,0.253802695391808,0,33839.7397044721,33839.7397044721,0,inactive_at_baseline,0.15,0.15
baseline,Czechia,Female,htn_no_diabetes,2025,2026,2030,4364241,1111620.54827909,0.401682676165208,0.363738203534813,0.363738203534813,0,404338.861243419,404338.861243419,0,inactive_at_baseline,0.15,0.15
baseline,Czechia,Male,htn_no_diabetes,2025,2026,2030,4169023,1477260.0922614,0.332700647659766,0.256818993566408,0.256818993566408,0,379388.450130391,379388.450130391,0,inactive_at_baseline,0.15,0.15
baseline,Democratic People's Republic of Korea,Female,htn_no_diabetes,2025,2026,2030,10332960,1973809.82811395,0.286444265141714,0.205440426352842,0.205440426352842,0,405500.332627159,405500.332627159,0,inactive_at_baseline,0.15,0.15
baseline,Democratic People's Republic of Korea,Male,htn_no_diabetes,2025,2026,2030,9905557,2114061.55121175,0.231720860397241,0.169578982563928,0.169578982563928,0,358500.406932008,358500.406932008,0,inactive_at_baseline,0.15,0.15
baseline,Democratic Republic of the Congo,Female,htn_no_diabetes,2025,2026,2030,26154326,4998965.24121037,0.289445099044984,0.0804396920504304,0.0804396920504304,0,402115.224573768,402115.224573768,0,inactive_at_baseline,0.15,0.15
baseline,Democratic Republic of the Congo,Male,htn_no_diabetes,2025,2026,2030,25180274,4509609.91763201,0.263259663626323,0.0671138759757295,0.0671138759757295,0,302657.400710874,302657.400710874,0,inactive_at_baseline,0.15,0.15
baseline,Denmark,Female,htn_no_diabetes,2025,2026,2030,2427793.5,514258.795292684,0.402385369159417,0.0417745380820924,0.0417745380820924,0,21482.9236280052,21482.9236280052,0,inactive_at_baseline,0.15,0.15
baseline,Denmark,Male,htn_no_diabetes,2025,2026,2030,2360863,696626.004393742,0.371672521095329,0.0324272989189179,0.0324272989189179,0,22589.6996791673,22589.6996791673,0,inactive_at_baseline,0.15,0.15
baseline,Djibouti,Female,htn_no_diabetes,2025,2026,2030,383455.5,81557.4756613691,0.27680932201004,0.09125187459889,0.09125187459889,0,7442.27254165328,7442.27254165328,0,inactive_at_baseline,0.15,0.15
baseline,Djibouti,Male,htn_no_diabetes,2025,2026,2030,368267.5,78640.6228778812,0.221229095301794,0.0580908111561765,0.0580908111561765,0,4568.29757280309,4568.29757280309,0,inactive_at_baseline,0.15,0.15
baseline,Dominica,Female,htn_no_diabetes,2025,2026,2030,25408,8184.24758255382,0.350850916143688,0.154285991103406,0.154285991103406,0,1262.71474970997,1262.71474970997,0,inactive_at_baseline,0.15,0.15
baseline,Dominica,Male,htn_no_diabetes,2025,2026,2030,25388,7864.18666182486,0.314750869207997,0.0963132299772194,0.0963132299772194,0,757.425218544119,757.425218544119,0,inactive_at_baseline,0.15,0.15
baseline,Dominican Republic,Female,htn_no_diabetes,2025,2026,2030,3926344,1284419.96505112,0.26712551076232,0.210582921413092,0.210582921413092,0,270476.908561767,270476.908561767,0,inactive_at_baseline,0.15,0.15
baseline,Dominican Republic,Male,htn_no_diabetes,2025,2026,2030,3783715.5,1287591.44277389,0.225845968059066,0.145218406536115,0.145218406536115,0,186981.977589162,186981.977589162,0,inactive_at_baseline,0.15,0.15
baseline,Ecuador,Female,htn_no_diabetes,2025,2026,2030,6408365.5,984540.953992139,0.309798931795456,0.35395204706217,0.35395204706217,0,348480.286082059,348480.286082059,0,inactive_at_baseline,0.15,0.15
baseline,Ecuador,Male,htn_no_diabetes,2025,2026,2030,6234871,1215598.10382928,0.244297231111955,0.145832534915114,0.145832534915114,0,177273.752919429,177273.752919429,0,inactive_at_baseline,0.15,0.15
baseline,Egypt,Female,htn_no_diabetes,2025,2026,2030,36007823.5,7849232.9005112,0.352799430384255,0.175763291766237,0.175763291766237,0,1379607.0124337,1379607.0124337,0,inactive_at_baseline,0.15,0.15
baseline,Egypt,Male,htn_no_diabetes,2025,2026,2030,36056804,7726674.25374586,0.271902389278726,0.100844387965576,0.100844387965576,0,779191.736128376,779191.736128376,0,inactive_at_baseline,0.15,0.15
baseline,El Salvador,Female,htn_no_diabetes,2025,2026,2030,2370154.5,469991.160977871,0.34008790279236,0.432076447341718,0.432076447341718,0,203072.111117328,203072.111117328,0,inactive_at_baseline,0.15,0.15
baseline,El Salvador,Male,htn_no_diabetes,2025,2026,2030,1996053,370760.430124952,0.284331324546486,0.223347037039495,0.223347037039495,0,82808.2435198968,82808.2435198968,0,inactive_at_baseline,0.15,0.15
baseline,Equatorial Guinea,Female,htn_no_diabetes,2025,2026,2030,485181.5,104514.037172325,0.324763942625213,0.0844562535949291,0.0844562535949291,0,8826.8640276557,8826.8640276557,0,inactive_at_baseline,0.15,0.15
baseline,Equatorial Guinea,Male,htn_no_diabetes,2025,2026,2030,581382.5,120479.295055217,0.300750839856779,0.0504675534549369,0.0504675534549369,0,6080.29526341228,6080.29526341228,0,inactive_at_baseline,0.15,0.15
baseline,Eritrea,Female,htn_no_diabetes,2025,2026,2030,983070,129759.573298736,0.291641569681166,0.0920441841180802,0.0920441841180802,0,11943.6140557924,11943.6140557924,0,inactive_at_baseline,0.15,0.15
baseline,Eritrea,Male,htn_no_diabetes,2025,2026,2030,922724,127490.564967127,0.21899856651553,0.0818741039161966,0.0818741039161966,0,10438.1757644532,10438.1757644532,0,inactive_at_baseline,0.15,0.15
baseline,Estonia,Female,htn_no_diabetes,2025,2026,2030,574042.5,131306.745240137,0.46231273042044,0.11989516124322,0.11989516124322,0,15743.0433928887,15743.0433928887,0,inactive_at_baseline,0.15,0.15
baseline,Estonia,Male,htn_no_diabetes,2025,2026,2030,501928,157742.847891207,0.329991304100448,0.0805898992916959,0.0805898992916959,0,12712.4802255377,12712.4802255377,0,inactive_at_baseline,0.15,0.15
baseline,Eswatini,Female,htn_no_diabetes,2025,2026,2030,380862,91280.5337397489,0.363766597427567,0.0946092290777669,0.0946092290777669,0,8635.98092692474,8635.98092692474,0,inactive_at_baseline,0.15,0.15
baseline,Eswatini,Male,htn_no_diabetes,2025,2026,2030,356199,72905.1268466408,0.313400021181568,0.0437152903124231,0.0437152903124231,0,3187.06878536494,3187.06878536494,0,inactive_at_baseline,0.15,0.15
baseline,Ethiopia,Female,htn_no_diabetes,2025,2026,2030,35970402,6803202.97202898,0.210520909368734,0.0344133462775504,0.0344133462775504,0,234120.979672893,234120.979672893,0,inactive_at_baseline,0.15,0.15
baseline,Ethiopia,Male,htn_no_diabetes,2025,2026,2030,35070456.5,5540483.27252469,0.170320704513198,0.0308812894392514,0.0308812894392514,0,171097.267572166,171097.267572166,0,inactive_at_baseline,0.15,0.15
baseline,Fiji,Female,htn_no_diabetes,2025,2026,2030,313980.5,50518.2133971298,0.54203193321103,0.0747128645951785,0.0747128645951785,0,3774.36043713009,3774.36043713009,0,inactive_at_baseline,0.15,0.15
baseline,Fiji,Male,htn_no_diabetes,2025,2026,2030,302381,49287.6488121072,0.492705678460059,0.0166834893941113,0.0166834893941113,0,822.289966217471,822.289966217471,0,inactive_at_baseline,0.15,0.15
baseline,Finland,Female,htn_no_diabetes,2025,2026,2030,2322957.5,591212.576885801,0.380996713163128,0.234000661680596,0.234000661680596,0,138344.134185168,138344.134185168,0,inactive_at_baseline,0.15,0.15
baseline,Finland,Male,htn_no_diabetes,2025,2026,2030,2236322,677220.580039496,0.328869867679374,0.220546721374735,0.220546721374735,0,149358.778575207,149358.778575207,0,inactive_at_baseline,0.15,0.15
baseline,France,Female,htn_no_diabetes,2025,2026,2030,27438934,6288030.8241896,0.332739327167017,0.296398182073188,0.296398182073188,0,1863760.90510997,1863760.90510997,0,inactive_at_baseline,0.15,0.15
baseline,France,Male,htn_no_diabetes,2025,2026,2030,25084977,7228599.77513889,0.289469955307648,0.190311149882939,0.190311149882939,0,1375683.13525024,1375683.13525024,0,inactive_at_baseline,0.15,0.15
baseline,Gabon,Female,htn_no_diabetes,2025,2026,2030,711171,151683.928285865,0.313769239626865,0.108437947346675,0.108437947346675,0,16448.2938287994,16448.2938287994,0,inactive_at_baseline,0.15,0.15
baseline,Gabon,Male,htn_no_diabetes,2025,2026,2030,742372,152748.593867902,0.294246591890731,0.0636226954339074,0.0636226954339074,0,9718.27726561517,9718.27726561517,0,inactive_at_baseline,0.15,0.15
baseline,Gambia,Female,htn_no_diabetes,2025,2026,2030,735656.5,165254.575704669,0.265826804510019,0.0693579427047221,0.0693579427047221,0,11461.7173934176,11461.7173934176,0,inactive_at_baseline,0.15,0.15
baseline,Gambia,Male,htn_no_diabetes,2025,2026,2030,710660.5,147040.322873075,0.20873731407688,0.0481946090445981,0.0481946090445981,0,7086.5508746593,7086.5508746593,0,inactive_at_baseline,0.15,0.15
baseline,Georgia,Female,htn_no_diabetes,2025,2026,2030,1556374,414110.040482519,0.441590506580716,0.138302038375412,0.138302038375412,0,57272.2627104567,57272.2627104567,0,inactive_at_baseline,0.15,0.15
baseline,Georgia,Male,htn_no_diabetes,2025,2026,2030,1269845,377250.21321571,0.3527858145814,0.0780222013960831,0.0780222013960831,0,29433.8921122314,29433.8921122314,0,inactive_at_baseline,0.15,0.15
baseline,Germany,Female,htn_no_diabetes,2025,2026,2030,35374920.5,8144682.35777255,0.366761533281133,0.425212597779344,0.425212597779344,0,3463221.54343606,3463221.54343606,0,inactive_at_baseline,0.15,0.15
baseline,Germany,Male,htn_no_diabetes,2025,2026,2030,33936157,9594339.63602567,0.314064670179833,0.384616954935718,0.384616954935718,0,3690145.69542726,3690145.69542726,0,inactive_at_baseline,0.15,0.15
baseline,Ghana,Female,htn_no_diabetes,2025,2026,2030,9992432.5,2020827.60866457,0.282186428133914,0.194458429471919,0.194458429471919,0,392966.963014405,392966.963014405,0,inactive_at_baseline,0.15,0.15
baseline,Ghana,Male,htn_no_diabetes,2025,2026,2030,9768229.5,1861777.41581409,0.237427910093424,0.0992559576703524,0.0992559576703524,0,184792.500375661,184792.500375661,0,inactive_at_baseline,0.15,0.15
baseline,Greece,Female,htn_no_diabetes,2025,2026,2030,4294046.5,1067632.89400291,0.360776694605514,0.34278925949777,0.34278925949777,0,365973.089150718,365973.089150718,0,inactive_at_baseline,0.15,0.15
baseline,Greece,Male,htn_no_diabetes,2025,2026,2030,3936732,1209908.32460522,0.294949613902908,0.239325263551048,0.239325263551048,0,289561.628658751,289561.628658751,0,inactive_at_baseline,0.15,0.15
baseline,Grenada,Female,htn_no_diabetes,2025,2026,2030,44202.5,12115.2875708855,0.378759060492131,0.181227050933645,0.181227050933645,0,2195.61783768463,2195.61783768463,0,inactive_at_baseline,0.15,0.15
baseline,Grenada,Male,htn_no_diabetes,2025,2026,2030,43848.5,14012.3448478002,0.300158138088589,0.102010863210062,0.102010863210062,0,1429.41139352116,1429.41139352116,0,inactive_at_baseline,0.15,0.15
baseline,Guatemala,Female,htn_no_diabetes,2025,2026,2030,5813615,933975.564486294,0.334332019118772,0.176374421214983,0.176374421214983,0,164729.399615207,164729.399615207,0,inactive_at_baseline,0.15,0.15
baseline,Guatemala,Male,htn_no_diabetes,2025,2026,2030,5557549,975411.967259228,0.275039008896646,0.105979886206962,0.105979886206962,0,103374.049295042,103374.049295042,0,inactive_at_baseline,0.15,0.15
baseline,Guinea,Female,htn_no_diabetes,2025,2026,2030,3948011,903976.297418921,0.273263191201654,0.0407286144631911,0.0407286144631911,0,36817.7021014382,36817.7021014382,0,inactive_at_baseline,0.15,0.15
baseline,Guinea,Male,htn_no_diabetes,2025,2026,2030,3697759.5,885718.484306753,0.18855607010449,0.0289956022970833,0.0289956022970833,0,25681.940918134,25681.940918134,0,inactive_at_baseline,0.15,0.15
baseline,Guinea-Bissau,Female,htn_no_diabetes,2025,2026,2030,613006.5,133461.637232792,0.284460836649085,0.0898062128471162,0.0898062128471162,0,11985.6842002528,11985.6842002528,0,inactive_at_baseline,0.15,0.15
baseline,Guinea-Bissau,Male,htn_no_diabetes,2025,2026,2030,575337.5,123756.202808966,0.211318746627846,0.0540597536326857,0.0540597536326857,0,6690.22983436937,6690.22983436937,0,inactive_at_baseline,0.15,0.15
baseline,Guyana,Female,htn_no_diabetes,2025,2026,2030,280777.5,66443.1727646911,0.35312398685549,0.184403168874619,0.184403168874619,0,12252.3316078928,12252.3316078928,0,inactive_at_baseline,0.15,0.15
baseline,Guyana,Male,htn_no_diabetes,2025,2026,2030,253862.5,57914.7805138598,0.301350514454377,0.118620424339392,0.118620424339392,0,6869.87584007682,6869.87584007682,0,inactive_at_baseline,0.15,0.15
baseline,Haiti,Female,htn_no_diabetes,2025,2026,2030,3730412.5,1103790.1449225,0.272939185719831,0.045315958595283,0.045315958595283,0,50019.3085051896,50019.3085051896,0,inactive_at_baseline,0.15,0.15
baseline,Haiti,Male,htn_no_diabetes,2025,2026,2030,3567236.5,822179.319118725,0.233983303140571,0.0397232964075908,0.0397232964075908,0,32659.6727935443,32659.6727935443,0,inactive_at_baseline,0.15,0.15
baseline,Honduras,Female,htn_no_diabetes,2025,2026,2030,3424439,616933.09550219,0.293739724168292,0.345579096008197,0.345579096008197,0,213199.181441186,213199.181441186,0,inactive_at_baseline,0.15,0.15
baseline,Honduras,Male,htn_no_diabetes,2025,2026,2030,3399955,656724.373933119,0.235795758721754,0.218848270394322,0.218848270394322,0,143722.993361057,143722.993361057,0,inactive_at_baseline,0.15,0.15
baseline,Hungary,Female,htn_no_diabetes,2025,2026,2030,4136902,1240348.09542025,0.391446502189376,0.224423657236674,0.224423657236674,0,278363.455820755,278363.455820755,0,inactive_at_baseline,0.15,0.15
baseline,Hungary,Male,htn_no_diabetes,2025,2026,2030,3713031.5,1509497.15129335,0.29504839164842,0.137762360069394,0.137762360069394,0,207951.890080199,207951.890080199,0,inactive_at_baseline,0.15,0.15
baseline,Iceland,Female,htn_no_diabetes,2025,2026,2030,150391.5,27501.6663450531,0.347173528415816,0.47707988543649,0.47707988543649,0,13120.4918292105,13120.4918292105,0,inactive_at_baseline,0.15,0.15
baseline,Iceland,Male,htn_no_diabetes,2025,2026,2030,157657.5,33928.6068695135,0.324794536710406,0.460769851660778,0.460769851660778,0,15633.2791543226,15633.2791543226,0,inactive_at_baseline,0.15,0.15
baseline,India,Female,htn_no_diabetes,2025,2026,2030,491067719.5,93306852.519568,0.278286758752894,0.143534758437124,0.143534758437124,0,13392776.5369246,13392776.5369246,0,inactive_at_baseline,0.15,0.15
baseline,India,Male,htn_no_diabetes,2025,2026,2030,517391827.5,113133611.78545,0.228140370877104,0.0788161338037464,0.0788161338037464,0,8916753.8841831,8916753.8841831,0,inactive_at_baseline,0.15,0.15
baseline,Indonesia,Female,htn_no_diabetes,2025,2026,2030,99248267.5,27129992.0712277,0.333725873972023,0.00115551277328112,0.00115551277328112,0,31349.052377319,31349.052377319,0,inactive_at_baseline,0.15,0.15
baseline,Indonesia,Male,htn_no_diabetes,2025,2026,2030,98257064.5,21882876.8961732,0.303695243752526,0,0,0,0,0,0,inactive_at_baseline,0.15,0.117995758491803
baseline,Iran (Islamic Republic of),Female,htn_no_diabetes,2025,2026,2030,33018523,4160097.18765544,0.442109208632395,0.231275169366952,0.231275169366952,0,962127.181657991,962127.181657991,0,inactive_at_baseline,0.15,0.15
baseline,Iran (Islamic Republic of),Male,htn_no_diabetes,2025,2026,2030,33793549.5,5461480.38019208,0.312797495003773,0.139309317347294,0.139309317347294,0,760835.103470198,760835.103470198,0,inactive_at_baseline,0.15,0.15
baseline,Iraq,Female,htn_no_diabetes,2025,2026,2030,13199444,3379322.16676228,0.319155115166309,0.104075997554513,0.104075997554513,0,351706.325563861,351706.325563861,0,inactive_at_baseline,0.15,0.15
baseline,Iraq,Male,htn_no_diabetes,2025,2026,2030,12884739,3676608.85658726,0.247420681196176,0.0754592961999465,0.0754592961999465,0,277434.316720565,277434.316720565,0,inactive_at_baseline,0.15,0.15
baseline,Ireland,Female,htn_no_diabetes,2025,2026,2030,2065887,413093.187663318,0.344817119042794,0.223948735114901,0.223948735114901,0,92511.6968617825,92511.6968617825,0,inactive_at_baseline,0.15,0.15
baseline,Ireland,Male,htn_no_diabetes,2025,2026,2030,1983779.5,544921.403823617,0.309904223055538,0.164814334843663,0.164814334843663,0,89810.8587132646,89810.8587132646,0,inactive_at_baseline,0.15,0.15
baseline,Israel,Female,htn_no_diabetes,2025,2026,2030,3215370,555611.069128115,0.368276963557944,0.25521534904879,0.25521534904879,0,141800.472942904,141800.472942904,0,inactive_at_baseline,0.15,0.15
baseline,Israel,Male,htn_no_diabetes,2025,2026,2030,3096917.5,670718.180409091,0.309527611242818,0.194073532484281,0.194073532484281,0,130168.646573422,130168.646573422,0,inactive_at_baseline,0.15,0.15
baseline,Italy,Female,htn_no_diabetes,2025,2026,2030,25747141.5,7034280.1798175,0.354538738001506,0.275490236585091,0.275490236585091,0,1937875.51094374,1937875.51094374,0,inactive_at_baseline,0.15,0.15
baseline,Italy,Male,htn_no_diabetes,2025,2026,2030,24194124.5,7890736.17482657,0.298263990507482,0.200834343649373,0.200834343649373,0,1584730.82058166,1584730.82058166,0,inactive_at_baseline,0.15,0.15
baseline,Ivory Coast,Female,htn_no_diabetes,2025,2026,2030,8116524.5,1682354.5961169,0.25823797450917,0.0713421202239025,0.0713421202239025,0,120022.743855407,120022.743855407,0,inactive_at_baseline,0.15,0.15
baseline,Ivory Coast,Male,htn_no_diabetes,2025,2026,2030,8460925,1864034.27964909,0.214421711773133,0.0320867093497102,0.0320867093497102,0,59810.7261489968,59810.7261489968,0,inactive_at_baseline,0.15,0.15
baseline,Jamaica,Female,htn_no_diabetes,2025,2026,2030,1095492,313262.936236439,0.343807619214443,0.183932105050295,0.183932105050295,0,57619.1112962045,57619.1112962045,0,inactive_at_baseline,0.15,0.15
baseline,Jamaica,Male,htn_no_diabetes,2025,2026,2030,1051201,296523.501112197,0.287374948704212,0.0970236221177762,0.0970236221177762,0,28769.7841209498,28769.7841209498,0,inactive_at_baseline,0.15,0.15
baseline,Japan,Female,htn_no_diabetes,2025,2026,2030,54153209.5,12085307.0566719,0.387670996120826,0.244953962281618,0.244953962281618,0,2960343.84892178,2960343.84892178,0,inactive_at_baseline,0.15,0.15
baseline,Japan,Male,htn_no_diabetes,2025,2026,2030,50614221,16995238.3878625,0.308228695846672,0.194692566731517,0.194692566731517,0,3308846.58394696,3308846.58394696,0,inactive_at_baseline,0.15,0.15
baseline,Jordan,Female,htn_no_diabetes,2025,2026,2030,3409904,568816.208564051,0.376210575892645,0.303039977735398,0.303039977735398,0,172374.051178784,172374.051178784,0,inactive_at_baseline,0.15,0.15
baseline,Jordan,Male,htn_no_diabetes,2025,2026,2030,3686978.5,860586.764129497,0.282360005740886,0.244311722964503,0.244311722964503,0,210251.435104924,210251.435104924,0,inactive_at_baseline,0.15,0.15
baseline,Kazakhstan,Female,htn_no_diabetes,2025,2026,2030,7041423,1908844.64601722,0.347461068491617,0.29243460138847,0.29243460138847,0,558212.223170559,558212.223170559,0,inactive_at_baseline,0.15,0.15
baseline,Kazakhstan,Male,htn_no_diabetes,2025,2026,2030,6344958.5,1701092.42265303,0.267866866421074,0.213823586820636,0.213823586820636,0,363733.683325076,363733.683325076,0,inactive_at_baseline,0.15,0.15
baseline,Kenya,Female,htn_no_diabetes,2025,2026,2030,15894936,3052427.91308587,0.242896422343497,0.0405749067221498,0.0405749067221498,0,123851.977849545,123851.977849545,0,inactive_at_baseline,0.15,0.15
baseline,Kenya,Male,htn_no_diabetes,2025,2026,2030,15394425,3157381.05190246,0.191313138708501,0.015986206458864,0.015986206458864,0,50474.5453650181,50474.5453650181,0,inactive_at_baseline,0.15,0.15
baseline,Kiribati,Female,htn_no_diabetes,2025,2026,2030,41714,8990.38870466017,0.445223021192829,0.0100492841591966,0.0100492841591966,0,90.3469707947615,90.3469707947615,0,inactive_at_baseline,0.15,0.15
baseline,Kiribati,Male,htn_no_diabetes,2025,2026,2030,37216,7066.15678830962,0.463903929127528,0,0,0,0,0,0,inactive_at_baseline,0.15,0.113459033988326
baseline,Kuwait,Female,htn_no_diabetes,2025,2026,2030,1399821.5,251637.468250639,0.316641901304126,0.338828478055826,0.338828478055826,0,85261.9403891854,85261.9403891854,0,inactive_at_baseline,0.15,0.15
baseline,Kuwait,Male,htn_no_diabetes,2025,2026,2030,2487099,703017.849451374,0.227172203625408,0.237651997939601,0.237651997939601,0,167073.596509321,167073.596509321,0,inactive_at_baseline,0.15,0.15
baseline,Kyrgyzstan,Female,htn_no_diabetes,2025,2026,2030,2301109,606011.594792715,0.29261628264471,0.0695770950518486,0.0695770950518486,0,42164.5263334151,42164.5263334151,0,inactive_at_baseline,0.15,0.15
baseline,Kyrgyzstan,Male,htn_no_diabetes,2025,2026,2030,2139278,507757.761144298,0.244281415069817,0.0504797942277135,0.0504797942277135,0,25631.5073000887,25631.5073000887,0,inactive_at_baseline,0.15,0.15
baseline,Lao People's Democratic Republic,Female,htn_no_diabetes,2025,2026,2030,2473129,439328.54853177,0.306101553656261,0.108660102594601,0.108660102594601,0,47737.4851561992,47737.4851561992,0,inactive_at_baseline,0.15,0.15
baseline,Lao People's Democratic Republic,Male,htn_no_diabetes,2025,2026,2030,2454795,341326.764460602,0.284060258066315,0.0857855499812478,0.0857855499812478,0,29280.9042125726,29280.9042125726,0,inactive_at_baseline,0.15,0.15
baseline,Latvia,Female,htn_no_diabetes,2025,2026,2030,816735,220190.400950877,0.455255373184327,0.131065747473401,0.131065747473401,0,28859.4194870946,28859.4194870946,0,inactive_at_baseline,0.15,0.15
baseline,Latvia,Male,htn_no_diabetes,2025,2026,2030,671929,228381.279099766,0.329320067890574,0.098192425587868,0.098192425587868,0,22425.3117536659,22425.3117536659,0,inactive_at_baseline,0.15,0.15
baseline,Lebanon,Female,htn_no_diabetes,2025,2026,2030,2065431.5,391217.424199639,0.429240175896245,0.253970793310936,0.253970793310936,0,99357.7995810433,99357.7995810433,0,inactive_at_baseline,0.15,0.15
baseline,Lebanon,Male,htn_no_diabetes,2025,2026,2030,1856413.5,502438.345297492,0.32035100671235,0.181486243009649,0.181486243009649,0,91185.6476320264,91185.6476320264,0,inactive_at_baseline,0.15,0.15
baseline,Lesotho,Female,htn_no_diabetes,2025,2026,2030,711619,173763.003973085,0.320516494752863,0.160056614767377,0.160056614767377,0,27811.9181877422,27811.9181877422,0,inactive_at_baseline,0.15,0.15
baseline,Lesotho,Male,htn_no_diabetes,2025,2026,2030,647169,111509.860479994,0.279931860843214,0.0970645570247269,0.0970645570247269,0,10823.6552113797,10823.6552113797,0,inactive_at_baseline,0.15,0.15
baseline,Liberia,Female,htn_no_diabetes,2025,2026,2030,1501036.5,355466.19547794,0.272477063623803,0.046844278896267,0.046844278896267,0,16651.5575991636,16651.5575991636,0,inactive_at_baseline,0.15,0.15
baseline,Liberia,Male,htn_no_diabetes,2025,2026,2030,1459337,314527.22003735,0.226379360416357,0.0445479001829116,0.0445479001829116,0,14011.5272030325,14011.5272030325,0,inactive_at_baseline,0.15,0.15
baseline,Libya,Female,htn_no_diabetes,2025,2026,2030,2424836,456223.386938986,0.420058920299141,0.0876132459537929,0.0876132459537929,0,39971.2118097578,39971.2118097578,0,inactive_at_baseline,0.15,0.15
baseline,Libya,Male,htn_no_diabetes,2025,2026,2030,2480000.5,694673.51229934,0.290834564396042,0.0326654334389463,0.0326654334389463,0,22691.8113778131,22691.8113778131,0,inactive_at_baseline,0.15,0.15
baseline,Lithuania,Female,htn_no_diabetes,2025,2026,2030,1238027,365584.52374279,0.416484703158129,0.0960240286801737,0.0960240286801737,0,35104.8987929054,35104.8987929054,0,inactive_at_baseline,0.15,0.15
baseline,Lithuania,Male,htn_no_diabetes,2025,2026,2030,1067852,403271.032963828,0.303550194166519,0.0539353098817959,0.0539353098817959,0,21750.548129256,21750.548129256,0,inactive_at_baseline,0.15,0.15
baseline,Luxembourg,Female,htn_no_diabetes,2025,2026,2030,271462.5,47105.7803646549,0.390355947548064,0.278908294907237,0.278908294907237,0,13138.1928817807,13138.1928817807,0,inactive_at_baseline,0.15,0.15
baseline,Luxembourg,Male,htn_no_diabetes,2025,2026,2030,273239,69174.6381381052,0.333626349230839,0.218021289654506,0.218021289654506,0,15081.5438182535,15081.5438182535,0,inactive_at_baseline,0.15,0.15
baseline,Madagascar,Female,htn_no_diabetes,2025,2026,2030,8628068.5,2056562.25434769,0.227994669475543,0.0364117176855195,0.0364117176855195,0,74882.9642080038,74882.9642080038,0,inactive_at_baseline,0.15,0.15
baseline,Madagascar,Male,htn_no_diabetes,2025,2026,2030,8535210.5,1975174.74043063,0.185641298775803,0.0291226942918068,0.0291226942918068,0,57522.4101384601,57522.4101384601,0,inactive_at_baseline,0.15,0.15
baseline,Malawi,Female,htn_no_diabetes,2025,2026,2030,5840676.5,827055.372104666,0.285718398951329,0.0963384687710956,0.0963384687710956,0,79677.2481374721,79677.2481374721,0,inactive_at_baseline,0.15,0.15
baseline,Malawi,Male,htn_no_diabetes,2025,2026,2030,5323356.5,765917.898872189,0.218586694640194,0.0312186890215597,0.0312186890215597,0,23910.9527009373,23910.9527009373,0,inactive_at_baseline,0.15,0.15
baseline,Malaysia,Female,htn_no_diabetes,2025,2026,2030,12380612,2907359.85710957,0.334886565508153,0.140311575171226,0.140311575171226,0,407936.241140634,407936.241140634,0,inactive_at_baseline,0.15,0.15
baseline,Malaysia,Male,htn_no_diabetes,2025,2026,2030,13718883,3426214.31449877,0.280254620632837,0.154441322493462,0.154441322493462,0,529149.069877219,529149.069877219,0,inactive_at_baseline,0.15,0.15
baseline,Maldives,Female,htn_no_diabetes,2025,2026,2030,142044,27263.2065007896,0.317779216847266,0.10649244659831,0.10649244659831,0,2903.32556238404,2903.32556238404,0,inactive_at_baseline,0.15,0.15
baseline,Maldives,Male,htn_no_diabetes,2025,2026,2030,258169.5,46694.1170535657,0.246056214797691,0.102733185115963,0.102733185115963,0,4797.03537109043,4797.03537109043,0,inactive_at_baseline,0.15,0.15
baseline,Mali,Female,htn_no_diabetes,2025,2026,2030,5621822,1186788.76280562,0.244071263985698,0.127107971972547,0.127107971972547,0,150850.312800031,150850.312800031,0,inactive_at_baseline,0.15,0.15
baseline,Mali,Male,htn_no_diabetes,2025,2026,2030,5693095.5,942288.07994711,0.202040244030959,0.0879988471014101,0.0879988471014101,0,82920.264672747,82920.264672747,0,inactive_at_baseline,0.15,0.15
baseline,Malta,Female,htn_no_diabetes,2025,2026,2030,219267,37984.4843297211,0.457250242967715,0.41141382767603,0.41141382767603,0,15627.3420903907,15627.3420903907,0,inactive_at_baseline,0.15,0.15
baseline,Malta,Male,htn_no_diabetes,2025,2026,2030,236970.5,51068.6667771157,0.400512254400495,0.368436960940189,0.368436960940189,0,18815.5843866277,18815.5843866277,0,inactive_at_baseline,0.15,0.15
baseline,Marshall Islands,Female,htn_no_diabetes,2025,2026,2030,9961,1403.09492111591,0.503490321888102,0.0941783064956826,0.0941783064956826,0,132.14110352339,132.14110352339,0,inactive_at_baseline,0.15,0.15
baseline,Marshall Islands,Male,htn_no_diabetes,2025,2026,2030,10231.5,1607.15246883852,0.426844183829351,0.0585383193197544,0.0585383193197544,0,94.080004416401,94.080004416401,0,inactive_at_baseline,0.15,0.15
baseline,Mauritania,Female,htn_no_diabetes,2025,2026,2030,1359016,297108.355376606,0.278548444293722,0.0894971783162857,0.0894971783162857,0,26590.3594603984,26590.3594603984,0,inactive_at_baseline,0.15,0.15
baseline,Mauritania,Male,htn_no_diabetes,2025,2026,2030,1230444.5,272891.387423749,0.209458292605656,0.0541587004917751,0.0541587004917751,0,14779.4429182678,14779.4429182678,0,inactive_at_baseline,0.15,0.15
baseline,Mauritius,Female,htn_no_diabetes,2025,2026,2030,510568.5,80443.922714601,0.529564103830693,0.307820829805246,0.307820829805246,0,24762.3150427976,24762.3150427976,0,inactive_at_baseline,0.15,0.15
baseline,Mauritius,Male,htn_no_diabetes,2025,2026,2030,509941.5,88993.4867721285,0.482759306112331,0.232271418039206,0.232271418039206,0,20670.6433688156,20670.6433688156,0,inactive_at_baseline,0.15,0.15
baseline,Mexico,Female,htn_no_diabetes,2025,2026,2030,47957189,7815761.41673937,0.421593978731021,0.273318324342355,0.273318324342355,0,2136190.81388283,2136190.81388283,0,inactive_at_baseline,0.15,0.15
baseline,Mexico,Male,htn_no_diabetes,2025,2026,2030,43276512,8070048.87102594,0.365934943389934,0.157061211093659,0.157061211093659,0,1267491.64926835,1267491.64926835,0,inactive_at_baseline,0.15,0.15
baseline,Micronesia (Federated States of),Female,htn_no_diabetes,2025,2026,2030,35235,5157.02549346782,0.49256534035737,0.0780256539477745,0.0780256539477745,0,402.380286553171,402.380286553171,0,inactive_at_baseline,0.15,0.15
baseline,Micronesia (Federated States of),Male,htn_no_diabetes,2025,2026,2030,33241.5,4697.14615205312,0.445139607245069,0.0506956294368456,0.0506956294368456,0,238.12478073519,238.12478073519,0,inactive_at_baseline,0.15,0.15
baseline,Mongolia,Female,htn_no_diabetes,2025,2026,2030,1105387.5,288589.796190486,0.281515696054494,0.285019834496928,0.285019834496928,0,82253.8159477146,82253.8159477146,0,inactive_at_baseline,0.15,0.15
baseline,Mongolia,Male,htn_no_diabetes,2025,2026,2030,1054536,314504.613390677,0.23245226635595,0.152534270378228,0.152534270378228,0,47972.7317341334,47972.7317341334,0,inactive_at_baseline,0.15,0.15
baseline,Montenegro,Female,htn_no_diabetes,2025,2026,2030,257898.5,74258.2012581919,0.388205020621064,0.226572996647215,0.226572996647215,0,16824.9031847006,16824.9031847006,0,inactive_at_baseline,0.15,0.15
baseline,Montenegro,Male,htn_no_diabetes,2025,2026,2030,229208.5,81310.8860781612,0.30011412403235,0.137049285981721,0.137049285981721,0,11143.598879553,11143.598879553,0,inactive_at_baseline,0.15,0.15
baseline,Morocco,Female,htn_no_diabetes,2025,2026,2030,13054904.5,2520747.42673923,0.397838470197435,0.0753516272318718,0.0753516272318718,0,189942.420445354,189942.420445354,0,inactive_at_baseline,0.15,0.15
baseline,Morocco,Male,htn_no_diabetes,2025,2026,2030,13064778,2944788.45480557,0.28236898066235,0.0211916007704574,0.0211916007704574,0,62404.7812876918,62404.7812876918,0,inactive_at_baseline,0.15,0.15
baseline,Mozambique,Female,htn_no_diabetes,2025,2026,2030,8896152,2272006.41604291,0.230198503294698,0.0571609320302738,0.0571609320302738,0,129870.004319775,129870.004319775,0,inactive_at_baseline,0.15,0.15
baseline,Mozambique,Male,htn_no_diabetes,2025,2026,2030,7797436.5,1716266.46030926,0.182020935290685,0.0216876554425559,0.0216876554425559,0,37221.7956388023,37221.7956388023,0,inactive_at_baseline,0.15,0.15
baseline,Myanmar,Female,htn_no_diabetes,2025,2026,2030,19418948,4679531.1935253,0.341659655670073,0.114874230849723,0.114874230849723,0,537557.546593506,537557.546593506,0,inactive_at_baseline,0.15,0.15
baseline,Myanmar,Male,htn_no_diabetes,2025,2026,2030,18725651.5,4199914.19163234,0.284234399865979,0.0858382206049292,0.0858382206049292,0,360513.16090311,360513.16090311,0,inactive_at_baseline,0.15,0.15
baseline,Namibia,Female,htn_no_diabetes,2025,2026,2030,894811.5,245330.979355079,0.27134521959292,0.204094294133036,0.204094294133036,0,50070.6530604412,50070.6530604412,0,inactive_at_baseline,0.15,0.15
baseline,Namibia,Male,htn_no_diabetes,2025,2026,2030,827884.5,222108.280507904,0.233305228989732,0.141987894228428,0.141987894228428,0,31536.6870400144,31536.6870400144,0,inactive_at_baseline,0.15,0.15
baseline,Nepal,Female,htn_no_diabetes,2025,2026,2030,10301668,2273804.50216928,0.235476090105348,0.0494132460134734,0.0494132460134734,0,112356.061252234,112356.061252234,0,inactive_at_baseline,0.15,0.15
baseline,Nepal,Male,htn_no_diabetes,2025,2026,2030,8691972.5,2515431.28364962,0.19943442028634,0.0290393979861246,0.0290393979861246,0,73046.6101526497,73046.6101526497,0,inactive_at_baseline,0.15,0.15
baseline,Netherlands,Female,htn_no_diabetes,2025,2026,2030,7502166.5,1506455.73415781,0.386264314108795,0.206630251154147,0.206630251154147,0,311279.326701633,311279.326701633,0,inactive_at_baseline,0.15,0.15
baseline,Netherlands,Male,htn_no_diabetes,2025,2026,2030,7304633,1963217.66453487,0.347756513608739,0.153213806352788,0.153213806352788,0,300792.051082418,300792.051082418,0,inactive_at_baseline,0.15,0.15
baseline,New Zealand,Female,htn_no_diabetes,2025,2026,2030,2052205,448254.03356785,0.322767906529278,0.25403678918314,0.25403678918314,0,113873.015425968,113873.015425968,0,inactive_at_baseline,0.15,0.15
baseline,New Zealand,Male,htn_no_diabetes,2025,2026,2030,1988544.5,545620.265405863,0.239367976593581,0.213320676823035,0.213320676823035,0,116392.084304743,116392.084304743,0,inactive_at_baseline,0.15,0.15
baseline,Nicaragua,Female,htn_no_diabetes,2025,2026,2030,2322963,492437.456988806,0.301194650733699,0.372457365062107,0.372457365062107,0,183411.957687935,183411.957687935,0,inactive_at_baseline,0.15,0.15
baseline,Nicaragua,Male,htn_no_diabetes,2025,2026,2030,2173558.5,446499.807609542,0.26269182575696,0.218805785066636,0.218805785066636,0,97696.7409361078,97696.7409361078,0,inactive_at_baseline,0.15,0.15
baseline,Niger,Female,htn_no_diabetes,2025,2026,2030,6123544.5,1545698.04111668,0.229668588151707,0.0452710492272363,0.0452710492272363,0,69975.3721098361,69975.3721098361,0,inactive_at_baseline,0.15,0.15
baseline,Niger,Male,htn_no_diabetes,2025,2026,2030,6297322.5,1655157.36318239,0.183116961177767,0.0126051050430706,0.0126051050430706,0,20863.4324257258,20863.4324257258,0,inactive_at_baseline,0.15,0.15
baseline,Nigeria,Female,htn_no_diabetes,2025,2026,2030,59237693.5,13032889.2227279,0.245824009146945,0.0712667490096473,0.0712667490096473,0,928811.645106683,928811.645106683,0,inactive_at_baseline,0.15,0.15
baseline,Nigeria,Male,htn_no_diabetes,2025,2026,2030,60254455,12046947.1749413,0.188100379780023,0.0861900081690945,0.0861900081690945,0,1038326.47542084,1038326.47542084,0,inactive_at_baseline,0.15,0.15
baseline,North Macedonia,Female,htn_no_diabetes,2025,2026,2030,743658.5,215789.319404566,0.378993254217173,0.224385519685091,0.224385519685091,0,48419.9985770858,48419.9985770858,0,inactive_at_baseline,0.15,0.15
baseline,North Macedonia,Male,htn_no_diabetes,2025,2026,2030,686092.5,241969.347160105,0.311356298040161,0.136391391868193,0.136391391868193,0,33002.5360486047,33002.5360486047,0,inactive_at_baseline,0.15,0.15
baseline,Norway,Female,htn_no_diabetes,2025,2026,2030,2219621.5,452946.284790481,0.357206023429605,0.233286423286196,0.233286423286196,0,105666.218719542,105666.218719542,0,inactive_at_baseline,0.15,0.15
baseline,Norway,Male,htn_no_diabetes,2025,2026,2030,2233943.5,590013.300766088,0.321193939157066,0.240222237942314,0.240222237942314,0,141734.315525761,141734.315525761,0,inactive_at_baseline,0.15,0.15
baseline,Oman,Female,htn_no_diabetes,2025,2026,2030,1282955,234710.560325664,0.333635021076256,0.14911446010094,0.14911446010094,0,34998.7384829504,34998.7384829504,0,inactive_at_baseline,0.15,0.15
baseline,Oman,Male,htn_no_diabetes,2025,2026,2030,2614687.5,795644.788847642,0.20350177676119,0.0825448620815665,0.0825448620815665,0,65676.3893613457,65676.3893613457,0,inactive_at_baseline,0.15,0.15
baseline,Pakistan,Female,htn_no_diabetes,2025,2026,2030,69794301,19648010.3888061,0.262179445414686,0.101770431424987,0.101770431424987,0,1999586.49391142,1999586.49391142,0,inactive_at_baseline,0.15,0.15
baseline,Pakistan,Male,htn_no_diabetes,2025,2026,2030,70647171,20923137.716937,0.20758396245162,0.0524381924633862,0.0524381924633862,0,1097171.52253868,1097171.52253868,0,inactive_at_baseline,0.15,0.15
baseline,Panama,Female,htn_no_diabetes,2025,2026,2030,1594428,354691.174063325,0.329011757760125,0.308200821538107,0.308200821538107,0,109316.111238632,109316.111238632,0,inactive_at_baseline,0.15,0.15
baseline,Panama,Male,htn_no_diabetes,2025,2026,2030,1559269.5,387817.123799067,0.271584849954231,0.173250516730644,0.173250516730644,0,67189.5170951805,67189.5170951805,0,inactive_at_baseline,0.15,0.15
baseline,Papua New Guinea,Female,htn_no_diabetes,2025,2026,2030,3108214,442804.653028453,0.387741503301747,0.055159361296208,0.055159361296208,0,24424.8218400384,24424.8218400384,0,inactive_at_baseline,0.15,0.15
baseline,Papua New Guinea,Male,htn_no_diabetes,2025,2026,2030,3233710.5,430080.423620856,0.342513109886119,0.0346512513967467,0.0346512513967467,0,14902.8248797056,14902.8248797056,0,inactive_at_baseline,0.15,0.15
baseline,Paraguay,Female,htn_no_diabetes,2025,2026,2030,2292318,736451.79557675,0.273570538151416,0.138398260210573,0.138398260210573,0,101923.647236774,101923.647236774,0,inactive_at_baseline,0.15,0.15
baseline,Paraguay,Male,htn_no_diabetes,2025,2026,2030,2254791.5,989363.431457171,0.214655910496796,0.0520384567112499,0.0520384567112499,0,51484.9460995776,51484.9460995776,0,inactive_at_baseline,0.15,0.15
baseline,Peru,Female,htn_no_diabetes,2025,2026,2030,12239247,1465520.08482726,0.292172617623618,0.266954438656076,0.266954438656076,0,391227.091584266,391227.091584266,0,inactive_at_baseline,0.15,0.15
baseline,Peru,Male,htn_no_diabetes,2025,2026,2030,11865319,1927801.71008354,0.224876754931192,0.107154997194444,0.107154997194444,0,206573.586835446,206573.586835446,0,inactive_at_baseline,0.15,0.15
baseline,Philippines,Female,htn_no_diabetes,2025,2026,2030,38493517.5,6842588.64926682,0.34672138774085,0.156176948053522,0.156176948053522,0,1068654.61202816,1068654.61202816,0,inactive_at_baseline,0.15,0.15
baseline,Philippines,Male,htn_no_diabetes,2025,2026,2030,37386490,8121749.77336818,0.264131283017936,0.0948485717785315,0.0948485717785315,0,770336.366346584,770336.366346584,0,inactive_at_baseline,0.15,0.15
baseline,Poland,Female,htn_no_diabetes,2025,2026,2030,16173722.5,5318961.35367983,0.345383075651939,0.32241186237092,0.32241186237092,0,1714896.23591887,1714896.23591887,0,inactive_at_baseline,0.15,0.15
baseline,Poland,Male,htn_no_diabetes,2025,2026,2030,14780781,6147862.68287833,0.269096370940597,0.243026783197947,0.243026783197947,0,1494095.29136262,1494095.29136262,0,inactive_at_baseline,0.15,0.15
baseline,Portugal,Female,htn_no_diabetes,2025,2026,2030,4606381,1057216.53175016,0.433689451714741,0.454829284627558,0.454829284627558,0,480853.038832354,480853.038832354,0,inactive_at_baseline,0.15,0.15
baseline,Portugal,Male,htn_no_diabetes,2025,2026,2030,4073228.5,1100643.67678928,0.384251126165352,0.325908346523538,0.325908346523538,0,358708.960813982,358708.960813982,0,inactive_at_baseline,0.15,0.15
baseline,Qatar,Female,htn_no_diabetes,2025,2026,2030,624605,95344.2050292199,0.345482643211606,0.273637556032157,0.273637556032157,0,26089.7552460246,26089.7552460246,0,inactive_at_baseline,0.15,0.15
baseline,Qatar,Male,htn_no_diabetes,2025,2026,2030,1924349,454967.227285405,0.224604101587566,0.178355055860808,0.178355055860808,0,81145.7052373253,81145.7052373253,0,inactive_at_baseline,0.15,0.15
baseline,Republic of Korea,Female,htn_no_diabetes,2025,2026,2030,22426609.5,4239730.57206539,0.369705426317884,0.51711272241747,0.51711272241747,0,2192418.61843731,2192418.61843731,0,inactive_at_baseline,0.15,0.15
baseline,Republic of Korea,Male,htn_no_diabetes,2025,2026,2030,22118759.5,5380675.84149969,0.31159103336558,0.451413995851493,0.451413995851493,0,2428912.38199297,2428912.38199297,0,inactive_at_baseline,0.15,0.15
baseline,Republic of Moldova,Female,htn_no_diabetes,2025,2026,2030,1255864.5,396729.592628647,0.390075896561165,0.0327858669324345,0.0327858669324345,0,13007.1236320818,13007.1236320818,0,inactive_at_baseline,0.15,0.15
baseline,Republic of Moldova,Male,htn_no_diabetes,2025,2026,2030,1000795,346916.835170853,0.293223710319472,0.0301934432418669,0.0301934432418669,0,10474.6137723792,10474.6137723792,0,inactive_at_baseline,0.15,0.15
baseline,Romania,Female,htn_no_diabetes,2025,2026,2030,7886118.5,2754029.03390879,0.322036073555643,0.317242678832211,0.317242678832211,0,873695.548298909,873695.548298909,0,inactive_at_baseline,0.15,0.15
baseline,Romania,Male,htn_no_diabetes,2025,2026,2030,7204556.5,2993373.18604772,0.239308171612539,0.196557459763158,0.196557459763158,0,588369.829572692,588369.829572692,0,inactive_at_baseline,0.15,0.15
baseline,Russian Federation,Female,htn_no_diabetes,2025,2026,2030,62051986,16799401.9368423,0.430391328434868,0.149040418992928,0.149040418992928,0,2503789.90349758,2503789.90349758,0,inactive_at_baseline,0.15,0.15
baseline,Russian Federation,Male,htn_no_diabetes,2025,2026,2030,50778735,16740992.5422341,0.299108165368558,0.0961899722420183,0.0961899722420183,0,1610315.60794133,1610315.60794133,0,inactive_at_baseline,0.15,0.15
baseline,Rwanda,Female,htn_no_diabetes,2025,2026,2030,4138857.5,739515.039038856,0.248453062251425,0.0210425779938471,0.0210425779938471,0,15561.302886598,15561.302886598,0,inactive_at_baseline,0.15,0.15
baseline,Rwanda,Male,htn_no_diabetes,2025,2026,2030,3762650,706640.148555145,0.181256705849676,0.0318067334416219,0.0318067334416219,0,22475.9148442416,22475.9148442416,0,inactive_at_baseline,0.15,0.15
baseline,Saint Lucia,Female,htn_no_diabetes,2025,2026,2030,71212,17721.8396066366,0.356429184247594,0.256085949219475,0.256085949219475,0,4538.31411758081,4538.31411758081,0,inactive_at_baseline,0.15,0.15
baseline,Saint Lucia,Male,htn_no_diabetes,2025,2026,2030,68083.5,17587.8541551673,0.285155964215153,0.0777557756087271,0.0777557756087271,0,1367.55724112821,1367.55724112821,0,inactive_at_baseline,0.15,0.15
baseline,Saint Vincent and the Grenadines,Female,htn_no_diabetes,2025,2026,2030,35855,8939.08981784533,0.406156750970933,0.193391056721316,0.193391056721316,0,1728.74002599987,1728.74002599987,0,inactive_at_baseline,0.15,0.15
baseline,Saint Vincent and the Grenadines,Male,htn_no_diabetes,2025,2026,2030,37098.5,8641.10285347036,0.370073700440224,0.0974932904964474,0.0974932904964474,0,842.449550703066,842.449550703066,0,inactive_at_baseline,0.15,0.15
baseline,Samoa,Female,htn_no_diabetes,2025,2026,2030,58425,11459.4489208543,0.417381643427851,0.0372235377051629,0.0372235377051629,0,426.56122898581,426.56122898581,0,inactive_at_baseline,0.15,0.15
baseline,Samoa,Male,htn_no_diabetes,2025,2026,2030,56902.5,12472.1829750416,0.370087767467223,0.0435973389771457,0.0435973389771457,0,543.753988947873,543.753988947873,0,inactive_at_baseline,0.15,0.15
baseline,Sao Tome and Principe,Female,htn_no_diabetes,2025,2026,2030,65055,18508.4480389091,0.271403185310548,0.0735451523860548,0.0735451523860548,0,1361.20663145095,1361.20663145095,0,inactive_at_baseline,0.15,0.15
baseline,Sao Tome and Principe,Male,htn_no_diabetes,2025,2026,2030,62914.5,17001.487593838,0.214777720924124,0.0371489662206919,0.0371489662206919,0,631.587688325,631.587688325,0,inactive_at_baseline,0.15,0.15
baseline,Saudi Arabia,Female,htn_no_diabetes,2025,2026,2030,8701835.5,1134069.65593154,0.34300597852858,0.204597447426646,0.204597447426646,0,232027.756807608,232027.756807608,0,inactive_at_baseline,0.15,0.15
baseline,Saudi Arabia,Male,htn_no_diabetes,2025,2026,2030,15708054.5,3190891.5685649,0.24975859990783,0.152052464089981,0.152052464089981,0,485182.925644236,485182.925644236,0,inactive_at_baseline,0.15,0.15
baseline,Senegal,Female,htn_no_diabetes,2025,2026,2030,5053659.5,1204118.37305363,0.272735667684677,0.0696865104936065,0.0696865104936065,0,83910.8076393464,83910.8076393464,0,inactive_at_baseline,0.15,0.15
baseline,Senegal,Male,htn_no_diabetes,2025,2026,2030,5040091,1145713.81006671,0.224024730681033,0.0381128518974928,0.0381128518974928,0,43666.4207599848,43666.4207599848,0,inactive_at_baseline,0.15,0.15
baseline,Serbia,Female,htn_no_diabetes,2025,2026,2030,2915084,879668.785418285,0.418371021039005,0.250508942148227,0.250508942148227,0,220364.896875951,220364.896875951,0,inactive_at_baseline,0.15,0.15
baseline,Serbia,Male,htn_no_diabetes,2025,2026,2030,2554939,925486.081879669,0.32088502084987,0.146368338316376,0.146368338316376,0,135461.85993966,135461.85993966,0,inactive_at_baseline,0.15,0.15
baseline,Seychelles,Female,htn_no_diabetes,2025,2026,2030,43593,10798.0425319296,0.381252173314952,0.300758389953701,0.300758389953701,0,3247.60188655472,3247.60188655472,0,inactive_at_baseline,0.15,0.15
baseline,Seychelles,Male,htn_no_diabetes,2025,2026,2030,56344.5,16414.7845642047,0.298746206866865,0.140479772408834,0.140479772408834,0,2305.94519971951,2305.94519971951,0,inactive_at_baseline,0.15,0.15
baseline,Sierra Leone,Female,htn_no_diabetes,2025,2026,2030,2385993.5,610460.37990903,0.255479541559211,0.0663181474397014,0.0663181474397014,0,40484.6014809031,40484.6014809031,0,inactive_at_baseline,0.15,0.15
baseline,Sierra Leone,Male,htn_no_diabetes,2025,2026,2030,2334667.5,566097.577275063,0.193602656141489,0.0327601459854579,0.0327601459854579,0,18545.4392735451,18545.4392735451,0,inactive_at_baseline,0.15,0.15
baseline,Singapore,Female,htn_no_diabetes,2025,2026,2030,2395676,418819.637381849,0.371503254726392,0.33944829443916,0.33944829443916,0,142167.611586896,142167.611586896,0,inactive_at_baseline,0.15,0.15
baseline,Singapore,Male,htn_no_diabetes,2025,2026,2030,2562175.5,580320.585009491,0.297868720081017,0.317607399398066,0.317607399398066,0,184314.111822029,184314.111822029,0,inactive_at_baseline,0.15,0.15
baseline,Slovakia,Female,htn_no_diabetes,2025,2026,2030,2275438,669385.884072523,0.349446185070638,0.353510325238567,0.353510325238567,0,236634.821588584,236634.821588584,0,inactive_at_baseline,0.15,0.15
baseline,Slovakia,Male,htn_no_diabetes,2025,2026,2030,2117869,773077.836629128,0.263143720936775,0.26075268042934,0.26075268042934,0,201582.11808156,201582.11808156,0,inactive_at_baseline,0.15,0.15
baseline,Slovenia,Female,htn_no_diabetes,2025,2026,2030,859407,276780.307683539,0.356416472902356,0.230533388214262,0.230533388214262,0,63807.1021212721,63807.1021212721,0,inactive_at_baseline,0.15,0.15
baseline,Slovenia,Male,htn_no_diabetes,2025,2026,2030,861169,334372.339610544,0.274331534142191,0.141725039807303,0.141725039807303,0,47388.9331417654,47388.9331417654,0,inactive_at_baseline,0.15,0.15
baseline,Solomon Islands,Female,htn_no_diabetes,2025,2026,2030,228074,33144.5778768224,0.424299705928496,0.0104509944774776,0.0104509944774776,0,346.393800348998,346.393800348998,0,inactive_at_baseline,0.15,0.15
baseline,Solomon Islands,Male,htn_no_diabetes,2025,2026,2030,234705.5,28332.4433146219,0.367283863757135,0,0,0,0,0,0,inactive_at_baseline,0.15,0.14263190239399
baseline,Somalia,Female,htn_no_diabetes,2025,2026,2030,4470604,968659.05471908,0.241471197041762,0.0653858969398927,0.0653858969398927,0,63336.6411217556,63336.6411217556,0,inactive_at_baseline,0.15,0.15
baseline,Somalia,Male,htn_no_diabetes,2025,2026,2030,4350733.5,921748.656156317,0.191475914198618,0.0596308914660705,0.0596308914660705,0,54964.6940742537,54964.6940742537,0,inactive_at_baseline,0.15,0.15
baseline,South Africa,Female,htn_no_diabetes,2025,2026,2030,22788012.5,5812086.74408878,0.341997697297961,0.247884084107648,0.247884084107648,0,1440723.79931265,1440723.79931265,0,inactive_at_baseline,0.15,0.15
baseline,South Africa,Male,htn_no_diabetes,2025,2026,2030,20943438,5749408.77838433,0.274838236095065,0.123153840537442,0.123153840537442,0,708061.771877714,708061.771877714,0,inactive_at_baseline,0.15,0.15
baseline,South Sudan,Female,htn_no_diabetes,2025,2026,2030,3278193.5,667005.650200747,0.284661785851502,0.0891165568581657,0.0891165568581657,0,59441.2469508327,59441.2469508327,0,inactive_at_baseline,0.15,0.15
baseline,South Sudan,Male,htn_no_diabetes,2025,2026,2030,3017458,629719.19552298,0.197279025071392,0.0631566355115362,0.0631566355115362,0,39770.9457062626,39770.9457062626,0,inactive_at_baseline,0.15,0.15
baseline,Spain,Female,htn_no_diabetes,2025,2026,2030,20446366.5,4154328.99458213,0.355179126396273,0.291921221859733,0.291921221859733,0,1212736.79610573,1212736.79610573,0,inactive_at_baseline,0.15,0.15
baseline,Spain,Male,htn_no_diabetes,2025,2026,2030,19337635.5,5395414.7582562,0.288945765414306,0.251769784876729,0.251769784876729,0,1358402.41300689,1358402.41300689,0,inactive_at_baseline,0.15,0.15
baseline,Sri Lanka,Female,htn_no_diabetes,2025,2026,2030,8807415.5,1940894.30369185,0.403182545366129,0.115304289826224,0.115304289826224,0,223793.439314952,223793.439314952,0,inactive_at_baseline,0.15,0.15
baseline,Sri Lanka,Male,htn_no_diabetes,2025,2026,2030,7935572.5,1733577.18710282,0.340734110316281,0.0785275516473409,0.0785275516473409,0,136133.572094869,136133.572094869,0,inactive_at_baseline,0.15,0.15
baseline,Sudan,Female,htn_no_diabetes,2025,2026,2030,13583720,3628890.33402657,0.246149318468432,0.059834860706194,0.059834860706194,0,217134.147654534,217134.147654534,0,inactive_at_baseline,0.15,0.15
baseline,Sudan,Male,htn_no_diabetes,2025,2026,2030,12819208,3296727.26279053,0.190670970782476,0.035431919418285,0.035431919418285,0,116809.374719257,116809.374719257,0,inactive_at_baseline,0.15,0.15
baseline,Suriname,Female,htn_no_diabetes,2025,2026,2030,219111,57560.0495063197,0.339029613763467,0.188453547936338,0.188453547936338,0,10847.3955488572,10847.3955488572,0,inactive_at_baseline,0.15,0.15
baseline,Suriname,Male,htn_no_diabetes,2025,2026,2030,214766.5,56648.4607478816,0.304872115663374,0.135676751654258,0.135676751654258,0,7685.87914048631,7685.87914048631,0,inactive_at_baseline,0.15,0.15
baseline,Sweden,Female,htn_no_diabetes,2025,2026,2030,4175905,845301.88572316,0.382115805819252,0.134852108868395,0.134852108868395,0,113990.741920199,113990.741920199,0,inactive_at_baseline,0.15,0.15
baseline,Sweden,Male,htn_no_diabetes,2025,2026,2030,4190666,1066742.67903172,0.361102498203853,0.150536244696627,0.150536244696627,0,160583.436959054,160583.436959054,0,inactive_at_baseline,0.15,0.15
baseline,Switzerland,Female,htn_no_diabetes,2025,2026,2030,3688081,566587.367369522,0.383527517125472,0.336752980222715,0.336752980222715,0,190799.984518229,190799.984518229,0,inactive_at_baseline,0.15,0.15
baseline,Switzerland,Male,htn_no_diabetes,2025,2026,2030,3588272,757278.205700297,0.351857263970383,0.299054757586823,0.299054757586823,0,226467.650231487,226467.650231487,0,inactive_at_baseline,0.15,0.15
baseline,Syrian Arab Republic,Female,htn_no_diabetes,2025,2026,2030,8069505.5,1631515.30156594,0.320993215492518,0.196998128113878,0.196998128113878,0,321405.46039764,321405.46039764,0,inactive_at_baseline,0.15,0.15
baseline,Syrian Arab Republic,Male,htn_no_diabetes,2025,2026,2030,7875258.5,2007578.6334814,0.229186084508026,0.131180559564571,0.131180559564571,0,263355.288509968,263355.288509968,0,inactive_at_baseline,0.15,0.15
baseline,Tajikistan,Female,htn_no_diabetes,2025,2026,2030,3167650.5,713441.382703269,0.314158236598512,0.0511509771738909,0.0511509771738909,0,36493.223881564,36493.223881564,0,inactive_at_baseline,0.15,0.15
baseline,Tajikistan,Male,htn_no_diabetes,2025,2026,2030,2938682.5,923464.86149885,0.256311984585067,0.014129950909337,0.014129950909337,0,13048.5131594764,13048.5131594764,0,inactive_at_baseline,0.15,0.15
baseline,Tanzania,Female,htn_no_diabetes,2025,2026,2030,17724197,3664281.79490764,0.228976418407545,0.0456562671773516,0.0456562671773516,0,167297.428641409,167297.428641409,0,inactive_at_baseline,0.15,0.15
baseline,Tanzania,Male,htn_no_diabetes,2025,2026,2030,16793901.5,3213597.26290192,0.17615636315443,0.033705031810134,0.033705031810134,0,108314.397971069,108314.397971069,0,inactive_at_baseline,0.15,0.15
baseline,Thailand,Female,htn_no_diabetes,2025,2026,2030,30139128.5,6223291.0275599,0.359212960743709,0.244569400110307,0.244569400110307,0,1522026.55332218,1522026.55332218,0,inactive_at_baseline,0.15,0.15
baseline,Thailand,Male,htn_no_diabetes,2025,2026,2030,27794681.5,5848524.58714874,0.294249039814907,0.175888502442416,0.175888502442416,0,1028688.23113124,1028688.23113124,0,inactive_at_baseline,0.15,0.15
baseline,Timor-Leste,Female,htn_no_diabetes,2025,2026,2030,411810,95049.2273660097,0.26495111080196,0.065626338722539,0.065626338722539,0,6237.73279043738,6237.73279043738,0,inactive_at_baseline,0.15,0.15
baseline,Timor-Leste,Male,htn_no_diabetes,2025,2026,2030,413587,89230.2578425418,0.243726977775872,0.0828425912906692,0.0828425912906692,0,7392.06578121072,7392.06578121072,0,inactive_at_baseline,0.15,0.15
baseline,Togo,Female,htn_no_diabetes,2025,2026,2030,2521841,548481.652025092,0.254204193872075,0.0918566363247387,0.0918566363247387,0,50381.6796408607,50381.6796408607,0,inactive_at_baseline,0.15,0.15
baseline,Togo,Male,htn_no_diabetes,2025,2026,2030,2542448,561465.874141675,0.204206971696529,0.0217334059100803,0.0217334059100803,0,12202.5657473791,12202.5657473791,0,inactive_at_baseline,0.15,0.15
baseline,Tonga,Female,htn_no_diabetes,2025,2026,2030,32313.5,7135.52537179966,0.463841232129796,0.0461798198169756,0.0461798198169756,0,329.517275969166,329.517275969166,0,inactive_at_baseline,0.15,0.15
baseline,Tonga,Male,htn_no_diabetes,2025,2026,2030,25702,5510.72270196276,0.412557253901722,0.00605455230615962,0.00605455230615962,0,33.3649588437748,33.3649588437748,0,inactive_at_baseline,0.15,0.15
baseline,Trinidad and Tobago,Female,htn_no_diabetes,2025,2026,2030,597491.5,153923.500120788,0.391941177612257,0.185972018583834,0.185972018583834,0,28625.464024952,28625.464024952,0,inactive_at_baseline,0.15,0.15
baseline,Trinidad and Tobago,Male,htn_no_diabetes,2025,2026,2030,573181,153883.330294549,0.364293832291484,0.118506254475395,0.118506254475395,0,18236.1370994071,18236.1370994071,0,inactive_at_baseline,0.15,0.15
baseline,Tunisia,Female,htn_no_diabetes,2025,2026,2030,4473072.5,912876.174759093,0.389003893040855,0.126942491695655,0.126942491695655,0,115882.776233517,115882.776233517,0,inactive_at_baseline,0.15,0.15
baseline,Tunisia,Male,htn_no_diabetes,2025,2026,2030,4220651,965685.243381922,0.295105345764179,0.0586592623560821,0.0586592623560821,0,56646.3840449371,56646.3840449371,0,inactive_at_baseline,0.15,0.15
baseline,Turkey,Female,htn_no_diabetes,2025,2026,2030,32397930.5,6525657.6852435,0.390328541853969,0.300856895921297,0.300856895921297,0,1963289.11502731,1963289.11502731,0,inactive_at_baseline,0.15,0.15
baseline,Turkey,Male,htn_no_diabetes,2025,2026,2030,31751575.5,6310942.00953132,0.299578645604827,0.236936707508259,0.236936707508259,0,1495293.82101391,1495293.82101391,0,inactive_at_baseline,0.15,0.15
baseline,Turkmenistan,Female,htn_no_diabetes,2025,2026,2030,2480627.5,557821.293289791,0.342767814826483,0.0871385866017075,0.0871385866017075,0,48607.7590736089,48607.7590736089,0,inactive_at_baseline,0.15,0.15
baseline,Turkmenistan,Male,htn_no_diabetes,2025,2026,2030,2279282,484881.465823135,0.282153547156941,0.0442284238580741,0.0442284238580741,0,21445.5429913499,21445.5429913499,0,inactive_at_baseline,0.15,0.15
baseline,Uganda,Female,htn_no_diabetes,2025,2026,2030,12507067,2584053.09203385,0.201765989315765,0.055517017018381,0.055517017018381,0,143458.919486843,143458.919486843,0,inactive_at_baseline,0.15,0.15
baseline,Uganda,Male,htn_no_diabetes,2025,2026,2030,11918712.5,2504357.92211597,0.159288656667595,0.0410569750672208,0.0410569750672208,0,102821.360767712,102821.360767712,0,inactive_at_baseline,0.15,0.15
baseline,Ukraine,Female,htn_no_diabetes,2025,2026,2030,17369356.5,4976111.99610867,0.404214898532207,0.112036899916623,0.112036899916623,0,557508.161681934,557508.161681934,0,inactive_at_baseline,0.15,0.15
baseline,Ukraine,Male,htn_no_diabetes,2025,2026,2030,14484021.5,4526184.33649918,0.304594173667838,0.0549774534676483,0.0549774534676483,0,248838.088745882,248838.088745882,0,inactive_at_baseline,0.15,0.15
baseline,United Arab Emirates,Female,htn_no_diabetes,2025,2026,2030,3019650,458345.639068839,0.313102360298914,0.199023512412265,0.199023512412265,0,91221.5589863245,91221.5589863245,0,inactive_at_baseline,0.15,0.15
baseline,United Arab Emirates,Male,htn_no_diabetes,2025,2026,2030,6123736,1557380.43631262,0.224000386510727,0.149626530277324,0.149626530277324,0,233025.431007242,233025.431007242,0,inactive_at_baseline,0.15,0.15
baseline,United Kingdom,Female,htn_no_diabetes,2025,2026,2030,27891787.5,5470474.06691485,0.339152177310694,0.241452175242281,0.241452175242281,0,1320857.86306308,1320857.86306308,0,inactive_at_baseline,0.15,0.15
baseline,United Kingdom,Male,htn_no_diabetes,2025,2026,2030,26469240,6267860.30039913,0.286448779558781,0.263376419248647,0.263376419248647,0,1650806.60226987,1650806.60226987,0,inactive_at_baseline,0.15,0.15
baseline,United States,Female,htn_no_diabetes,2025,2026,2030,135029185,28535566.2831771,0.389171959372562,0.451643470928305,0.451643470928305,0,12887902.2010388,12887902.2010388,0,inactive_at_baseline,0.15,0.15
baseline,United States,Male,htn_no_diabetes,2025,2026,2030,134681241,32005068.2856882,0.340960055004095,0.397308830637753,0.397308830637753,0,12715896.2550682,12715896.2550682,0,inactive_at_baseline,0.15,0.15
baseline,Uruguay,Female,htn_no_diabetes,2025,2026,2030,1356764.5,362735.710454012,0.377821852930059,0.277046412801424,0.277046412801424,0,100494.62737626,100494.62737626,0,inactive_at_baseline,0.15,0.15
baseline,Uruguay,Male,htn_no_diabetes,2025,2026,2030,1236352,398590.303938325,0.287580322374324,0.206196161420817,0.206196161420817,0,82187.7906516395,82187.7906516395,0,inactive_at_baseline,0.15,0.15
baseline,Uzbekistan,Female,htn_no_diabetes,2025,2026,2030,11620159,3033564.04842225,0.338181920783296,0.166498240788364,0.166498240788364,0,505083.077381131,505083.077381131,0,inactive_at_baseline,0.15,0.15
baseline,Uzbekistan,Male,htn_no_diabetes,2025,2026,2030,11464160.5,3415679.67756334,0.277202851087944,0.0713561661512494,0.0713561661512494,0,243729.806591656,243729.806591656,0,inactive_at_baseline,0.15,0.15
baseline,Vanuatu,Female,htn_no_diabetes,2025,2026,2030,91194,18099.4567405295,0.406000634618235,0.000532439955398353,0.000532439955398353,0,9.63687393966195,9.63687393966195,0,inactive_at_baseline,0.15,0.15
baseline,Vanuatu,Male,htn_no_diabetes,2025,2026,2030,89621,18346.707775438,0.354766864802506,0,0,0,0,0,0,inactive_at_baseline,0.15,0.101513799476357
baseline,Venezuela (Bolivarian Republic of),Female,htn_no_diabetes,2025,2026,2030,9902077,2492206.09016247,0.34131774738841,0.344783111795857,0.344783111795857,0,859270.5710028,859270.5710028,0,inactive_at_baseline,0.15,0.15
baseline,Venezuela (Bolivarian Republic of),Male,htn_no_diabetes,2025,2026,2030,9309412.5,2418471.15144626,0.300106972892915,0.208383766520007,0.208383766520007,0,503970.12775835,503970.12775835,0,inactive_at_baseline,0.15,0.15
baseline,Viet Nam,Female,htn_no_diabetes,2025,2026,2030,37636568.5,6158626.69745492,0.363420553771913,0.095308553756167,0.095308553756167,0,586969.803658548,586969.803658548,0,inactive_at_baseline,0.15,0.15
baseline,Viet Nam,Male,htn_no_diabetes,2025,2026,2030,34682757,7422920.6977207,0.285044431161526,0.0644623477366712,0.0644623477366712,0,478498.895238205,478498.895238205,0,inactive_at_baseline,0.15,0.15
baseline,Yemen,Female,htn_no_diabetes,2025,2026,2030,10560059.5,1663299.43598035,0.253409211824213,0.159956645296974,0.159956645296974,0,266055.797903766,266055.797903766,0,inactive_at_baseline,0.15,0.15
baseline,Yemen,Male,htn_no_diabetes,2025,2026,2030,10618497.5,1740373.65269523,0.189009337915826,0.102953768824495,0.102953768824495,0,179178.026707827,179178.026707827,0,inactive_at_baseline,0.15,0.15
baseline,Zambia,Female,htn_no_diabetes,2025,2026,2030,5568342,951861.16225977,0.243249901627704,0.0827653964943844,0.0827653964943844,0,78781.1665020355,78781.1665020355,0,inactive_at_baseline,0.15,0.15
baseline,Zambia,Male,htn_no_diabetes,2025,2026,2030,5357895.5,1025486.13176121,0.177489719818625,0.039448942053271,0.039448942053271,0,40454.342988281,40454.342988281,0,inactive_at_baseline,0.15,0.15
baseline,Zimbabwe,Female,htn_no_diabetes,2025,2026,2030,4675795.5,1236702.27087721,0.286156172286157,0.146563404427426,0.146563404427426,0,181255.295082893,181255.295082893,0,inactive_at_baseline,0.15,0.15
baseline,Zimbabwe,Male,htn_no_diabetes,2025,2026,2030,3849027,841645.662514051,0.236198772602801,0.0884140331677369,0.0884140331677369,0,74413.2875209992,74413.2875209992,0,inactive_at_baseline,0.15,0.15
baseline,Afghanistan,Female,htn_diabetes,2025,2026,2030,10656400,1116358.35089978,0.288116944917646,0.280085711511268,0.280085711511268,0,312676.02301331,312676.02301331,0,inactive_at_baseline,0.15,0.15
baseline,Afghanistan,Male,htn_diabetes,2025,2026,2030,10584668.5,584367.946377141,0.206915093397397,0.217564526875106,0.217564526875106,0,127137.73577452,127137.73577452,0,inactive_at_baseline,0.15,0.15
baseline,Albania,Female,htn_diabetes,2025,2026,2030,1119803,144985.960199705,0.296321263909921,0.220977657747678,0.220977657747678,0,32038.6578912289,32038.6578912289,0,inactive_at_baseline,0.15,0.15
baseline,Albania,Male,htn_diabetes,2025,2026,2030,1063013.5,105782.130690109,0.23311824821873,0.168207275890935,0.168207275890935,0,17793.3240413221,17793.3240413221,0,inactive_at_baseline,0.15,0.15
baseline,Algeria,Female,htn_diabetes,2025,2026,2030,14751664,1825433.40011571,0.378580542968894,0.297025627784635,0.297025627784635,0,542200.501648409,542200.501648409,0,inactive_at_baseline,0.15,0.15
baseline,Algeria,Male,htn_diabetes,2025,2026,2030,15328527.5,1309090.30331503,0.27594218781711,0.219573571383963,0.219573571383963,0,287441.633162997,287441.633162997,0,inactive_at_baseline,0.15,0.15
baseline,Andorra,Female,htn_diabetes,2025,2026,2030,34136.5,3188.49283583364,0.298406149800026,0.479783553948763,0.479783553948763,0,1529.78642451643,1529.78642451643,0,inactive_at_baseline,0.15,0.15
baseline,Andorra,Male,htn_diabetes,2025,2026,2030,35615.5,3619.21262510616,0.261162859582898,0.409103133669997,0.409103133669997,0,1480.63122634895,1480.63122634895,0,inactive_at_baseline,0.15,0.15
baseline,Angola,Female,htn_diabetes,2025,2026,2030,9454084.5,837784.612697362,0.276026424413656,0.24273700928157,0.24273700928157,0,203361.331308276,203361.331308276,0,inactive_at_baseline,0.15,0.15
baseline,Angola,Male,htn_diabetes,2025,2026,2030,8954924.5,657771.796934606,0.263834825544535,0.202961461492706,0.202961461492706,0,133502.325234531,133502.325234531,0,inactive_at_baseline,0.15,0.15
baseline,Antigua and Barbuda,Female,htn_diabetes,2025,2026,2030,38630,6047.68393522648,0.355415158778058,0.37070126115299,0.37070126115299,0,2241.88406184314,2241.88406184314,0,inactive_at_baseline,0.15,0.15
baseline,Antigua and Barbuda,Male,htn_diabetes,2025,2026,2030,33803.5,4082.30556934343,0.298166557675434,0.286628967501129,0.286628967501129,0,1170.10703036502,1170.10703036502,0,inactive_at_baseline,0.15,0.15
baseline,Argentina,Female,htn_diabetes,2025,2026,2030,16991234.5,2205939.24586557,0.315857537146284,0.297009872700032,0.297009872700032,0,655185.734598537,655185.734598537,0,inactive_at_baseline,0.15,0.15
baseline,Argentina,Male,htn_diabetes,2025,2026,2030,16332211,2049241.11401124,0.245154637778431,0.223125738899243,0.223125738899243,0,457238.437746466,457238.437746466,0,inactive_at_baseline,0.15,0.15
baseline,Armenia,Female,htn_diabetes,2025,2026,2030,1237586,249889.283316695,0.416766981424112,0.188008309922527,0.188008309922527,0,46981.2618241233,46981.2618241233,0,inactive_at_baseline,0.15,0.15
baseline,Armenia,Male,htn_diabetes,2025,2026,2030,999336.5,153024.088585091,0.328133741934919,0.173553771483531,0.173553771483531,0,26557.9077017725,26557.9077017725,0,inactive_at_baseline,0.15,0.15
baseline,Australia,Female,htn_diabetes,2025,2026,2030,10622094.5,1086282.78363981,0.328767459149663,0.371144439483557,0.371144439483557,0,403167.814854633,403167.814854633,0,inactive_at_baseline,0.15,0.15
baseline,Australia,Male,htn_diabetes,2025,2026,2030,10251233.5,941874.945234041,0.265291708032925,0.35887749157973,0.35887749157973,0,338017.717727388,338017.717727388,0,inactive_at_baseline,0.15,0.15
baseline,Austria,Female,htn_diabetes,2025,2026,2030,3829405,492637.816840316,0.332288306457589,0.370946939248543,0.370946939248543,0,182742.490314999,182742.490314999,0,inactive_at_baseline,0.15,0.15
baseline,Austria,Male,htn_diabetes,2025,2026,2030,3647096.5,440712.398885178,0.286684581934179,0.381940464922039,0.381940464922039,0,168325.898527112,168325.898527112,0,inactive_at_baseline,0.15,0.15
baseline,Azerbaijan,Female,htn_diabetes,2025,2026,2030,3950832,579416.421488688,0.36572520475046,0.273234548410083,0.273234548410083,0,158316.584266848,158316.584266848,0,inactive_at_baseline,0.15,0.15
baseline,Azerbaijan,Male,htn_diabetes,2025,2026,2030,3600166,417969.67530858,0.323697792995275,0.189614366209945,0.189614366209945,0,79253.0550786131,79253.0550786131,0,inactive_at_baseline,0.15,0.15
baseline,Bahamas,Female,htn_diabetes,2025,2026,2030,164326,23169.9102756013,0.326027315326277,0.376475126470149,0.376475126470149,0,8722.89490130901,8722.89490130901,0,inactive_at_baseline,0.15,0.15
baseline,Bahamas,Male,htn_diabetes,2025,2026,2030,144907,18313.721052223,0.288191586856383,0.276218217261114,0.276218217261114,0,5058.58338046237,5058.58338046237,0,inactive_at_baseline,0.15,0.15
baseline,Bahrain,Female,htn_diabetes,2025,2026,2030,439854,45971.0374129199,0.386080035007626,0.336712974582785,0.336712974582785,0,15479.0447519607,15479.0447519607,0,inactive_at_baseline,0.15,0.15
baseline,Bahrain,Male,htn_diabetes,2025,2026,2030,828704,70272.592361309,0.268169590441785,0.274074239993756,0.274074239993756,0,19259.9073438168,19259.9073438168,0,inactive_at_baseline,0.15,0.15
baseline,Bangladesh,Female,htn_diabetes,2025,2026,2030,59223138.5,3844673.00444349,0.219874659115649,0.267667144030192,0.267667144030192,0,1029092.64282936,1029092.64282936,0,inactive_at_baseline,0.15,0.15
baseline,Bangladesh,Male,htn_diabetes,2025,2026,2030,54363605,2416532.36036487,0.215322552979708,0.258153543737481,0.258153543737481,0,623836.392384492,623836.392384492,0,inactive_at_baseline,0.15,0.15
baseline,Barbados,Female,htn_diabetes,2025,2026,2030,116219.5,22188.9028904259,0.397122004010239,0.467851986363151,0.467851986363151,0,10381.1222925048,10381.1222925048,0,inactive_at_baseline,0.15,0.15
baseline,Barbados,Male,htn_diabetes,2025,2026,2030,103510.5,14801.5572591194,0.341958504975447,0.387384895347905,0.387384895347905,0,5733.89970981,5733.89970981,0,inactive_at_baseline,0.15,0.15
baseline,Belarus,Female,htn_diabetes,2025,2026,2030,3909680,806552.587759894,0.380107069411175,0.229791434911365,0.229791434911365,0,185338.876472821,185338.876472821,0,inactive_at_baseline,0.15,0.15
baseline,Belarus,Male,htn_diabetes,2025,2026,2030,3241931.5,470946.05177637,0.280198360573235,0.173940389259268,0.173940389259268,0,81916.539566097,81916.539566097,0,inactive_at_baseline,0.15,0.15
baseline,Belgium,Female,htn_diabetes,2025,2026,2030,4782953,602212.093750547,0.363411341036508,0.518649991968676,0.518649991968676,0,312337.297587161,312337.297587161,0,inactive_at_baseline,0.15,0.15
baseline,Belgium,Male,htn_diabetes,2025,2026,2030,4571695.5,541220.450535704,0.308042053060249,0.450976051202218,0.450976051202218,0,244077.461612477,244077.461612477,0,inactive_at_baseline,0.15,0.15
baseline,Belize,Female,htn_diabetes,2025,2026,2030,140619,13093.7466300447,0.304688567556802,0.371386629728861,0.371386629728861,0,4862.84243145594,4862.84243145594,0,inactive_at_baseline,0.15,0.15
baseline,Belize,Male,htn_diabetes,2025,2026,2030,141068,11030.6193828808,0.24518325621494,0.272433270720606,0.272433270720606,0,3005.10771655233,3005.10771655233,0,inactive_at_baseline,0.15,0.15
baseline,Benin,Female,htn_diabetes,2025,2026,2030,3738262,259888.723833711,0.300504265431333,0.207143526273383,0.207143526273383,0,53834.2666936044,53834.2666936044,0,inactive_at_baseline,0.15,0.15
baseline,Benin,Male,htn_diabetes,2025,2026,2030,3683484.5,176854.815447268,0.21200580430093,0.199118465825372,0.199118465825372,0,35215.0595256894,35215.0595256894,0,inactive_at_baseline,0.15,0.15
baseline,Bhutan,Female,htn_diabetes,2025,2026,2030,267843.5,22823.4909008089,0.230571096323801,0.222618931371304,0.222618931371304,0,5080.94115450075,5080.94115450075,0,inactive_at_baseline,0.15,0.15
baseline,Bhutan,Male,htn_diabetes,2025,2026,2030,314056.5,24899.3843206277,0.20223139413412,0.18904142783126,0.18904142783126,0,4707.01516409073,4707.01516409073,0,inactive_at_baseline,0.15,0.15
baseline,Bolivia,Female,htn_diabetes,2025,2026,2030,3989287,246842.048513533,0.288227077816936,0.443758218319368,0.443758218319368,0,109538.187654668,109538.187654668,0,inactive_at_baseline,0.15,0.15
baseline,Bolivia,Male,htn_diabetes,2025,2026,2030,3933289,221518.274398891,0.233818868809144,0.308020611299355,0.308020611299355,0,68232.1942943248,68232.1942943248,0,inactive_at_baseline,0.15,0.15
baseline,Bosnia and Herzegovina,Female,htn_diabetes,2025,2026,2030,1388219.5,311268.063063303,0.425453090826479,0.300863642284951,0.300863642284951,0,93649.2431802073,93649.2431802073,0,inactive_at_baseline,0.15,0.15
baseline,Bosnia and Herzegovina,Male,htn_diabetes,2025,2026,2030,1220047.5,208313.825243039,0.336845171043919,0.216768350525521,0.216768350525521,0,45155.8442895952,45155.8442895952,0,inactive_at_baseline,0.15,0.15
baseline,Botswana,Female,htn_diabetes,2025,2026,2030,782811.5,86420.9522571804,0.293933190652956,0.330188575844868,0.330188575844868,0,28535.2111489557,28535.2111489557,0,inactive_at_baseline,0.15,0.15
baseline,Botswana,Male,htn_diabetes,2025,2026,2030,766563.5,62200.1203818507,0.246620828656797,0.246046710425135,0.246046710425135,0,15304.1350080018,15304.1350080018,0,inactive_at_baseline,0.15,0.15
baseline,Brazil,Female,htn_diabetes,2025,2026,2030,82212314,8727604.42649317,0.257009028781802,0.500893876411035,0.500893876411035,0,4371603.61296827,4371603.61296827,0,inactive_at_baseline,0.15,0.15
baseline,Brazil,Male,htn_diabetes,2025,2026,2030,77657112,6903766.43281035,0.194808957901381,0.401572145666599,0.401572145666599,0,2772360.29960469,2772360.29960469,0,inactive_at_baseline,0.15,0.15
baseline,Brunei Darussalam,Female,htn_diabetes,2025,2026,2030,160698,23237.0634525017,0.356302839443615,0.446359015102259,0.446359015102259,0,10372.0727565273,10372.0727565273,0,inactive_at_baseline,0.15,0.15
baseline,Brunei Darussalam,Male,htn_diabetes,2025,2026,2030,184517.5,24916.1089171443,0.324077136517538,0.357018799684744,0.357018799684744,0,8895.51929841322,8895.51929841322,0,inactive_at_baseline,0.15,0.15
baseline,Bulgaria,Female,htn_diabetes,2025,2026,2030,2859678,522412.535043212,0.361934847598705,0.376625499307954,0.376625499307954,0,196753.881855384,196753.881855384,0,inactive_at_baseline,0.15,0.15
baseline,Bulgaria,Male,htn_diabetes,2025,2026,2030,2608251.5,375337.939466163,0.272241196030903,0.2933680679864,0.2933680679864,0,110112.166143184,110112.166143184,0,inactive_at_baseline,0.15,0.15
baseline,Burkina Faso,Female,htn_diabetes,2025,2026,2030,6083031.5,361703.203094868,0.252946997604433,0.223624499110918,0.223624499110918,0,80885.6976189045,80885.6976189045,0,inactive_at_baseline,0.15,0.15
baseline,Burkina Faso,Male,htn_diabetes,2025,2026,2030,5816630.5,242136.029000526,0.193321346416144,0.18019351906582,0.18019351906582,0,43631.3431582283,43631.3431582283,0,inactive_at_baseline,0.15,0.15
baseline,Burundi,Female,htn_diabetes,2025,2026,2030,3398525,205710.611556662,0.231856717435163,0.248038566498679,0.248038566498679,0,51024.1652040808,51024.1652040808,0,inactive_at_baseline,0.15,0.15
baseline,Burundi,Male,htn_diabetes,2025,2026,2030,3266953,151578.348237154,0.184630148223236,0.214475859366617,0.214475859366617,0,32509.8964995361,32509.8964995361,0,inactive_at_baseline,0.15,0.15
baseline,Cabo Verde,Female,htn_diabetes,2025,2026,2030,177016,21833.6651544336,0.346833969216931,0.292446078994336,0.292446078994336,0,6385.16976448936,6385.16976448936,0,inactive_at_baseline,0.15,0.15
baseline,Cabo Verde,Male,htn_diabetes,2025,2026,2030,181185,16461.6107443197,0.227310649083238,0.201462442587158,0.201462442587158,0,3316.39630946965,3316.39630946965,0,inactive_at_baseline,0.15,0.15
baseline,Cambodia,Female,htn_diabetes,2025,2026,2030,5871047,398466.116558424,0.314526753106943,0.368429312744207,0.368429312744207,0,146806.597475473,146806.597475473,0,inactive_at_baseline,0.15,0.15
baseline,Cambodia,Male,htn_diabetes,2025,2026,2030,5384942,298736.285885733,0.259523574134363,0.275471480681264,0.275471480681264,0,82293.3270061643,82293.3270061643,0,inactive_at_baseline,0.15,0.15
baseline,Cameroon,Female,htn_diabetes,2025,2026,2030,7586438,553516.52158334,0.259906861178751,0.213652340519403,0.213652340519403,0,118260.100352439,118260.100352439,0,inactive_at_baseline,0.15,0.15
baseline,Cameroon,Male,htn_diabetes,2025,2026,2030,7383628,387507.568624948,0.206691765282523,0.162352895291117,0.162352895291117,0,62912.9757134814,62912.9757134814,0,inactive_at_baseline,0.15,0.15
baseline,Canada,Female,htn_diabetes,2025,2026,2030,16404298,1426283.92903667,0.334144775627451,0.668762446381986,0.668762446381986,0,953845.129617876,953845.129617876,0,inactive_at_baseline,0.15,0.15
baseline,Canada,Male,htn_diabetes,2025,2026,2030,15954765.5,1506905.1554132,0.328321706513712,0.741223735382266,0.741223735382266,0,1116953.86816217,1116953.86816217,0,inactive_at_baseline,0.15,0.15
baseline,Central African Republic,Female,htn_diabetes,2025,2026,2030,1259422.5,103644.004476381,0.284233435526141,0.168881553167077,0.168881553167077,0,17503.5604524266,17503.5604524266,0,inactive_at_baseline,0.15,0.15
baseline,Central African Republic,Male,htn_diabetes,2025,2026,2030,1023279,67175.0128420001,0.254410682726743,0.161314742624044,0.161314742624044,0,10836.3199073741,10836.3199073741,0,inactive_at_baseline,0.15,0.15
baseline,Chad,Female,htn_diabetes,2025,2026,2030,4796415,338019.110965549,0.23183112488282,0.243661496995815,0.243661496995815,0,82362.2425910602,82362.2425910602,0,inactive_at_baseline,0.15,0.15
baseline,Chad,Male,htn_diabetes,2025,2026,2030,4708514,230744.574349477,0.187383149158477,0.212426651849767,0.212426651849767,0,49016.297361559,49016.297361559,0,inactive_at_baseline,0.15,0.15
baseline,Chile,Female,htn_diabetes,2025,2026,2030,7894715.5,958292.827804582,0.348833623919168,0.51580439624623,0.51580439624623,0,494291.653472835,494291.653472835,0,inactive_at_baseline,0.15,0.15
baseline,Chile,Male,htn_diabetes,2025,2026,2030,7695890.5,858054.774509422,0.287596475883708,0.373607807723518,0.373607807723518,0,320575.963211163,320575.963211163,0,inactive_at_baseline,0.15,0.15
baseline,China,Female,htn_diabetes,2025,2026,2030,561666473.5,43358591.8640464,0.279017013042484,0.286267154715485,0.286267154715485,0,12412140.7253905,12412140.7253905,0,inactive_at_baseline,0.15,0.15
baseline,China,Male,htn_diabetes,2025,2026,2030,567724824.5,37002010.6350033,0.211370620410247,0.257311200727386,0.257311200727386,0,9521031.78582019,9521031.78582019,0,inactive_at_baseline,0.15,0.15
baseline,Colombia,Female,htn_diabetes,2025,2026,2030,20313225.5,1817407.52955163,0.310723657653871,0.513357975437904,0.513357975437904,0,932980.64991623,932980.64991623,0,inactive_at_baseline,0.15,0.15
baseline,Colombia,Male,htn_diabetes,2025,2026,2030,19322909,1396667.9233298,0.255416227628668,0.351408012490324,0.351408012490324,0,490800.299046311,490800.299046311,0,inactive_at_baseline,0.15,0.15
baseline,Comoros,Female,htn_diabetes,2025,2026,2030,242865,19274.7588648462,0.273836630393999,0.237775129623091,0.237775129623091,0,4583.05828754262,4583.05828754262,0,inactive_at_baseline,0.15,0.15
baseline,Comoros,Male,htn_diabetes,2025,2026,2030,241785,13614.4445817886,0.230894086205327,0.209447407353622,0.209447407353622,0,2851.5101202152,2851.5101202152,0,inactive_at_baseline,0.15,0.15
baseline,Congo,Female,htn_diabetes,2025,2026,2030,1672142,167864.236304891,0.305887249921217,0.216064273589853,0.216064273589853,0,36269.4642789318,36269.4642789318,0,inactive_at_baseline,0.15,0.15
baseline,Congo,Male,htn_diabetes,2025,2026,2030,1643888.5,129978.952831181,0.26320878521085,0.186678052774055,0.186678052774055,0,24264.2178161356,24264.2178161356,0,inactive_at_baseline,0.15,0.15
baseline,Costa Rica,Female,htn_diabetes,2025,2026,2030,2003858.5,248094.280230493,0.316282718030832,0.637839373152721,0.637839373152721,0,158244.300184993,158244.300184993,0,inactive_at_baseline,0.15,0.15
baseline,Costa Rica,Male,htn_diabetes,2025,2026,2030,1915980,193297.203400911,0.290939940673689,0.560853931577756,0.560853931577756,0,108411.496490386,108411.496490386,0,inactive_at_baseline,0.15,0.15
baseline,Croatia,Female,htn_diabetes,2025,2026,2030,1654357,348072.487819243,0.37788833582198,0.340257256025617,0.340257256025617,0,118434.189603386,118434.189603386,0,inactive_at_baseline,0.15,0.15
baseline,Croatia,Male,htn_diabetes,2025,2026,2030,1500058.5,256860.601370725,0.305518894683859,0.250483186360695,0.250483186360695,0,64339.2618818635,64339.2618818635,0,inactive_at_baseline,0.15,0.15
baseline,Cuba,Female,htn_diabetes,2025,2026,2030,4518655,635324.300318036,0.312976207672578,0.483208194863444,0.483208194863444,0,306993.908309559,306993.908309559,0,inactive_at_baseline,0.15,0.15
baseline,Cuba,Male,htn_diabetes,2025,2026,2030,4302829,485740.350313104,0.265753667467407,0.386015792791651,0.386015792791651,0,187503.446417007,187503.446417007,0,inactive_at_baseline,0.15,0.15
baseline,Cyprus,Female,htn_diabetes,2025,2026,2030,546996,54765.7095235315,0.345841095625722,0.474426614975156,0.474426614975156,0,25982.3101859617,25982.3101859617,0,inactive_at_baseline,0.15,0.15
baseline,Cyprus,Male,htn_diabetes,2025,2026,2030,548979.5,59714.9001625024,0.309330234923672,0.403802695391808,0.403802695391808,0,24113.0376406712,24113.0376406712,0,inactive_at_baseline,0.15,0.15
baseline,Czechia,Female,htn_diabetes,2025,2026,2030,4364241,746290.804102259,0.401682676165208,0.513738203534813,0.513738203534813,0,383398.097014046,383398.097014046,0,inactive_at_baseline,0.15,0.15
baseline,Czechia,Male,htn_diabetes,2025,2026,2030,4169023,736529.097074113,0.332700647659766,0.406818993566408,0.406818993566408,0,299634.026004066,299634.026004066,0,inactive_at_baseline,0.15,0.15
baseline,Democratic People's Republic of Korea,Female,htn_diabetes,2025,2026,2030,10332960,792350.867806955,0.286444265141714,0.355440426352842,0.355440426352842,0,281633.530274348,281633.530274348,0,inactive_at_baseline,0.15,0.15
baseline,Democratic People's Republic of Korea,Male,htn_diabetes,2025,2026,2030,9905557,637622.624809001,0.231720860397241,0.319578982563928,0.319578982563928,0,203770.789696202,203770.789696202,0,inactive_at_baseline,0.15,0.15
baseline,Democratic Republic of the Congo,Female,htn_diabetes,2025,2026,2030,26154326,2036332.43176542,0.289445099044984,0.23043969205043,0.23043969205043,0,469251.818488328,469251.818488328,0,inactive_at_baseline,0.15,0.15
baseline,Democratic Republic of the Congo,Male,htn_diabetes,2025,2026,2030,25180274,1611420.37620102,0.263259663626323,0.217113875975729,0.217113875975729,0,349861.723703271,349861.723703271,0,inactive_at_baseline,0.15,0.15
baseline,Denmark,Female,htn_diabetes,2025,2026,2030,2427793.5,346260.289672399,0.402385369159417,0.191774538082092,0.191774538082092,0,66403.9071080958,66403.9071080958,0,inactive_at_baseline,0.15,0.15
baseline,Denmark,Male,htn_diabetes,2025,2026,2030,2360863,412072.926947176,0.371672521095329,0.182427298918918,0.182427298918918,0,75173.3510205859,75173.3510205859,0,inactive_at_baseline,0.15,0.15
baseline,Djibouti,Female,htn_diabetes,2025,2026,2030,383455.5,31217.0361562478,0.27680932201004,0.24125187459889,0.24125187459889,0,7531.16849211611,7531.16849211611,0,inactive_at_baseline,0.15,0.15
baseline,Djibouti,Male,htn_diabetes,2025,2026,2030,368267.5,22339.80975443,0.221229095301794,0.208090811156177,0.208090811156177,0,4648.709132874,4648.709132874,0,inactive_at_baseline,0.15,0.15
baseline,Dominica,Female,htn_diabetes,2025,2026,2030,25408,4423.4072475736,0.350850916143688,0.304285991103406,0.304285991103406,0,1345.98085838192,1345.98085838192,0,inactive_at_baseline,0.15,0.15
baseline,Dominica,Male,htn_diabetes,2025,2026,2030,25388,3612.20390686587,0.314750869207997,0.246313229977219,0.246313229977219,0,889.733611636464,889.733611636464,0,inactive_at_baseline,0.15,0.15
baseline,Dominican Republic,Female,htn_diabetes,2025,2026,2030,3926344,468158.387603981,0.26712551076232,0.360582921413092,0.360582921413092,0,168809.919086286,168809.919086286,0,inactive_at_baseline,0.15,0.15
baseline,Dominican Republic,Male,htn_diabetes,2025,2026,2030,3783715.5,375632.398540587,0.225845968059066,0.295218406536115,0.295218406536115,0,110893.598140491,110893.598140491,0,inactive_at_baseline,0.15,0.15
baseline,Ecuador,Female,htn_diabetes,2025,2026,2030,6408365.5,441914.320198144,0.309798931795456,0.50395204706217,0.50395204706217,0,222703.626289942,222703.626289942,0,inactive_at_baseline,0.15,0.15
baseline,Ecuador,Male,htn_diabetes,2025,2026,2030,6234871,392968.324500649,0.244297231111955,0.295832534915114,0.295832534915114,0,116252.815578372,116252.815578372,0,inactive_at_baseline,0.15,0.15
baseline,Egypt,Female,htn_diabetes,2025,2026,2030,36007823.5,4278742.98364391,0.352799430384255,0.325763291766237,0.325763291766237,0,1393857.39897353,1393857.39897353,0,inactive_at_baseline,0.15,0.15
baseline,Egypt,Male,htn_diabetes,2025,2026,2030,36056804,2885466.39878505,0.271902389278726,0.250844387965576,0.250844387965576,0,723803.052798471,723803.052798471,0,inactive_at_baseline,0.15,0.15
baseline,El Salvador,Female,htn_diabetes,2025,2026,2030,2370154.5,242211.514145979,0.34008790279236,0.582076447341718,0.582076447341718,0,140985.617659349,140985.617659349,0,inactive_at_baseline,0.15,0.15
baseline,El Salvador,Male,htn_diabetes,2025,2026,2030,1996053,147301.129422843,0.284331324546486,0.373347037039495,0.373347037039495,0,54994.4402225896,54994.4402225896,0,inactive_at_baseline,0.15,0.15
baseline,Equatorial Guinea,Female,htn_diabetes,2025,2026,2030,485181.5,50267.4441049919,0.324763942625213,0.234456253594929,0.234456253594929,0,11785.5166226489,11785.5166226489,0,inactive_at_baseline,0.15,0.15
baseline,Equatorial Guinea,Male,htn_diabetes,2025,2026,2030,581382.5,51818.7954144809,0.300750839856779,0.200467553454937,0.200467553454937,0,10387.9871397229,10387.9871397229,0,inactive_at_baseline,0.15,0.15
baseline,Eritrea,Female,htn_diabetes,2025,2026,2030,983070,53423.9221533205,0.291641569681166,0.24204418411808,0.24204418411808,0,12930.9496499883,12930.9496499883,0,inactive_at_baseline,0.15,0.15
baseline,Eritrea,Male,htn_diabetes,2025,2026,2030,922724,35749.2954238105,0.21899856651553,0.231874103916197,0.231874103916197,0,8289.33584203144,8289.33584203144,0,inactive_at_baseline,0.15,0.15
baseline,Estonia,Female,htn_diabetes,2025,2026,2030,574042.5,112899.790173676,0.46231273042044,0.26989516124322,0.26989516124322,0,30471.1070732499,30471.1070732499,0,inactive_at_baseline,0.15,0.15
baseline,Estonia,Male,htn_diabetes,2025,2026,2030,501928,77691.1828259941,0.329991304100448,0.230589899291696,0.230589899291696,0,17914.8020236987,17914.8020236987,0,inactive_at_baseline,0.15,0.15
baseline,Eswatini,Female,htn_diabetes,2025,2026,2030,380862,52189.666615469,0.363766597427567,0.244609229077767,0.244609229077767,0,12766.0741166355,12766.0741166355,0,inactive_at_baseline,0.15,0.15
baseline,Eswatini,Male,htn_diabetes,2025,2026,2030,356199,33277.700266321,0.313400021181568,0.193715290312423,0.193715290312423,0,6446.39936802017,6446.39936802017,0,inactive_at_baseline,0.15,0.15
baseline,Ethiopia,Female,htn_diabetes,2025,2026,2030,35970402,1814128.44657662,0.210520909368734,0.18441334627755,0.18441334627755,0,334549.497410488,334549.497410488,0,inactive_at_baseline,0.15,0.15
baseline,Ethiopia,Male,htn_diabetes,2025,2026,2030,35070456.5,1137378.04408668,0.170320704513198,0.180881289439251,0.180881289439251,0,205730.407194292,205730.407194292,0,inactive_at_baseline,0.15,0.15
baseline,Fiji,Female,htn_diabetes,2025,2026,2030,313980.5,59791.2537046635,0.54203193321103,0.224712864595178,0.224712864595178,0,13435.863897712,13435.863897712,0,inactive_at_baseline,0.15,0.15
baseline,Fiji,Male,htn_diabetes,2025,2026,2030,302381,47870.2469484638,0.492705678460059,0.166683489394111,0.166683489394111,0,7979.17979952776,7979.17979952776,0,inactive_at_baseline,0.15,0.15
baseline,Finland,Female,htn_diabetes,2025,2026,2030,2322957.5,363891.522652858,0.380996713163128,0.384000661680596,0.384000661680596,0,139734.585478657,139734.585478657,0,inactive_at_baseline,0.15,0.15
baseline,Finland,Male,htn_diabetes,2025,2026,2030,2236322,331854.333193517,0.328869867679374,0.370546721374735,0.370546721374735,0,122967.535138857,122967.535138857,0,inactive_at_baseline,0.15,0.15
baseline,France,Female,htn_diabetes,2025,2026,2030,27438934,3135618.85306855,0.332739327167017,0.446398182073188,0.446398182073188,0,1399734.55568421,1399734.55568421,0,inactive_at_baseline,0.15,0.15
baseline,France,Male,htn_diabetes,2025,2026,2030,25084977,2944931.70201174,0.289469955307648,0.340311149882939,0.340311149882939,0,1002193.09383834,1002193.09383834,0,inactive_at_baseline,0.15,0.15
baseline,Gabon,Female,htn_diabetes,2025,2026,2030,711171,69355.3154277037,0.313769239626865,0.258437947346675,0.258437947346675,0,17924.0453567169,17924.0453567169,0,inactive_at_baseline,0.15,0.15
baseline,Gabon,Male,htn_diabetes,2025,2026,2030,742372,63684.7837294083,0.294246591890731,0.213622695433907,0.213622695433907,0,13604.5151584017,13604.5151584017,0,inactive_at_baseline,0.15,0.15
baseline,Gambia,Female,htn_diabetes,2025,2026,2030,735656.5,59834.7856610502,0.265826804510019,0.219357942704722,0.219357942704722,0,13125.235484786,13125.235484786,0,inactive_at_baseline,0.15,0.15
baseline,Gambia,Male,htn_diabetes,2025,2026,2030,710660.5,38789.6492575223,0.20873731407688,0.198194609044598,0.198194609044598,0,7687.89936957171,7687.89936957171,0,inactive_at_baseline,0.15,0.15
baseline,Georgia,Female,htn_diabetes,2025,2026,2030,1556374,327478.427053764,0.441590506580716,0.288302038375412,0.288302038375412,0,94412.6980435738,94412.6980435738,0,inactive_at_baseline,0.15,0.15
baseline,Georgia,Male,htn_diabetes,2025,2026,2030,1269845,205632.890577379,0.3527858145814,0.228022201396083,0.228022201396083,0,46888.8643888939,46888.8643888939,0,inactive_at_baseline,0.15,0.15
baseline,Germany,Female,htn_diabetes,2025,2026,2030,35374920.5,4717269.00152234,0.366761533281133,0.575212597779344,0.575212597779344,0,2713432.55678964,2713432.55678964,0,inactive_at_baseline,0.15,0.15
baseline,Germany,Male,htn_diabetes,2025,2026,2030,33936157,4392896.79709556,0.314064670179833,0.534616954935718,0.534616954935718,0,2348517.1090101,2348517.1090101,0,inactive_at_baseline,0.15,0.15
baseline,Ghana,Female,htn_diabetes,2025,2026,2030,9992432.5,794426.501690384,0.282186428133914,0.344458429471919,0.344458429471919,0,273646.90510314,273646.90510314,0,inactive_at_baseline,0.15,0.15
baseline,Ghana,Male,htn_diabetes,2025,2026,2030,9768229.5,579667.059346519,0.237427910093424,0.249255957670352,0.249255957670352,0,144485.468007374,144485.468007374,0,inactive_at_baseline,0.15,0.15
baseline,Greece,Female,htn_diabetes,2025,2026,2030,4294046.5,602570.437122569,0.360776694605514,0.49278925949777,0.49278925949777,0,296940.239504878,296940.239504878,0,inactive_at_baseline,0.15,0.15
baseline,Greece,Male,htn_diabetes,2025,2026,2030,3936732,506151.049963514,0.294949613902908,0.389325263551048,0.389325263551048,0,197057.390923685,197057.390923685,0,inactive_at_baseline,0.15,0.15
baseline,Grenada,Female,htn_diabetes,2025,2026,2030,44202.5,7386.46577538127,0.378759060492131,0.331227050933645,0.331227050933645,0,2446.59727560184,2446.59727560184,0,inactive_at_baseline,0.15,0.15
baseline,Grenada,Male,htn_diabetes,2025,2026,2030,43848.5,6009.81388607379,0.300158138088589,0.252010863210062,0.252010863210062,0,1514.53838516127,1514.53838516127,0,inactive_at_baseline,0.15,0.15
baseline,Guatemala,Female,htn_diabetes,2025,2026,2030,5813615,469089.614118021,0.334332019118772,0.326374421214983,0.326374421214983,0,153098.851305729,153098.851305729,0,inactive_at_baseline,0.15,0.15
baseline,Guatemala,Male,htn_diabetes,2025,2026,2030,5557549,370056.243071235,0.275039008896646,0.255979886206962,0.255979886206962,0,94726.9549915505,94726.9549915505,0,inactive_at_baseline,0.15,0.15
baseline,Guinea,Female,htn_diabetes,2025,2026,2030,3948011,339907.714612394,0.273263191201654,0.190728614463191,0.190728614463191,0,64830.1274533717,64830.1274533717,0,inactive_at_baseline,0.15,0.15
baseline,Guinea,Male,htn_diabetes,2025,2026,2030,3697759.5,205815.325578062,0.18855607010449,0.178995602297083,0.178995602297083,0,36840.0381638154,36840.0381638154,0,inactive_at_baseline,0.15,0.15
baseline,Guinea-Bissau,Female,htn_diabetes,2025,2026,2030,613006.5,53057.3460298193,0.284460836649085,0.239806212847116,0.239806212847116,0,12723.4812151299,12723.4812151299,0,inactive_at_baseline,0.15,0.15
baseline,Guinea-Bissau,Male,htn_diabetes,2025,2026,2030,575337.5,33159.1572047571,0.211318746627846,0.204059753632686,0.204059753632686,0,6766.44944987022,6766.44944987022,0,inactive_at_baseline,0.15,0.15
baseline,Guyana,Female,htn_diabetes,2025,2026,2030,280777.5,36270.7498643243,0.35312398685549,0.334403168874619,0.334403168874619,0,12129.0536920887,12129.0536920887,0,inactive_at_baseline,0.15,0.15
baseline,Guyana,Male,htn_diabetes,2025,2026,2030,253862.5,24980.5507102521,0.301350514454377,0.268620424339392,0.268620424339392,0,6710.28613201962,6710.28613201962,0,inactive_at_baseline,0.15,0.15
baseline,Haiti,Female,htn_diabetes,2025,2026,2030,3730412.5,414363.664556717,0.272939185719831,0.195315958595283,0.195315958595283,0,80931.8363499495,80931.8363499495,0,inactive_at_baseline,0.15,0.15
baseline,Haiti,Male,htn_diabetes,2025,2026,2030,3567236.5,251138.43294798,0.233983303140571,0.189723296407591,0.189723296407591,0,47646.8113535275,47646.8113535275,0,inactive_at_baseline,0.15,0.15
baseline,Honduras,Female,htn_diabetes,2025,2026,2030,3424439,256587.781451671,0.293739724168292,0.495579096008197,0.495579096008197,0,127159.540778568,127159.540778568,0,inactive_at_baseline,0.15,0.15
baseline,Honduras,Male,htn_diabetes,2025,2026,2030,3399955,202632.769694675,0.235795758721754,0.368848270394322,0.368848270394322,0,74740.7466270917,74740.7466270917,0,inactive_at_baseline,0.15,0.15
baseline,Hungary,Female,htn_diabetes,2025,2026,2030,4136902,797842.630428204,0.391446502189376,0.374423657236674,0.374423657236674,0,298731.155584256,298731.155584256,0,inactive_at_baseline,0.15,0.15
baseline,Hungary,Male,htn_diabetes,2025,2026,2030,3713031.5,631780.538423644,0.29504839164842,0.287762360069394,0.287762360069394,0,181802.6587827,181802.6587827,0,inactive_at_baseline,0.15,0.15
baseline,Iceland,Female,htn_diabetes,2025,2026,2030,150391.5,14625.4034692516,0.347173528415816,0.62707988543649,0.62707988543649,0,9171.29633196071,9171.29633196071,0,inactive_at_baseline,0.15,0.15
baseline,Iceland,Male,htn_diabetes,2025,2026,2030,157657.5,16320.7005105152,0.324794536710406,0.610769851660778,0.610769851660778,0,9968.19182980737,9968.19182980737,0,inactive_at_baseline,0.15,0.15
baseline,India,Female,htn_diabetes,2025,2026,2030,491067719.5,35978363.805874,0.278286758752894,0.293534758437124,0.293534758437124,0,10560900.3287202,10560900.3287202,0,inactive_at_baseline,0.15,0.15
baseline,India,Male,htn_diabetes,2025,2026,2030,517391827.5,33439168.441454,0.228140370877104,0.228816133803746,0.228816133803746,0,7651421.24038576,7651421.24038576,0,inactive_at_baseline,0.15,0.15
baseline,Indonesia,Female,htn_diabetes,2025,2026,2030,99248267.5,13588971.8077456,0.333725873972023,0.151155512773281,0.151155512773281,0,2054048.00166145,2054048.00166145,0,inactive_at_baseline,0.15,0.15
baseline,Indonesia,Male,htn_diabetes,2025,2026,2030,98257064.5,9544277.234016,0.303695243752526,0.117995758491803,0.117995758491803,0,1126184.23148377,1126184.23148377,0,inactive_at_baseline,0.15,0.117995758491803
baseline,Iran (Islamic Republic of),Female,htn_diabetes,2025,2026,2030,33018523,3296733.525498,0.442109208632395,0.381275169366952,0.381275169366952,0,1256962.63329196,1256962.63329196,0,inactive_at_baseline,0.15,0.15
baseline,Iran (Islamic Republic of),Male,htn_diabetes,2025,2026,2030,33793549.5,2485930.08540578,0.312797495003773,0.289309317347294,0.289309317347294,0,719202.735981847,719202.735981847,0,inactive_at_baseline,0.15,0.15
baseline,Iraq,Female,htn_diabetes,2025,2026,2030,13199444,1584102.31073488,0.319155115166309,0.254075997554513,0.254075997554513,0,402482.374828374,402482.374828374,0,inactive_at_baseline,0.15,0.15
baseline,Iraq,Male,htn_diabetes,2025,2026,2030,12884739,1208735.13935325,0.247420681196176,0.225459296199947,0.225459296199947,0,272520.573810728,272520.573810728,0,inactive_at_baseline,0.15,0.15
baseline,Ireland,Female,htn_diabetes,2025,2026,2030,2065887,217407.394189186,0.344817119042794,0.373948735114901,0.373948735114901,0,81299.2200616727,81299.2200616727,0,inactive_at_baseline,0.15,0.15
baseline,Ireland,Male,htn_diabetes,2025,2026,2030,1983779.5,244710.154619424,0.309904223055538,0.314814334843663,0.314814334843663,0,77038.2645560041,77038.2645560041,0,inactive_at_baseline,0.15,0.15
baseline,Israel,Female,htn_diabetes,2025,2026,2030,3215370,323905.803103404,0.368276963557944,0.40521534904879,0.40521534904879,0,131251.603063475,131251.603063475,0,inactive_at_baseline,0.15,0.15
baseline,Israel,Male,htn_diabetes,2025,2026,2030,3096917.5,300672.118942853,0.309527611242818,0.344073532484281,0.344073532484281,0,103453.318084201,103453.318084201,0,inactive_at_baseline,0.15,0.15
baseline,Italy,Female,htn_diabetes,2025,2026,2030,25747141.5,3863786.9761227,0.354538738001506,0.425490236585091,0.425490236585091,0,1644003.63458484,1644003.63458484,0,inactive_at_baseline,0.15,0.15
baseline,Italy,Male,htn_diabetes,2025,2026,2030,24194124.5,3353857.33054733,0.298263990507482,0.350834343649373,0.350834343649373,0,1176648.33525621,1176648.33525621,0,inactive_at_baseline,0.15,0.15
baseline,Ivory Coast,Female,htn_diabetes,2025,2026,2030,8116524.5,585697.067762324,0.25823797450917,0.221342120223902,0.221342120223902,0,129639.430787435,129639.430787435,0,inactive_at_baseline,0.15,0.15
baseline,Ivory Coast,Male,htn_diabetes,2025,2026,2030,8460925,508783.690990617,0.214421711773133,0.18208670934971,0.18208670934971,0,92642.7480632813,92642.7480632813,0,inactive_at_baseline,0.15,0.15
baseline,Jamaica,Female,htn_diabetes,2025,2026,2030,1095492,164132.025072649,0.343807619214443,0.333932105050295,0.333932105050295,0,54808.9526386774,54808.9526386774,0,inactive_at_baseline,0.15,0.15
baseline,Jamaica,Male,htn_diabetes,2025,2026,2030,1051201,119576.803771864,0.287374948704212,0.247023622117776,0.247023622117776,0,29538.2951889924,29538.2951889924,0,inactive_at_baseline,0.15,0.15
baseline,Japan,Female,htn_diabetes,2025,2026,2030,54153209.5,7651316.52331549,0.387670996120826,0.394953962281618,0.394953962281618,0,3021917.77755427,3021917.77755427,0,inactive_at_baseline,0.15,0.15
baseline,Japan,Male,htn_diabetes,2025,2026,2030,50614221,7572473.92663325,0.308228695846672,0.344692566731517,0.344692566731517,0,2610175.4742787,2610175.4742787,0,inactive_at_baseline,0.15,0.15
baseline,Jordan,Female,htn_diabetes,2025,2026,2030,3409904,343055.949861894,0.376210575892645,0.453039977735398,0.453039977735398,0,155418.059887428,155418.059887428,0,inactive_at_baseline,0.15,0.15
baseline,Jordan,Male,htn_diabetes,2025,2026,2030,3686978.5,338603.318661193,0.282360005740886,0.394311722964503,0.394311722964503,0,133515.257982794,133515.257982794,0,inactive_at_baseline,0.15,0.15
baseline,Kazakhstan,Female,htn_diabetes,2025,2026,2030,7041423,1016413.22573123,0.347461068491617,0.44243460138847,0.44243460138847,0,449696.380372364,449696.380372364,0,inactive_at_baseline,0.15,0.15
baseline,Kazakhstan,Male,htn_diabetes,2025,2026,2030,6344958.5,622381.744316423,0.267866866421074,0.363823586820636,0.363823586820636,0,226437.158588885,226437.158588885,0,inactive_at_baseline,0.15,0.15
baseline,Kenya,Female,htn_diabetes,2025,2026,2030,15894936,979289.811104774,0.242896422343497,0.19057490672215,0.19057490672215,0,186628.064405244,186628.064405244,0,inactive_at_baseline,0.15,0.15
baseline,Kenya,Male,htn_diabetes,2025,2026,2030,15394425,746949.787428874,0.191313138708501,0.165986206458864,0.165986206458864,0,123983.361630574,123983.361630574,0,inactive_at_baseline,0.15,0.15
baseline,Kiribati,Female,htn_diabetes,2025,2026,2030,41714,7215.0218442607,0.445223021192829,0.160049284159197,0.160049284159197,0,1154.75908136689,1154.75908136689,0,inactive_at_baseline,0.15,0.15
baseline,Kiribati,Male,htn_diabetes,2025,2026,2030,37216,6114.60907108154,0.463903929127528,0.113459033988326,0.113459033988326,0,693.757638421167,693.757638421167,0,inactive_at_baseline,0.15,0.113459033988326
baseline,Kuwait,Female,htn_diabetes,2025,2026,2030,1399821.5,116599.139657961,0.316641901304126,0.488828478055826,0.488828478055826,0,56996.9799816199,56996.9799816199,0,inactive_at_baseline,0.15,0.15
baseline,Kuwait,Male,htn_diabetes,2025,2026,2030,2487099,206651.61734226,0.227172203625408,0.387651997939601,0.387651997939601,0,80108.9123401768,80108.9123401768,0,inactive_at_baseline,0.15,0.15
baseline,Kyrgyzstan,Female,htn_diabetes,2025,2026,2030,2301109,250682.69986595,0.29261628264471,0.219577095051849,0.219577095051849,0,55044.1790163198,55044.1790163198,0,inactive_at_baseline,0.15,0.15
baseline,Kyrgyzstan,Male,htn_diabetes,2025,2026,2030,2139278,164129.593844076,0.244281415069817,0.200479794227714,0.200479794227714,0,32904.6672005386,32904.6672005386,0,inactive_at_baseline,0.15,0.15
baseline,Lao People's Democratic Republic,Female,htn_diabetes,2025,2026,2030,2473129,193802.352461973,0.306101553656261,0.258660102594601,0.258660102594601,0,50128.936370889,50128.936370889,0,inactive_at_baseline,0.15,0.15
baseline,Lao People's Democratic Republic,Male,htn_diabetes,2025,2026,2030,2454795,135426.71696887,0.284060258066315,0.235785549981248,0.235785549981248,0,31931.6629426597,31931.6629426597,0,inactive_at_baseline,0.15,0.15
baseline,Latvia,Female,htn_diabetes,2025,2026,2030,816735,184018.085212647,0.455255373184327,0.281065747473401,0.281065747473401,0,51721.1806689165,51721.1806689165,0,inactive_at_baseline,0.15,0.15
baseline,Latvia,Male,htn_diabetes,2025,2026,2030,671929,112140.731722088,0.329320067890574,0.248192425587868,0.248192425587868,0,27832.4802133033,27832.4802133033,0,inactive_at_baseline,0.15,0.15
baseline,Lebanon,Female,htn_diabetes,2025,2026,2030,2065431.5,294215.235350206,0.429240175896245,0.403970793310936,0.403970793310936,0,118854.362028587,118854.362028587,0,inactive_at_baseline,0.15,0.15
baseline,Lebanon,Male,htn_diabetes,2025,2026,2030,1856413.5,236823.17095527,0.32035100671235,0.331486243009649,0.331486243009649,0,78503.6231975943,78503.6231975943,0,inactive_at_baseline,0.15,0.15
baseline,Lesotho,Female,htn_diabetes,2025,2026,2030,711619,81965.0639362091,0.320516494752863,0.310056614767377,0.310056614767377,0,25413.8102532526,25413.8102532526,0,inactive_at_baseline,0.15,0.15
baseline,Lesotho,Male,htn_diabetes,2025,2026,2030,647169,43350.2901309943,0.279931860843214,0.247064557024727,0.247064557024727,0,10710.3202281075,10710.3202281075,0,inactive_at_baseline,0.15,0.15
baseline,Liberia,Female,htn_diabetes,2025,2026,2030,1501036.5,133131.727287936,0.272477063623803,0.196844278896267,0.196844278896267,0,26206.2188562082,26206.2188562082,0,inactive_at_baseline,0.15,0.15
baseline,Liberia,Male,htn_diabetes,2025,2026,2030,1459337,92037.9670117263,0.226379360416357,0.194547900182912,0.194547900182912,0,17905.7932192354,17905.7932192354,0,inactive_at_baseline,0.15,0.15
baseline,Libya,Female,htn_diabetes,2025,2026,2030,2424836,330448.574933954,0.420058920299141,0.237613245953793,0.237613245953793,0,78518.958510862,78518.958510862,0,inactive_at_baseline,0.15,0.15
baseline,Libya,Male,htn_diabetes,2025,2026,2030,2480000.5,284891.307731298,0.290834564396042,0.182665433438946,0.182665433438946,0,52039.7942097257,52039.7942097257,0,inactive_at_baseline,0.15,0.15
baseline,Lithuania,Female,htn_diabetes,2025,2026,2030,1238027,260936.367348538,0.416484703158129,0.246024028680174,0.246024028680174,0,64196.6163242571,64196.6163242571,0,inactive_at_baseline,0.15,0.15
baseline,Lithuania,Male,htn_diabetes,2025,2026,2030,1067852,175767.154118744,0.303550194166519,0.203935309881796,0.203935309881796,0,35845.1290422475,35845.1290422475,0,inactive_at_baseline,0.15,0.15
baseline,Luxembourg,Female,htn_diabetes,2025,2026,2030,271462.5,30161.8976766538,0.390355947548064,0.428908294907237,0.428908294907237,0,12936.6881036601,12936.6881036601,0,inactive_at_baseline,0.15,0.15
baseline,Luxembourg,Male,htn_diabetes,2025,2026,2030,273239,34632.9449772542,0.333626349230839,0.368021289654506,0.368021289654506,0,12745.6610750626,12745.6610750626,0,inactive_at_baseline,0.15,0.15
baseline,Madagascar,Female,htn_diabetes,2025,2026,2030,8628068.5,607360.09570989,0.227994669475543,0.18641171768552,0.18641171768552,0,113219.038694922,113219.038694922,0,inactive_at_baseline,0.15,0.15
baseline,Madagascar,Male,htn_diabetes,2025,2026,2030,8535210.5,450261.050285943,0.185641298775803,0.179122694291807,0.179122694291807,0,80651.9724618768,80651.9724618768,0,inactive_at_baseline,0.15,0.15
baseline,Malawi,Female,htn_diabetes,2025,2026,2030,5840676.5,330828.816554858,0.285718398951329,0.246338468771096,0.246338468771096,0,81495.8640954774,81495.8640954774,0,inactive_at_baseline,0.15,0.15
baseline,Malawi,Male,htn_diabetes,2025,2026,2030,5323356.5,214252.125900448,0.218586694640194,0.18121868902156,0.18121868902156,0,38826.4893757613,38826.4893757613,0,inactive_at_baseline,0.15,0.15
baseline,Malaysia,Female,htn_diabetes,2025,2026,2030,12380612,1463864.21736853,0.334886565508153,0.290311575171226,0.290311575171226,0,424976.726781051,424976.726781051,0,inactive_at_baseline,0.15,0.15
baseline,Malaysia,Male,htn_diabetes,2025,2026,2030,13718883,1334100.11435004,0.280254620632837,0.304441322493462,0.304441322493462,0,406155.203151405,406155.203151405,0,inactive_at_baseline,0.15,0.15
baseline,Maldives,Female,htn_diabetes,2025,2026,2030,142044,12699.2326011074,0.317779216847266,0.25649244659831,0.25649244659831,0,3257.25723977906,3257.25723977906,0,inactive_at_baseline,0.15,0.15
baseline,Maldives,Male,htn_diabetes,2025,2026,2030,258169.5,15239.0376060168,0.246056214797691,0.252733185115963,0.252733185115963,0,3851.41051227058,3851.41051227058,0,inactive_at_baseline,0.15,0.15
baseline,Mali,Female,htn_diabetes,2025,2026,2030,5621822,383185.635922843,0.244071263985698,0.277107971972547,0.277107971972547,0,106183.79445959,106183.79445959,0,inactive_at_baseline,0.15,0.15
baseline,Mali,Male,htn_diabetes,2025,2026,2030,5693095.5,238583.602989829,0.202040244030959,0.23799884710141,0.23799884710141,0,56782.6224488798,56782.6224488798,0,inactive_at_baseline,0.15,0.15
baseline,Malta,Female,htn_diabetes,2025,2026,2030,219267,32000.7783766454,0.457250242967715,0.56141382767603,0.56141382767603,0,17965.6794770448,17965.6794770448,0,inactive_at_baseline,0.15,0.15
baseline,Malta,Male,htn_diabetes,2025,2026,2030,236970.5,34118.507025821,0.400512254400495,0.518436960940189,0.518436960940189,0,17688.2950942831,17688.2950942831,0,inactive_at_baseline,0.15,0.15
baseline,Marshall Islands,Female,htn_diabetes,2025,2026,2030,9961,1422.82163795607,0.503490321888102,0.244178306495683,0.244178306495683,0,347.422178001526,347.422178001526,0,inactive_at_baseline,0.15,0.15
baseline,Marshall Islands,Male,htn_diabetes,2025,2026,2030,10231.5,1196.88863742849,0.426844183829351,0.208538319319754,0.208538319319754,0,249.597144862249,249.597144862249,0,inactive_at_baseline,0.15,0.15
baseline,Mauritania,Female,htn_diabetes,2025,2026,2030,1359016,114711.888168016,0.278548444293722,0.239497178316286,0.239497178316286,0,27473.1735355732,27473.1735355732,0,inactive_at_baseline,0.15,0.15
baseline,Mauritania,Male,htn_diabetes,2025,2026,2030,1230444.5,72304.0461267587,0.209458292605656,0.204158700491775,0.204158700491775,0,14761.5000975364,14761.5000975364,0,inactive_at_baseline,0.15,0.15
baseline,Mauritius,Female,htn_diabetes,2025,2026,2030,510568.5,90554.7688598399,0.529564103830693,0.457820829805246,0.457820829805246,0,41457.8594222341,41457.8594222341,0,inactive_at_baseline,0.15,0.15
baseline,Mauritius,Male,htn_diabetes,2025,2026,2030,509941.5,83060.8156518326,0.482759306112331,0.382271418039206,0.382271418039206,0,31751.7757827192,31751.7757827192,0,inactive_at_baseline,0.15,0.15
baseline,Mexico,Female,htn_diabetes,2025,2026,2030,47957189,5696825.12167907,0.421593978731021,0.423318324342355,0.423318324342355,0,2411570.46458061,2411570.46458061,0,inactive_at_baseline,0.15,0.15
baseline,Mexico,Male,htn_diabetes,2025,2026,2030,43276512,4657428.83318827,0.365934943389934,0.307061211093659,0.307061211093659,0,1430115.73810132,1430115.73810132,0,inactive_at_baseline,0.15,0.15
baseline,Micronesia (Federated States of),Female,htn_diabetes,2025,2026,2030,35235,5005.90956717575,0.49256534035737,0.228025653947775,0.228025653947775,0,1141.47580265867,1141.47580265867,0,inactive_at_baseline,0.15,0.15
baseline,Micronesia (Federated States of),Male,htn_diabetes,2025,2026,2030,33241.5,3768.30968762464,0.445139607245069,0.200695629436846,0.200695629436846,0,756.283284670789,756.283284670789,0,inactive_at_baseline,0.15,0.15
baseline,Mongolia,Female,htn_diabetes,2025,2026,2030,1105387.5,113074.923004791,0.281515696054494,0.435019834496928,0.435019834496928,0,49189.8342912972,49189.8342912972,0,inactive_at_baseline,0.15,0.15
baseline,Mongolia,Male,htn_diabetes,2025,2026,2030,1054536,95247.9004986133,0.23245226635595,0.302534270378228,0.302534270378228,0,28815.754082406,28815.754082406,0,inactive_at_baseline,0.15,0.15
baseline,Montenegro,Female,htn_diabetes,2025,2026,2030,257898.5,47119.3905186729,0.388205020621064,0.376572996647215,0.376572996647215,0,17743.8900878071,17743.8900878071,0,inactive_at_baseline,0.15,0.15
baseline,Montenegro,Male,htn_diabetes,2025,2026,2030,229208.5,34866.4635015001,0.30011412403235,0.287049285981721,0.287049285981721,0,10008.3934528133,10008.3934528133,0,inactive_at_baseline,0.15,0.15
baseline,Morocco,Female,htn_diabetes,2025,2026,2030,13054904.5,1665417.41770994,0.397838470197435,0.225351627231872,0.225351627231872,0,375304.525101237,375304.525101237,0,inactive_at_baseline,0.15,0.15
baseline,Morocco,Male,htn_diabetes,2025,2026,2030,13064778,1158697.00701785,0.28236898066235,0.171191600770457,0.171191600770457,0,198359.195439324,198359.195439324,0,inactive_at_baseline,0.15,0.15
baseline,Mozambique,Female,htn_diabetes,2025,2026,2030,8896152,679412.132462054,0.230198503294698,0.207160932030274,0.207160932030274,0,140747.650593515,140747.650593515,0,inactive_at_baseline,0.15,0.15
baseline,Mozambique,Male,htn_diabetes,2025,2026,2030,7797436.5,381912.496042353,0.182020935290685,0.171687655442556,0.171687655442556,0,65569.6610297261,65569.6610297261,0,inactive_at_baseline,0.15,0.15
baseline,Myanmar,Female,htn_diabetes,2025,2026,2030,19418948,2428541.75662669,0.341659655670073,0.264874230849723,0.264874230849723,0,643258.129872929,643258.129872929,0,inactive_at_baseline,0.15,0.15
baseline,Myanmar,Male,htn_diabetes,2025,2026,2030,18725651.5,1667808.69257157,0.284234399865979,0.235838220604929,0.235838220604929,0,393333.034365513,393333.034365513,0,inactive_at_baseline,0.15,0.15
baseline,Namibia,Female,htn_diabetes,2025,2026,2030,894811.5,91359.2969620806,0.27134521959292,0.354094294133036,0.354094294133036,0,32349.8057702784,32349.8057702784,0,inactive_at_baseline,0.15,0.15
baseline,Namibia,Male,htn_diabetes,2025,2026,2030,827884.5,67587.5527051407,0.233305228989732,0.291987894228428,0.291987894228428,0,19734.7471904269,19734.7471904269,0,inactive_at_baseline,0.15,0.15
baseline,Nepal,Female,htn_diabetes,2025,2026,2030,10301668,700339.893762823,0.235476090105348,0.199413246013473,0.199413246013473,0,139657.051527976,139657.051527976,0,inactive_at_baseline,0.15,0.15
baseline,Nepal,Male,htn_diabetes,2025,2026,2030,8691972.5,626636.458694887,0.19943442028634,0.179039397986125,0.179039397986125,0,112192.61432089,112192.61432089,0,inactive_at_baseline,0.15,0.15
baseline,Netherlands,Female,htn_diabetes,2025,2026,2030,7502166.5,948111.873346207,0.386264314108795,0.356630251154147,0.356630251154147,0,338125.375513686,338125.375513686,0,inactive_at_baseline,0.15,0.15
baseline,Netherlands,Male,htn_diabetes,2025,2026,2030,7304633,1046728.32265617,0.347756513608739,0.303213806352788,0.303213806352788,0,317382.478929847,317382.478929847,0,inactive_at_baseline,0.15,0.15
baseline,New Zealand,Female,htn_diabetes,2025,2026,2030,2052205,213637.270594375,0.322767906529278,0.40403678918314,0.40403678918314,0,86317.3168608009,86317.3168608009,0,inactive_at_baseline,0.15,0.15
baseline,New Zealand,Male,htn_diabetes,2025,2026,2030,1988544.5,171704.602093607,0.239367976593581,0.363320676823035,0.363320676823035,0,62383.8322462792,62383.8322462792,0,inactive_at_baseline,0.15,0.15
baseline,Nicaragua,Female,htn_diabetes,2025,2026,2030,2322963,212247.27031878,0.301194650733699,0.522457365062107,0.522457365062107,0,110890.149592375,110890.149592375,0,inactive_at_baseline,0.15,0.15
baseline,Nicaragua,Male,htn_diabetes,2025,2026,2030,2173558.5,159081.17359678,0.26269182575696,0.368805785066636,0.368805785066636,0,58670.0571176823,58670.0571176823,0,inactive_at_baseline,0.15,0.15
baseline,Niger,Female,htn_diabetes,2025,2026,2030,6123544.5,460838.388973863,0.229668588151707,0.195271049227236,0.195271049227236,0,89988.3957391154,89988.3957391154,0,inactive_at_baseline,0.15,0.15
baseline,Niger,Male,htn_diabetes,2025,2026,2030,6297322.5,371029.109692315,0.183116961177767,0.162605105043071,0.162605105043071,0,60331.2273555559,60331.2273555559,0,inactive_at_baseline,0.15,0.15
baseline,Nigeria,Female,htn_diabetes,2025,2026,2030,59237693.5,4248076.20284375,0.245824009146945,0.221266749009647,0.221266749009647,0,939958.010948484,939958.010948484,0,inactive_at_baseline,0.15,0.15
baseline,Nigeria,Male,htn_diabetes,2025,2026,2030,60254455,2791028.94294046,0.188100379780023,0.236190008169095,0.236190008169095,0,659213.148833287,659213.148833287,0,inactive_at_baseline,0.15,0.15
baseline,North Macedonia,Female,htn_diabetes,2025,2026,2030,743658.5,131693.732703905,0.378993254217173,0.374385519685091,0.374385519685091,0,49304.2265576209,49304.2265576209,0,inactive_at_baseline,0.15,0.15
baseline,North Macedonia,Male,htn_diabetes,2025,2026,2030,686092.5,109401.538061781,0.311356298040161,0.286391391868193,0.286391391868193,0,31331.6587580344,31331.6587580344,0,inactive_at_baseline,0.15,0.15
baseline,Norway,Female,htn_diabetes,2025,2026,2030,2219621.5,251706.063084899,0.357206023429605,0.383286423286196,0.383286423286196,0,96475.5166392607,96475.5166392607,0,inactive_at_baseline,0.15,0.15
baseline,Norway,Male,htn_diabetes,2025,2026,2030,2233943.5,279179.44043221,0.321193939157066,0.390222237942314,0.390222237942314,0,108942.02603294,108942.02603294,0,inactive_at_baseline,0.15,0.15
baseline,Oman,Female,htn_diabetes,2025,2026,2030,1282955,117514.673216394,0.333635021076256,0.29911446010094,0.29911446010094,0,35150.3380330599,35150.3380330599,0,inactive_at_baseline,0.15,0.15
baseline,Oman,Male,htn_diabetes,2025,2026,2030,2614687.5,203283.728045092,0.20350177676119,0.232544862081566,0.232544862081566,0,47272.5865016726,47272.5865016726,0,inactive_at_baseline,0.15,0.15
baseline,Pakistan,Female,htn_diabetes,2025,2026,2030,69794301,6981784.98176214,0.262179445414686,0.251770431424987,0.251770431424987,0,1757807.01697475,1757807.01697475,0,inactive_at_baseline,0.15,0.15
baseline,Pakistan,Male,htn_diabetes,2025,2026,2030,70647171,5481095.31912087,0.20758396245162,0.202438192463386,0.202438192463386,0,1109583.02912236,1109583.02912236,0,inactive_at_baseline,0.15,0.15
baseline,Panama,Female,htn_diabetes,2025,2026,2030,1594428,173918.944169603,0.329011757760125,0.458200821538107,0.458200821538107,0,79689.8030995523,79689.8030995523,0,inactive_at_baseline,0.15,0.15
baseline,Panama,Male,htn_diabetes,2025,2026,2030,1559269.5,144595.091645242,0.271584849954231,0.323250516730644,0.323250516730644,0,46740.4380910394,46740.4380910394,0,inactive_at_baseline,0.15,0.15
baseline,Papua New Guinea,Female,htn_diabetes,2025,2026,2030,3108214,280426.883024342,0.387741503301747,0.205159361296208,0.205159361296208,0,57532.2002115605,57532.2002115605,0,inactive_at_baseline,0.15,0.15
baseline,Papua New Guinea,Male,htn_diabetes,2025,2026,2030,3233710.5,224047.33175745,0.342513109886119,0.184651251396747,0.184651251396747,0,41370.6201811152,41370.6201811152,0,inactive_at_baseline,0.15,0.15
baseline,Paraguay,Female,htn_diabetes,2025,2026,2030,2292318,277344.910441563,0.273570538151416,0.288398260210573,0.288398260210573,0,79985.7896496038,79985.7896496038,0,inactive_at_baseline,0.15,0.15
baseline,Paraguay,Male,htn_diabetes,2025,2026,2030,2254791.5,270419.94844071,0.214655910496796,0.20203845671125,0.20203845671125,0,54635.2290468969,54635.2290468969,0,inactive_at_baseline,0.15,0.15
baseline,Peru,Female,htn_diabetes,2025,2026,2030,12239247,604928.334259162,0.292172617623618,0.416954438656076,0.416954438656076,0,252227.554038184,252227.554038184,0,inactive_at_baseline,0.15,0.15
baseline,Peru,Male,htn_diabetes,2025,2026,2030,11865319,559288.855639863,0.224876754931192,0.257154997194444,0.257154997194444,0,143823.924102953,143823.924102953,0,inactive_at_baseline,0.15,0.15
baseline,Philippines,Female,htn_diabetes,2025,2026,2030,38493517.5,3631638.61129505,0.34672138774085,0.306176948053522,0.306176948053522,0,1111924.02643965,1111924.02643965,0,inactive_at_baseline,0.15,0.15
baseline,Philippines,Male,htn_diabetes,2025,2026,2030,37386490,2915205.03383848,0.264131283017936,0.244848571778532,0.244848571778532,0,713783.788976937,713783.788976937,0,inactive_at_baseline,0.15,0.15
baseline,Poland,Female,htn_diabetes,2025,2026,2030,16173722.5,2806342.40160733,0.345383075651939,0.47241186237092,0.47241186237092,0,1325749.4403938,1325749.4403938,0,inactive_at_baseline,0.15,0.15
baseline,Poland,Male,htn_diabetes,2025,2026,2030,14780781,2263455.08659286,0.269096370940597,0.393026783197947,0.393026783197947,0,889598.471596622,889598.471596622,0,inactive_at_baseline,0.15,0.15
baseline,Portugal,Female,htn_diabetes,2025,2026,2030,4606381,809632.911459619,0.433689451714741,0.604829284627558,0.604829284627558,0,489689.694649048,489689.694649048,0,inactive_at_baseline,0.15,0.15
baseline,Portugal,Male,htn_diabetes,2025,2026,2030,4073228.5,686844.248174175,0.384251126165352,0.475908346523538,0.475908346523538,0,326874.910467775,326874.910467775,0,inactive_at_baseline,0.15,0.15
baseline,Qatar,Female,htn_diabetes,2025,2026,2030,624605,50326.805892565,0.345482643211606,0.423637556032157,0.423637556032157,0,21320.325051231,21320.325051231,0,inactive_at_baseline,0.15,0.15
baseline,Qatar,Male,htn_diabetes,2025,2026,2030,1924349,131787.523696535,0.224604101587566,0.328355055860808,0.328355055860808,0,43273.0997051332,43273.0997051332,0,inactive_at_baseline,0.15,0.15
baseline,Republic of Korea,Female,htn_diabetes,2025,2026,2030,22426609.5,2486855.29602692,0.369705426317884,0.66711272241747,0.66711272241747,0,1659012.80679082,1659012.80679082,0,inactive_at_baseline,0.15,0.15
baseline,Republic of Korea,Male,htn_diabetes,2025,2026,2030,22118759.5,2435427.81532135,0.31159103336558,0.601413995851493,0.601413995851493,0,1464700.37402029,1464700.37402029,0,inactive_at_baseline,0.15,0.15
baseline,Republic of Moldova,Female,htn_diabetes,2025,2026,2030,1255864.5,253727.719013624,0.390075896561165,0.182785866932435,0.182785866932435,0,46377.8410846943,46377.8410846943,0,inactive_at_baseline,0.15,0.15
baseline,Republic of Moldova,Male,htn_diabetes,2025,2026,2030,1000795,143927.071502451,0.293223710319472,0.180193443241867,0.180193443241867,0,25934.714589745,25934.714589745,0,inactive_at_baseline,0.15,0.15
baseline,Romania,Female,htn_diabetes,2025,2026,2030,7886118.5,1308176.82467213,0.322036073555643,0.467242678832211,0.467242678832211,0,611236.04394602,611236.04394602,0,inactive_at_baseline,0.15,0.15
baseline,Romania,Male,htn_diabetes,2025,2026,2030,7204556.5,941693.649615771,0.239308171612539,0.346557459763158,0.346557459763158,0,326350.959085939,326350.959085939,0,inactive_at_baseline,0.15,0.15
baseline,Russian Federation,Female,htn_diabetes,2025,2026,2030,62051986,12693481.116855,0.430391328434868,0.299040418992928,0.299040418992928,0,3795863.91166314,3795863.91166314,0,inactive_at_baseline,0.15,0.15
baseline,Russian Federation,Male,htn_diabetes,2025,2026,2030,50778735,7144280.07053247,0.299108165368558,0.246189972242018,0.246189972242018,0,1758850.11225359,1758850.11225359,0,inactive_at_baseline,0.15,0.15
baseline,Rwanda,Female,htn_diabetes,2025,2026,2030,4138857.5,244475.450303349,0.248453062251425,0.171042577993847,0.171042577993847,0,41815.7112760915,41815.7112760915,0,inactive_at_baseline,0.15,0.15
baseline,Rwanda,Male,htn_diabetes,2025,2026,2030,3762650,156438.857531228,0.181256705849676,0.181806733441622,0.181806733441622,0,28441.6376710919,28441.6376710919,0,inactive_at_baseline,0.15,0.15
baseline,Saint Lucia,Female,htn_diabetes,2025,2026,2030,71212,9814.89632492948,0.356429184247594,0.406085949219475,0.406085949219475,0,3985.69149059973,3985.69149059973,0,inactive_at_baseline,0.15,0.15
baseline,Saint Lucia,Male,htn_diabetes,2025,2026,2030,68083.5,7015.91012728503,0.285155964215153,0.227755775608727,0.227755775608727,0,1597.91405264093,1597.91405264093,0,inactive_at_baseline,0.15,0.15
baseline,Saint Vincent and the Grenadines,Female,htn_diabetes,2025,2026,2030,35855,6113.85526902857,0.406156750970933,0.343391056721316,0.343391056721316,0,2099.44322147291,2099.44322147291,0,inactive_at_baseline,0.15,0.15
baseline,Saint Vincent and the Grenadines,Male,htn_diabetes,2025,2026,2030,37098.5,5076.53817772519,0.370073700440224,0.247493290496447,0.247493290496447,0,1256.40913793605,1256.40913793605,0,inactive_at_baseline,0.15,0.15
baseline,Samoa,Female,htn_diabetes,2025,2026,2030,58425,8209.42829797604,0.417381643427851,0.187223537705163,0.187223537705163,0,1536.99820848395,1536.99820848395,0,inactive_at_baseline,0.15,0.15
baseline,Samoa,Male,htn_diabetes,2025,2026,2030,56902.5,7327.69124694789,0.370087767467223,0.193597338977146,0.193597338977146,0,1418.62152625523,1418.62152625523,0,inactive_at_baseline,0.15,0.15
baseline,Sao Tome and Principe,Female,htn_diabetes,2025,2026,2030,65055,6894.41904169694,0.271403185310548,0.223545152386055,0.223545152386055,0,1541.21395528946,1541.21395528946,0,inactive_at_baseline,0.15,0.15
baseline,Sao Tome and Principe,Male,htn_diabetes,2025,2026,2030,62914.5,4650.32749964988,0.214777720924124,0.187148966220692,0.187148966220692,0,870.303984147131,870.303984147131,0,inactive_at_baseline,0.15,0.15
baseline,Saudi Arabia,Female,htn_diabetes,2025,2026,2030,8701835.5,592079.470040186,0.34300597852858,0.354597447426646,0.354597447426646,0,209949.868749971,209949.868749971,0,inactive_at_baseline,0.15,0.15
baseline,Saudi Arabia,Male,htn_diabetes,2025,2026,2030,15708054.5,1062261.57410743,0.24975859990783,0.302052464089981,0.302052464089981,0,320858.72596725,320858.72596725,0,inactive_at_baseline,0.15,0.15
baseline,Senegal,Female,htn_diabetes,2025,2026,2030,5053659.5,451563.501540978,0.272735667684677,0.219686510493607,0.219686510493607,0,99202.4099198118,99202.4099198118,0,inactive_at_baseline,0.15,0.15
baseline,Senegal,Male,htn_diabetes,2025,2026,2030,5040091,330768.566842342,0.224024730681033,0.188112851897493,0.188112851897493,0,62221.8184267595,62221.8184267595,0,inactive_at_baseline,0.15,0.15
baseline,Serbia,Female,htn_diabetes,2025,2026,2030,2915084,632753.767855624,0.418371021039005,0.400508942148227,0.400508942148227,0,253423.542204161,253423.542204161,0,inactive_at_baseline,0.15,0.15
baseline,Serbia,Male,htn_diabetes,2025,2026,2030,2554939,437296.525327518,0.32088502084987,0.296368338316376,0.296368338316376,0,129600.844562841,129600.844562841,0,inactive_at_baseline,0.15,0.15
baseline,Seychelles,Female,htn_diabetes,2025,2026,2030,43593,6653.40063479678,0.381252173314952,0.450758389953701,0.450758389953701,0,2999.07615785793,2999.07615785793,0,inactive_at_baseline,0.15,0.15
baseline,Seychelles,Male,htn_diabetes,2025,2026,2030,56344.5,6992.98124746385,0.298746206866865,0.290479772408834,0.290479772408834,0,2031.31960122254,2031.31960122254,0,inactive_at_baseline,0.15,0.15
baseline,Sierra Leone,Female,htn_diabetes,2025,2026,2030,2385993.5,209477.303452265,0.255479541559211,0.216318147439701,0.216318147439701,0,45313.7422134582,45313.7422134582,0,inactive_at_baseline,0.15,0.15
baseline,Sierra Leone,Male,htn_diabetes,2025,2026,2030,2334667.5,135910.659218321,0.193602656141489,0.182760145985458,0.182760145985458,0,24839.0519197202,24839.0519197202,0,inactive_at_baseline,0.15,0.15
baseline,Singapore,Female,htn_diabetes,2025,2026,2030,2395676,247563.507051972,0.371503254726392,0.48944829443916,0.48944829443916,0,121169.536291965,121169.536291965,0,inactive_at_baseline,0.15,0.15
baseline,Singapore,Male,htn_diabetes,2025,2026,2030,2562175.5,246192.350116334,0.297868720081017,0.467607399398066,0.467607399398066,0,115121.364589597,115121.364589597,0,inactive_at_baseline,0.15,0.15
baseline,Slovakia,Female,htn_diabetes,2025,2026,2030,2275438,359561.86584607,0.349446185070638,0.503510325238567,0.503510325238567,0,181043.112015541,181043.112015541,0,inactive_at_baseline,0.15,0.15
baseline,Slovakia,Male,htn_diabetes,2025,2026,2030,2117869,276079.045920549,0.263143720936775,0.41075268042934,0.41075268042934,0,113400.20812224,113400.20812224,0,inactive_at_baseline,0.15,0.15
baseline,Slovenia,Female,htn_diabetes,2025,2026,2030,859407,153280.898096121,0.356416472902356,0.380533388214262,0.380533388214262,0,58328.4995010417,58328.4995010417,0,inactive_at_baseline,0.15,0.15
baseline,Slovenia,Male,htn_diabetes,2025,2026,2030,861169,126406.039694231,0.274331534142191,0.291725039807303,0.291725039807303,0,36875.8069616832,36875.8069616832,0,inactive_at_baseline,0.15,0.15
baseline,Solomon Islands,Female,htn_diabetes,2025,2026,2030,228074,24428.0483978929,0.424299705928496,0.160450994477478,0.160450994477478,0,3919.50465858587,3919.50465858587,0,inactive_at_baseline,0.15,0.15
baseline,Solomon Islands,Male,htn_diabetes,2025,2026,2030,234705.5,16446.6316792022,0.367283863757135,0.14263190239399,0.14263190239399,0,2345.81436437788,2345.81436437788,0,inactive_at_baseline,0.15,0.14263190239399
baseline,Somalia,Female,htn_diabetes,2025,2026,2030,4470604,308364.376614498,0.241471197041762,0.215385896939893,0.215385896939893,0,66417.3378414244,66417.3378414244,0,inactive_at_baseline,0.15,0.15
baseline,Somalia,Male,htn_diabetes,2025,2026,2030,4350733.5,218289.930625808,0.191475914198618,0.209630891466071,0.209630891466071,0,45760.3127551548,45760.3127551548,0,inactive_at_baseline,0.15,0.15
baseline,South Africa,Female,htn_diabetes,2025,2026,2030,22788012.5,3020840.9223067,0.341997697297961,0.397884084107648,0.397884084107648,0,1201944.52360691,1201944.52360691,0,inactive_at_baseline,0.15,0.15
baseline,South Africa,Male,htn_diabetes,2025,2026,2030,20943438,2179041.20969039,0.274838236095065,0.273153840537442,0.273153840537442,0,595213.475116285,595213.475116285,0,inactive_at_baseline,0.15,0.15
baseline,South Sudan,Female,htn_diabetes,2025,2026,2030,3278193.5,265428.31880609,0.284661785851502,0.239116556858166,0.239116556858166,0,63468.3056855638,63468.3056855638,0,inactive_at_baseline,0.15,0.15
baseline,South Sudan,Male,htn_diabetes,2025,2026,2030,3017458,154761.608132345,0.197279025071392,0.213156635511536,0.213156635511536,0,32988.4636958454,32988.4636958454,0,inactive_at_baseline,0.15,0.15
baseline,Spain,Female,htn_diabetes,2025,2026,2030,20446366.5,2288280.36352491,0.355179126396273,0.441921221859733,0.441921221859733,0,1011239.65420656,1011239.65420656,0,inactive_at_baseline,0.15,0.15
baseline,Spain,Male,htn_diabetes,2025,2026,2030,19337635.5,2192494.14632956,0.288945765414306,0.401769784876729,0.401769784876729,0,880877.901514315,880877.901514315,0,inactive_at_baseline,0.15,0.15
baseline,Sri Lanka,Female,htn_diabetes,2025,2026,2030,8807415.5,1311179.3222086,0.403182545366129,0.265304289826224,0.265304289826224,0,347861.498913383,347861.498913383,0,inactive_at_baseline,0.15,0.15
baseline,Sri Lanka,Male,htn_diabetes,2025,2026,2030,7935572.5,895979.740124977,0.340734110316281,0.228527551647341,0.228527551647341,0,204756.056336382,204756.056336382,0,inactive_at_baseline,0.15,0.15
baseline,Sudan,Female,htn_diabetes,2025,2026,2030,13583720,1184914.8702798,0.246149318468432,0.209834860706194,0.209834860706194,0,248636.446753861,248636.446753861,0,inactive_at_baseline,0.15,0.15
baseline,Sudan,Male,htn_diabetes,2025,2026,2030,12819208,776680.639033869,0.190670970782476,0.185431919418285,0.185431919418285,0,144021.38167107,144021.38167107,0,inactive_at_baseline,0.15,0.15
baseline,Suriname,Female,htn_diabetes,2025,2026,2030,219111,29524.1084301017,0.339029613763467,0.338453547936338,0.338453547936338,0,9992.53924782505,9992.53924782505,0,inactive_at_baseline,0.15,0.15
baseline,Suriname,Male,htn_diabetes,2025,2026,2030,214766.5,24845.1205403189,0.304872115663374,0.285676751654258,0.285676751654258,0,7097.67333041677,7097.67333041677,0,inactive_at_baseline,0.15,0.15
baseline,Sweden,Female,htn_diabetes,2025,2026,2030,4175905,522756.876232944,0.382115805819252,0.284852108868395,0.284852108868395,0,148908.398620409,148908.398620409,0,inactive_at_baseline,0.15,0.15
baseline,Sweden,Male,htn_diabetes,2025,2026,2030,4190666,602919.005405549,0.361102498203853,0.300536244696627,0.300536244696627,0,181199.013740809,181199.013740809,0,inactive_at_baseline,0.15,0.15
baseline,Switzerland,Female,htn_diabetes,2025,2026,2030,3688081,352492.369535524,0.383527517125472,0.486752980222715,0.486752980222715,0,171576.711377183,171576.711377183,0,inactive_at_baseline,0.15,0.15
baseline,Switzerland,Male,htn_diabetes,2025,2026,2030,3588272,411103.639229757,0.351857263970383,0.449054757586823,0.449054757586823,0,184608.045057379,184608.045057379,0,inactive_at_baseline,0.15,0.15
baseline,Syrian Arab Republic,Female,htn_diabetes,2025,2026,2030,8069505.5,771281.458041345,0.320993215492518,0.346998128113878,0.346998128113878,0,267633.222189289,267633.222189289,0,inactive_at_baseline,0.15,0.15
baseline,Syrian Arab Republic,Male,htn_diabetes,2025,2026,2030,7875258.5,596913.310855204,0.229186084508026,0.281180559564571,0.281180559564571,0,167840.418757807,167840.418757807,0,inactive_at_baseline,0.15,0.15
baseline,Tajikistan,Female,htn_diabetes,2025,2026,2030,3167650.5,326800.580931167,0.314158236598512,0.201150977173891,0.201150977173891,0,65736.2561952995,65736.2561952995,0,inactive_at_baseline,0.15,0.15
baseline,Tajikistan,Male,htn_diabetes,2025,2026,2030,2938682.5,318272.052849047,0.256311984585067,0.164129950909337,0.164129950909337,0,52237.9764099279,52237.9764099279,0,inactive_at_baseline,0.15,0.15
baseline,Tanzania,Female,htn_diabetes,2025,2026,2030,17724197,1088208.1190059,0.228976418407545,0.195656267177352,0.195656267177352,0,212914.738476782,212914.738476782,0,inactive_at_baseline,0.15,0.15
baseline,Tanzania,Male,htn_diabetes,2025,2026,2030,16793901.5,687139.623537503,0.17615636315443,0.183705031810134,0.183705031810134,0,126231.00639996,126231.00639996,0,inactive_at_baseline,0.15,0.15
baseline,Thailand,Female,htn_diabetes,2025,2026,2030,30139128.5,3488657.94503911,0.359212960743709,0.394569400110307,0.394569400110307,0,1376517.67256414,1376517.67256414,0,inactive_at_baseline,0.15,0.15
baseline,Thailand,Male,htn_diabetes,2025,2026,2030,27794681.5,2438427.77578518,0.294249039814907,0.325888502442416,0.325888502442416,0,794655.576164625,794655.576164625,0,inactive_at_baseline,0.15,0.15
baseline,Timor-Leste,Female,htn_diabetes,2025,2026,2030,411810,34260.8481443569,0.26495111080196,0.215626338722539,0.215626338722539,0,7387.54124689658,7387.54124689658,0,inactive_at_baseline,0.15,0.15
baseline,Timor-Leste,Male,htn_diabetes,2025,2026,2030,413587,28756.5739237481,0.243726977775872,0.232842591290669,0.232842591290669,0,6695.75518904719,6695.75518904719,0,inactive_at_baseline,0.15,0.15
baseline,Togo,Female,htn_diabetes,2025,2026,2030,2521841,186949.745575195,0.254204193872075,0.241856636324739,0.241856636324739,0,45215.0366265822,45215.0366265822,0,inactive_at_baseline,0.15,0.15
baseline,Togo,Male,htn_diabetes,2025,2026,2030,2542448,144076.71566795,0.204206971696529,0.17173340591008,0.17173340591008,0,24742.7850939952,24742.7850939952,0,inactive_at_baseline,0.15,0.15
baseline,Tonga,Female,htn_diabetes,2025,2026,2030,32313.5,6173.07983882532,0.463841232129796,0.196179819816976,0.196179819816976,0,1211.03369049656,1211.03369049656,0,inactive_at_baseline,0.15,0.15
baseline,Tonga,Male,htn_diabetes,2025,2026,2030,25702,3870.14503121515,0.412557253901722,0.15605455230616,0.15605455230616,0,603.953750206188,603.953750206188,0,inactive_at_baseline,0.15,0.15
baseline,Trinidad and Tobago,Female,htn_diabetes,2025,2026,2030,597491.5,99215.6608511008,0.391941177612257,0.335972018583834,0.335972018583834,0,33333.6858512734,33333.6858512734,0,inactive_at_baseline,0.15,0.15
baseline,Trinidad and Tobago,Male,htn_diabetes,2025,2026,2030,573181,88183.4265048088,0.364293832291484,0.268506254475395,0.268506254475395,0,23677.8015576125,23677.8015576125,0,inactive_at_baseline,0.15,0.15
baseline,Tunisia,Female,htn_diabetes,2025,2026,2030,4473072.5,581202.370687569,0.389003893040855,0.276942491695655,0.276942491695655,0,160959.632717637,160959.632717637,0,inactive_at_baseline,0.15,0.15
baseline,Tunisia,Male,htn_diabetes,2025,2026,2030,4220651,404285.769419736,0.295105345764179,0.208659262356082,0.208659262356082,0,84357.9704281832,84357.9704281832,0,inactive_at_baseline,0.15,0.15
baseline,Turkey,Female,htn_diabetes,2025,2026,2030,32397930.5,4177906.665772,0.390328541853969,0.450856895921297,0.450856895921297,0,1883638.03077886,1883638.03077886,0,inactive_at_baseline,0.15,0.15
baseline,Turkey,Male,htn_diabetes,2025,2026,2030,31751575.5,2699265.8745229,0.299578645604827,0.386936707508259,0.386936707508259,0,1044445.05017729,1044445.05017729,0,inactive_at_baseline,0.15,0.15
baseline,Turkmenistan,Female,htn_diabetes,2025,2026,2030,2480627.5,290921.823486391,0.342767814826483,0.237138586601707,0.237138586601707,0,68988.7900331541,68988.7900331541,0,inactive_at_baseline,0.15,0.15
baseline,Turkmenistan,Male,htn_diabetes,2025,2026,2030,2279282,190585.361243772,0.282153547156941,0.194228423858074,0.194228423858074,0,37017.0943247995,37017.0943247995,0,inactive_at_baseline,0.15,0.15
baseline,Uganda,Female,htn_diabetes,2025,2026,2030,12507067,653159.376298381,0.201765989315765,0.205517017018381,0.205517017018381,0,134235.36665443,134235.36665443,0,inactive_at_baseline,0.15,0.15
baseline,Uganda,Male,htn_diabetes,2025,2026,2030,11918712.5,474497.950327972,0.159288656667595,0.191056975067221,0.191056975067221,0,90656.1430652587,90656.1430652587,0,inactive_at_baseline,0.15,0.15
baseline,Ukraine,Female,htn_diabetes,2025,2026,2030,17369356.5,3376080.73890498,0.404214898532207,0.262036899916623,0.262036899916623,0,884657.730690883,884657.730690883,0,inactive_at_baseline,0.15,0.15
baseline,Ukraine,Male,htn_diabetes,2025,2026,2030,14484021.5,1982510.53649608,0.304594173667838,0.204977453467648,0.204977453467648,0,406369.961243749,406369.961243749,0,inactive_at_baseline,0.15,0.15
baseline,United Arab Emirates,Female,htn_diabetes,2025,2026,2030,3019650,208923.561722555,0.313102360298914,0.349023512412265,0.349023512412265,0,72919.2353380868,72919.2353380868,0,inactive_at_baseline,0.15,0.15
baseline,United Arab Emirates,Male,htn_diabetes,2025,2026,2030,6123736,449554.115252267,0.224000386510727,0.299626530277324,0.299626530277324,0,134698.339724929,134698.339724929,0,inactive_at_baseline,0.15,0.15
baseline,United Kingdom,Female,htn_diabetes,2025,2026,2030,27891787.5,2807489.29937555,0.339152177310694,0.391452175242281,0.391452175242281,0,1098997.79320999,1098997.79320999,0,inactive_at_baseline,0.15,0.15
baseline,United Kingdom,Male,htn_diabetes,2025,2026,2030,26469240,2516176.66967773,0.286448779558781,0.413376419248647,0.413376419248647,0,1040128.10190837,1040128.10190837,0,inactive_at_baseline,0.15,0.15
baseline,United States,Female,htn_diabetes,2025,2026,2030,135029185,18180635.9623282,0.389171959372562,0.601643470928305,0.601643470928305,0,10938260.9240591,10938260.9240591,0,inactive_at_baseline,0.15,0.15
baseline,United States,Male,htn_diabetes,2025,2026,2030,134681241,16558100.8039897,0.340960055004095,0.547308830637753,0.547308830637753,0,9062394.78861365,9062394.78861365,0,inactive_at_baseline,0.15,0.15
baseline,Uruguay,Female,htn_diabetes,2025,2026,2030,1356764.5,220273.693142473,0.377821852930059,0.427046412801424,0.427046412801424,0,94067.0904910146,94067.0904910146,0,inactive_at_baseline,0.15,0.15
baseline,Uruguay,Male,htn_diabetes,2025,2026,2030,1236352,160897.756900661,0.287580322374324,0.356196161420817,0.356196161420817,0,57311.1633892352,57311.1633892352,0,inactive_at_baseline,0.15,0.15
baseline,Uzbekistan,Female,htn_diabetes,2025,2026,2030,11620159,1550118.60348208,0.338181920783296,0.316498240788364,0.316498240788364,0,490609.811015392,490609.811015392,0,inactive_at_baseline,0.15,0.15
baseline,Uzbekistan,Male,htn_diabetes,2025,2026,2030,11464160.5,1309961.09551466,0.277202851087944,0.221356166151249,0.221356166151249,0,289967.965910416,289967.965910416,0,inactive_at_baseline,0.15,0.15
baseline,Vanuatu,Female,htn_diabetes,2025,2026,2030,91194,12371.0417067154,0.406000634618235,0.150532439955398,0.150532439955398,0,1862.24309290186,1862.24309290186,0,inactive_at_baseline,0.15,0.15
baseline,Vanuatu,Male,htn_diabetes,2025,2026,2030,89621,10087.5228531896,0.354766864802506,0.101513799476357,0.101513799476357,0,1024.02277213187,1024.02277213187,0,inactive_at_baseline,0.15,0.101513799476357
baseline,Venezuela (Bolivarian Republic of),Female,htn_diabetes,2025,2026,2030,9902077,1291418.07806309,0.34131774738841,0.494783111795857,0.494783111795857,0,638971.855293482,638971.855293482,0,inactive_at_baseline,0.15,0.15
baseline,Venezuela (Bolivarian Republic of),Male,htn_diabetes,2025,2026,2030,9309412.5,1037015.69836948,0.300106972892915,0.358383766520007,0.358383766520007,0,371649.591922028,371649.591922028,0,inactive_at_baseline,0.15,0.15
baseline,Viet Nam,Female,htn_diabetes,2025,2026,2030,37636568.5,3515934.32387011,0.363420553771913,0.245308553756167,0.245308553756167,0,862488.764090243,862488.764090243,0,inactive_at_baseline,0.15,0.15
baseline,Viet Nam,Male,htn_diabetes,2025,2026,2030,34682757,2959431.7466138,0.285044431161526,0.214462347736671,0.214462347736671,0,634686.680345233,634686.680345233,0,inactive_at_baseline,0.15,0.15
baseline,Yemen,Female,htn_diabetes,2025,2026,2030,10560059.5,564560.138934096,0.253409211824213,0.309956645296974,0.309956645296974,0,174989.166732406,174989.166732406,0,inactive_at_baseline,0.15,0.15
baseline,Yemen,Male,htn_diabetes,2025,2026,2030,10618497.5,405611.170635073,0.189009337915826,0.252953768824495,0.252953768824495,0,102600.874289457,102600.874289457,0,inactive_at_baseline,0.15,0.15
baseline,Zambia,Female,htn_diabetes,2025,2026,2030,5568342,305966.440679616,0.243249901627704,0.232765396494384,0.232765396494384,0,71218.3998787665,71218.3998787665,0,inactive_at_baseline,0.15,0.15
baseline,Zambia,Male,htn_diabetes,2025,2026,2030,5357895.5,221289.934715523,0.177489719818625,0.189448942053271,0.189448942053271,0,41923.1440188932,41923.1440188932,0,inactive_at_baseline,0.15,0.15
baseline,Zimbabwe,Female,htn_diabetes,2025,2026,2030,4675795.5,495752.676359461,0.286156172286157,0.296563404427426,0.296563404427426,0,147022.10145517,147022.10145517,0,inactive_at_baseline,0.15,0.15
baseline,Zimbabwe,Male,htn_diabetes,2025,2026,2030,3849027,260271.475511665,0.236198772602801,0.238414033167737,0.238414033167737,0,62052.3721952539,62052.3721952539,0,inactive_at_baseline,0.15,0.15
bp_no_diabetes_only,Afghanistan,Female,htn_no_diabetes,2025,2026,2030,10656400,2758312.57905498,0.288116944917646,0.130085711511268,0.184129045570423,0.010808666811831,358817.054416848,507885.462566285,149068.408149437,joint_shared_proportional_scale_cap_1.0,0.15,0.15
bp_no_diabetes_only,Afghanistan,Male,htn_no_diabetes,2025,2026,2030,10584668.5,2239824.0290957,0.206915093397397,0.067564526875106,0.0956338071522393,0.00561385605542666,151332.650809345,214202.89925349,62870.2484441453,joint_shared_proportional_scale_cap_1.0,0.15,0.15
bp_no_diabetes_only,Albania,Female,htn_no_diabetes,2025,2026,2030,1119803,344300.42541648,0.296321263909921,0.0709776577476778,0.100464902917274,0.00589744903391921,24437.6377575908,34590.1088138428,10152.471056252,joint_shared_proportional_scale_cap_1.0,0.15,0.15
bp_no_diabetes_only,Albania,Male,htn_no_diabetes,2025,2026,2030,1063013.5,347988.140399332,0.23311824821873,0.0182072758909353,0.0257713802176105,0.00151282086533505,6335.91607902415,8968.1346774504,2632.21859842625,joint_shared_proportional_scale_cap_1.0,0.15,0.15
bp_no_diabetes_only,Algeria,Female,htn_no_diabetes,2025,2026,2030,14751664,2996350.05922519,0.378580542968894,0.147025627784635,0.208106549165718,0.0122161842762165,440540.248520112,623560.070917848,183019.822397736,joint_shared_proportional_scale_cap_1.0,0.15,0.15
bp_no_diabetes_only,Algeria,Male,htn_no_diabetes,2025,2026,2030,15328527.5,3434984.22066707,0.27594218781711,0.0695735713839626,0.0984774972364667,0.00578078517050083,238984.119879365,338268.649098048,99284.5292186827,joint_shared_proportional_scale_cap_1.0,0.15,0.15
bp_no_diabetes_only,Andorra,Female,htn_no_diabetes,2025,2026,2030,34136.5,7496.5846599565,0.298406149800026,0.329783553948763,0.46679016725175,0.0274013226605975,2472.25033163824,3499.332007238,1027.08167559977,joint_shared_proportional_scale_cap_1.0,0.15,0.15
bp_no_diabetes_only,Andorra,Male,htn_no_diabetes,2025,2026,2030,35615.5,10238.8552138139,0.261162859582898,0.259103133669997,0.366745987339507,0.0215285707339019,2652.91947109258,3755.05906461645,1102.13959352387,joint_shared_proportional_scale_cap_1.0,0.15,0.15
bp_no_diabetes_only,Angola,Female,htn_no_diabetes,2025,2026,2030,9454084.5,2197376.29436801,0.276026424413656,0.0927370092815696,0.131264047447607,0.00770540763320755,203778.105805907,288436.50616417,84658.4003582629,joint_shared_proportional_scale_cap_1.0,0.15,0.15
bp_no_diabetes_only,Angola,Male,htn_no_diabetes,2025,2026,2030,8954924.5,1835347.88723527,0.263834825544535,0.0529614614927065,0.0749639852323215,0.00440050474792302,97202.7064555309,137584.991914877,40382.2854593464,joint_shared_proportional_scale_cap_1.0,0.15,0.15
bp_no_diabetes_only,Antigua and Barbuda,Female,htn_no_diabetes,2025,2026,2030,38630,10968.1461042655,0.355415158778058,0.22070126115299,0.312390285606184,0.0183378048906388,2420.68367772164,3426.34229408184,1005.6586163602,joint_shared_proportional_scale_cap_1.0,0.15,0.15
bp_no_diabetes_only,Antigua and Barbuda,Male,htn_no_diabetes,2025,2026,2030,33803.5,9609.05405586035,0.298166557675434,0.136628967501129,0.193390658289754,0.011352338157725,1312.87513431473,1858.30128940466,545.42615508993,joint_shared_proportional_scale_cap_1.0,0.15,0.15
bp_no_diabetes_only,Argentina,Female,htn_no_diabetes,2025,2026,2030,16991234.5,4778029.74786443,0.315857537146284,0.147009872700032,0.208084248725054,0.0122148752050043,702417.544990518,994232.730470329,291815.185479811,joint_shared_proportional_scale_cap_1.0,0.15,0.15
bp_no_diabetes_only,Argentina,Male,htn_no_diabetes,2025,2026,2030,16332211,6309732.35914544,0.245154637778431,0.0731257388992433,0.103505391589324,0.0060759305380161,461403.841018976,653091.318657177,191687.477638201,joint_shared_proportional_scale_cap_1.0,0.15,0.15
bp_no_diabetes_only,Armenia,Female,htn_no_diabetes,2025,2026,2030,1237586,349700.642120324,0.416766981424112,0.0380083099225272,0.0537986359030182,0.00315806519609819,13291.5303858161,18813.417520483,5521.88713466691,joint_shared_proportional_scale_cap_1.0,0.15,0.15
bp_no_diabetes_only,Armenia,Male,htn_no_diabetes,2025,2026,2030,999336.5,313322.614081779,0.328133741934919,0.0235537714835308,0.0333390455605165,0.00195705481539714,7379.92925270475,10445.8769060126,3065.94765330782,joint_shared_proportional_scale_cap_1.0,0.15,0.15
bp_no_diabetes_only,Australia,Female,htn_no_diabetes,2025,2026,2030,10622094.5,2217823.97452115,0.328767459149663,0.221144439483557,0.313017579734622,0.0183746280502131,490459.439718674,694217.892782031,203758.453063357,joint_shared_proportional_scale_cap_1.0,0.15,0.15
bp_no_diabetes_only,Australia,Male,htn_no_diabetes,2025,2026,2030,10251233.5,2608461.97338969,0.265291708032925,0.20887749157973,0.295654401385876,0.0173553819612292,544848.993882752,771203.263280351,226354.269397599,joint_shared_proportional_scale_cap_1.0,0.15,0.15
bp_no_diabetes_only,Austria,Female,htn_no_diabetes,2025,2026,2030,3829405,989923.583204595,0.332288306457589,0.220946939248543,0.31273802920328,0.0183582179909474,218720.585799005,309586.750473254,90866.1646742484,joint_shared_proportional_scale_cap_1.0,0.15,0.15
bp_no_diabetes_only,Austria,Male,htn_no_diabetes,2025,2026,2030,3647096.5,1096560.36239071,0.286684581934179,0.231940464922039,0.328298749640585,0.0192716569437092,254336.720267981,359999.395878298,105662.675610316,joint_shared_proportional_scale_cap_1.0,0.15,0.15
bp_no_diabetes_only,Azerbaijan,Female,htn_no_diabetes,2025,2026,2030,3950832,1004878.05415193,0.36572520475046,0.123234548410083,0.174431607564257,0.0102394118308348,123835.693210616,175282.494391764,51446.8011811475,joint_shared_proportional_scale_cap_1.0,0.15,0.15
bp_no_diabetes_only,Azerbaijan,Male,htn_no_diabetes,2025,2026,2030,3600166,873264.569574518,0.323697792995275,0.0396143662099455,0.0560719187094014,0.00329151049989119,34593.8224572954,48965.6199569828,14371.7974996874,joint_shared_proportional_scale_cap_1.0,0.15,0.15
bp_no_diabetes_only,Bahamas,Female,htn_no_diabetes,2025,2026,2030,164326,47897.4794380907,0.326027315326277,0.226475126470149,0.320562868880317,0.0188175484820336,10847.587713343,15354.1534208104,4506.56570746739,joint_shared_proportional_scale_cap_1.0,0.15,0.15
bp_no_diabetes_only,Bahamas,Male,htn_no_diabetes,2025,2026,2030,144907,45233.3146263358,0.288191586856383,0.126218217261114,0.178654823868769,0.0104873213215311,5709.26833294715,8081.14985756863,2371.88152462148,joint_shared_proportional_scale_cap_1.0,0.15,0.15
bp_no_diabetes_only,Bahrain,Female,htn_no_diabetes,2025,2026,2030,439854,73100.2256530705,0.386080035007626,0.186712974582785,0.264281767814022,0.0155137586462474,13648.7605743576,19319.0568631974,5670.29628883981,joint_shared_proportional_scale_cap_1.0,0.15,0.15
bp_no_diabetes_only,Bahrain,Male,htn_no_diabetes,2025,2026,2030,828704,191772.750831934,0.268169590441785,0.124074239993756,0.175620144015179,0.0103091808042845,23794.0583109842,33679.1581192913,9885.09980830707,joint_shared_proportional_scale_cap_1.0,0.15,0.15
bp_no_diabetes_only,Bangladesh,Female,htn_no_diabetes,2025,2026,2030,59223138.5,13641075.5575192,0.219874659115649,0.117667144030192,0.166551258194102,0.00977682283278205,1605106.40235334,2271938.29722563,666831.894872294,joint_shared_proportional_scale_cap_1.0,0.15,0.15
bp_no_diabetes_only,Bangladesh,Male,htn_no_diabetes,2025,2026,2030,54363605,8806315.99863917,0.215322552979708,0.108153543737481,0.15308528932262,0.00898634911702779,952434.282524899,1348117.43251809,395683.149993194,joint_shared_proportional_scale_cap_1.0,0.15,0.15
bp_no_diabetes_only,Barbados,Female,htn_no_diabetes,2025,2026,2030,116219.5,33685.3691628895,0.397122004010239,0.317851986363151,0.449901700976902,0.0264099429227502,10706.9614998005,15155.1048844189,4448.1433846184,joint_shared_proportional_scale_cap_1.0,0.15,0.15
bp_no_diabetes_only,Barbados,Male,htn_no_diabetes,2025,2026,2030,103510.5,28483.1016797837,0.341958504975447,0.237384895347905,0.336005036259946,0.0197240281824081,6761.45811143919,9570.46561271143,2809.00750127225,joint_shared_proportional_scale_cap_1.0,0.15,0.15
bp_no_diabetes_only,Belarus,Female,htn_no_diabetes,2025,2026,2030,3909680,1315356.34965957,0.380107069411175,0.0797914349113647,0.112940311308913,0.00662977527950971,104954.170559112,148556.755612708,43602.5850535958,joint_shared_proportional_scale_cap_1.0,0.15,0.15
bp_no_diabetes_only,Belarus,Male,htn_no_diabetes,2025,2026,2030,3241931.5,1209813.43165851,0.280198360573235,0.0239403892592678,0.0338862813884947,0.00198917842584539,28963.4044849952,40996.0783727606,12032.6738877654,joint_shared_proportional_scale_cap_1.0,0.15,0.15
bp_no_diabetes_only,Belgium,Female,htn_no_diabetes,2025,2026,2030,4782953,1054896.60305826,0.363411341036508,0.368649991968676,0.521803435459217,0.0306306886981083,388887.62424521,550448.671530056,161561.047284847,joint_shared_proportional_scale_cap_1.0,0.15,0.15
bp_no_diabetes_only,Belgium,Male,htn_no_diabetes,2025,2026,2030,4571695.5,1215748.91503935,0.308042053060249,0.300976051202218,0.42601475906613,0.0250077415727826,365911.307701924,517926.981125399,152015.673423474,joint_shared_proportional_scale_cap_1.0,0.15,0.15
bp_no_diabetes_only,Belize,Female,htn_no_diabetes,2025,2026,2030,140619,29880.4507119797,0.304688567556802,0.221386629728861,0.313360386474857,0.0183947513491993,6615.13227790452,9363.34958314887,2748.21730524435,joint_shared_proportional_scale_cap_1.0,0.15,0.15
bp_no_diabetes_only,Belize,Male,htn_no_diabetes,2025,2026,2030,141068,33958.6655836703,0.24518325621494,0.122433270720606,0.173297443831082,0.0101728346220953,4157.67049671603,5884.94994156461,1727.27944484858,joint_shared_proportional_scale_cap_1.0,0.15,0.15
bp_no_diabetes_only,Benin,Female,htn_no_diabetes,2025,2026,2030,3738262,604953.322453641,0.300504265431333,0.0571435262733831,0.0808834639178263,0.00474798752888864,34569.1660758001,48930.7202286482,14361.5541528482,joint_shared_proportional_scale_cap_1.0,0.15,0.15
bp_no_diabetes_only,Benin,Male,htn_no_diabetes,2025,2026,2030,3683484.5,657343.172812682,0.21200580430093,0.0491184658253721,0.0695244399038075,0.00408119481568708,32287.6881693414,45701.4159143935,13413.7277450521,joint_shared_proportional_scale_cap_1.0,0.15,0.15
bp_no_diabetes_only,Bhutan,Female,htn_no_diabetes,2025,2026,2030,267843.5,76163.29133124,0.230571096323801,0.0726189313713038,0.102788033892439,0.00603382050422694,5530.89682619594,7828.67497071517,2297.77814451923,joint_shared_proportional_scale_cap_1.0,0.15,0.15
bp_no_diabetes_only,Bhutan,Male,htn_no_diabetes,2025,2026,2030,314056.5,98223.854913506,0.20223139413412,0.0390414278312598,0.0552609564937017,0.00324390573248837,3834.79954291378,5427.94417301892,1593.14463010514,joint_shared_proportional_scale_cap_1.0,0.15,0.15
bp_no_diabetes_only,Bolivia,Female,htn_no_diabetes,2025,2026,2030,3989287,609573.14461524,0.288227077816936,0.293758218319368,0.415798320501386,0.0244080204364036,179067.120897507,253459.489753765,74392.368856258,joint_shared_proportional_scale_cap_1.0,0.15,0.15
bp_no_diabetes_only,Bolivia,Male,htn_no_diabetes,2025,2026,2030,3933289,725874.361307111,0.233818868809144,0.158020611299355,0.223669333095701,0.0131297443592691,114703.110300279,162355.834304829,47652.7240045506,joint_shared_proportional_scale_cap_1.0,0.15,0.15
bp_no_diabetes_only,Bosnia and Herzegovina,Female,htn_no_diabetes,2025,2026,2030,1388219.5,420347.407066761,0.425453090826479,0.150863642284951,0.213539043931044,0.0125350803292185,63415.1408551266,89760.5834239293,26345.4425688028,joint_shared_proportional_scale_cap_1.0,0.15,0.15
bp_no_diabetes_only,Bosnia and Herzegovina,Male,htn_no_diabetes,2025,2026,2030,1220047.5,410112.214819973,0.336845171043919,0.0667683505255211,0.0945068640802316,0.00554770271094211,27382.5161138977,38758.4193436339,11375.9032297362,joint_shared_proportional_scale_cap_1.0,0.15,0.15
bp_no_diabetes_only,Botswana,Female,htn_no_diabetes,2025,2026,2030,782811.5,207594.677842983,0.293933190652956,0.180188575844868,0.255046846479641,0.0149716541269546,37406.1893535012,52946.3679298097,15540.1785763085,joint_shared_proportional_scale_cap_1.0,0.15,0.15
bp_no_diabetes_only,Botswana,Male,htn_no_diabetes,2025,2026,2030,766563.5,190009.397851541,0.246620828656797,0.0960467104251353,0.135948744218746,0.0079804067587221,18249.7776135013,25831.5390276771,7581.76141417578,joint_shared_proportional_scale_cap_1.0,0.15,0.15
bp_no_diabetes_only,Brazil,Female,htn_no_diabetes,2025,2026,2030,82212314,25230752.8649264,0.257009028781802,0.350893876411035,0.496670647448265,0.029155354207446,8853316.67754283,12531374.3610301,3678057.68348731,joint_shared_proportional_scale_cap_1.0,0.15,0.15
bp_no_diabetes_only,Brazil,Male,htn_no_diabetes,2025,2026,2030,77657112,28534883.3458372,0.194808957901381,0.251572145666599,0.356086295224528,0.0209028299115859,7178581.82965837,10160880.8952833,2982299.0656249,joint_shared_proportional_scale_cap_1.0,0.15,0.15
bp_no_diabetes_only,Brunei Darussalam,Female,htn_no_diabetes,2025,2026,2030,160698,41980.1082343351,0.356302839443615,0.296359015102259,0.419479602817429,0.0246241175430341,12441.1835302138,17609.7991283716,5168.61559815781,joint_shared_proportional_scale_cap_1.0,0.15,0.15
bp_no_diabetes_only,Brunei Darussalam,Male,htn_no_diabetes,2025,2026,2030,184517.5,51967.1577794433,0.324077136517538,0.207018799684744,0.293023527013455,0.0172009454657421,10758.1786265281,15227.5998613972,4469.42123486908,joint_shared_proportional_scale_cap_1.0,0.15,0.15
bp_no_diabetes_only,Bulgaria,Female,htn_no_diabetes,2025,2026,2030,2859678,920975.794401197,0.361934847598705,0.226625499307954,0.32077571321797,0.0188300427820032,208716.599256711,295426.667305531,86710.0680488195,joint_shared_proportional_scale_cap_1.0,0.15,0.15
bp_no_diabetes_only,Bulgaria,Male,htn_no_diabetes,2025,2026,2030,2608251.5,1003358.39649747,0.272241196030903,0.1433680679864,0.202929477933667,0.0119122819894535,143849.554803774,203610.995581593,59761.4407778187,joint_shared_proportional_scale_cap_1.0,0.15,0.15
bp_no_diabetes_only,Burkina Faso,Female,htn_no_diabetes,2025,2026,2030,6083031.5,1068253.29577812,0.252946997604433,0.0736244991109181,0.104211358760332,0.00611737192988276,78649.6138252513,111324.12745324,32674.513627989,joint_shared_proportional_scale_cap_1.0,0.15,0.15
bp_no_diabetes_only,Burkina Faso,Male,htn_no_diabetes,2025,2026,2030,5816630.5,1010369.36416648,0.193321346416144,0.0301935190658199,0.0427372367296482,0.00250874353276566,30506.6066604808,43180.3947007668,12673.788040286,joint_shared_proportional_scale_cap_1.0,0.15,0.15
bp_no_diabetes_only,Burundi,Female,htn_no_diabetes,2025,2026,2030,3398525,681521.010767101,0.231856717435163,0.0980385664986786,0.138768105034583,0.00814590770718089,66815.3429343371,94573.3792054043,27758.0362710672,joint_shared_proportional_scale_cap_1.0,0.15,0.15
bp_no_diabetes_only,Burundi,Male,htn_no_diabetes,2025,2026,2030,3266953,669405.384353913,0.184630148223236,0.0644758593666175,0.0912619711233984,0.00535722235135618,43160.4874208594,61091.2548567542,17930.7674358948,joint_shared_proportional_scale_cap_1.0,0.15,0.15
bp_no_diabetes_only,Cabo Verde,Female,htn_no_diabetes,2025,2026,2030,177016,41117.6807120882,0.346833969216931,0.142446078994336,0.201624454106201,0.011835675022373,5857.05239477802,8290.32992768787,2433.27753290985,joint_shared_proportional_scale_cap_1.0,0.15,0.15
bp_no_diabetes_only,Cabo Verde,Male,htn_no_diabetes,2025,2026,2030,181185,55957.3929878444,0.227310649083238,0.0514624425871585,0.0728422078505938,0.00427595305268706,2879.704123964,4076.06005079792,1196.35592683391,joint_shared_proportional_scale_cap_1.0,0.15,0.15
bp_no_diabetes_only,Cambodia,Female,htn_no_diabetes,2025,2026,2030,5871047,868408.998586203,0.314526753106943,0.218429312744207,0.309174469762656,0.0181490314036899,189685.980742069,268489.891675008,78803.9109329394,joint_shared_proportional_scale_cap_1.0,0.15,0.15
bp_no_diabetes_only,Cambodia,Male,htn_no_diabetes,2025,2026,2030,5384942,852358.703778167,0.259523574134363,0.125471480681264,0.17759786002437,0.0104252758686213,106946.708634609,151377.081764149,44430.3731295395,joint_shared_proportional_scale_cap_1.0,0.15,0.15
bp_no_diabetes_only,Cameroon,Female,htn_no_diabetes,2025,2026,2030,7586438,1576156.08141369,0.259906861178751,0.0636523405194033,0.0900963262759728,0.0052887971513139,100326.023605873,142005.872572907,41679.8489670341,joint_shared_proportional_scale_cap_1.0,0.15,0.15
bp_no_diabetes_only,Cameroon,Male,htn_no_diabetes,2025,2026,2030,7383628,1487301.3677411,0.206691765282523,0.0123528952911169,0.0174848320661851,0.00102638735501364,18372.4780620408,26005.2146467606,7632.73658471982,joint_shared_proportional_scale_cap_1.0,0.15,0.15
bp_no_diabetes_only,Canada,Female,htn_no_diabetes,2025,2026,2030,16404298,2842177.02881736,0.334144775627451,0.518762446381986,0.734279214991409,0.0431033537218845,1474414.70851998,2086951.51758663,612536.809066647,joint_shared_proportional_scale_cap_1.0,0.15,0.15
bp_no_diabetes_only,Canada,Male,htn_no_diabetes,2025,2026,2030,15954765.5,3082816.22309171,0.328321706513712,0.591223735382266,0.836844114928697,0.0491240759092861,1822634.12291333,2579836.61370101,757202.490787679,joint_shared_proportional_scale_cap_1.0,0.15,0.15
bp_no_diabetes_only,Central African Republic,Female,htn_no_diabetes,2025,2026,2030,1259422.5,260999.951941085,0.284233435526141,0.0188815531670765,0.0267257819721411,0.00156884576101291,4928.08446918002,6975.42781031675,2047.34334113673,joint_shared_proportional_scale_cap_1.0,0.15,0.15
bp_no_diabetes_only,Central African Republic,Male,htn_no_diabetes,2025,2026,2030,1023279,196866.622996662,0.254410682726743,0.0113147426240444,0.0160153850567963,0.000940128486550379,2227.49517047201,3152.89477212269,925.399601650678,joint_shared_proportional_scale_cap_1.0,0.15,0.15
bp_no_diabetes_only,Chad,Female,htn_no_diabetes,2025,2026,2030,4796415,1120021.13766975,0.23183112488282,0.093661496995815,0.132572608076503,0.00778222221613769,104902.856421105,148484.123321692,43581.2669005868,joint_shared_proportional_scale_cap_1.0,0.15,0.15
bp_no_diabetes_only,Chad,Male,htn_no_diabetes,2025,2026,2030,4708514,1000660.57272875,0.187383149158477,0.0624266518497673,0.0883614325487167,0.00518695613978986,62467.8891935267,88419.801701332,25951.9125078053,joint_shared_proportional_scale_cap_1.0,0.15,0.15
bp_no_diabetes_only,Chile,Female,htn_no_diabetes,2025,2026,2030,7894715.5,1788841.51388559,0.348833623919168,0.36580439624623,0.517775653942199,0.0303942515391938,654366.089967111,926218.584651065,271852.494683955,joint_shared_proportional_scale_cap_1.0,0.15,0.15
bp_no_diabetes_only,Chile,Male,htn_no_diabetes,2025,2026,2030,7695890.5,2125482.39114202,0.287596475883708,0.223607807723518,0.316504339638097,0.0185793063829159,475274.457838207,672724.400620809,197449.942782602,joint_shared_proportional_scale_cap_1.0,0.15,0.15
bp_no_diabetes_only,China,Female,htn_no_diabetes,2025,2026,2030,561666473.5,112039071.494368,0.279017013042484,0.136267154715485,0.192878532537265,0.011322275564356,15267245.4895024,21609931.6966715,6342686.20716912,joint_shared_proportional_scale_cap_1.0,0.15,0.15
bp_no_diabetes_only,China,Male,htn_no_diabetes,2025,2026,2030,567724824.5,138055481.0977,0.211370620410247,0.107311200727386,0.151892999925961,0.00891635983971503,14814899.4435911,20969661.1801515,6154761.73656035,joint_shared_proportional_scale_cap_1.0,0.15,0.15
bp_no_diabetes_only,Colombia,Female,htn_no_diabetes,2025,2026,2030,20313225.5,4031543.73239613,0.310723657653871,0.363357975437904,0.514312882179894,0.0301909813483979,1464893.56849283,2073474.87664294,608581.308150109,joint_shared_proportional_scale_cap_1.0,0.15,0.15
bp_no_diabetes_only,Colombia,Male,htn_no_diabetes,2025,2026,2030,19322909,4071535.62934468,0.255416227628668,0.201408012490324,0.285081771696862,0.0167347518413076,820039.898889851,1160720.59074048,340680.691850625,joint_shared_proportional_scale_cap_1.0,0.15,0.15
bp_no_diabetes_only,Comoros,Female,htn_no_diabetes,2025,2026,2030,242865,51113.0443925684,0.273836630393999,0.0877751296230911,0.124240784437882,0.0072931309629581,4486.4540969885,6350.32473034096,1863.87063335246,joint_shared_proportional_scale_cap_1.0,0.15,0.15
bp_no_diabetes_only,Comoros,Male,htn_no_diabetes,2025,2026,2030,241785,45349.5800302653,0.230894086205327,0.0594474073536223,0.0841444786709758,0.0049394142634707,2695.91495737488,3815.91676959437,1120.00181221949,joint_shared_proportional_scale_cap_1.0,0.15,0.15
bp_no_diabetes_only,Congo,Female,htn_no_diabetes,2025,2026,2030,1672142,380913.904490861,0.305887249921217,0.0660642735898534,0.0935102825751106,0.00548920179705144,25164.8004004635,35619.3668457291,10454.5664452656,joint_shared_proportional_scale_cap_1.0,0.15,0.15
bp_no_diabetes_only,Congo,Male,htn_no_diabetes,2025,2026,2030,1643888.5,363845.57026389,0.26320878521085,0.0366780527740554,0.0519157313452018,0.00304753571422928,13345.1470277452,18889.3088769619,5544.16184921662,joint_shared_proportional_scale_cap_1.0,0.15,0.15
bp_no_diabetes_only,Costa Rica,Female,htn_no_diabetes,2025,2026,2030,2003858.5,536312.410641273,0.316282718030832,0.487839373152721,0.690509335166324,0.0405339924027205,261634.310221263,370328.726113354,108694.41589209,joint_shared_proportional_scale_cap_1.0,0.15,0.15
bp_no_diabetes_only,Costa Rica,Male,htn_no_diabetes,2025,2026,2030,1915980,471091.477483947,0.290939940673689,0.410853931577756,0.58154075041297,0.0341373637670429,193549.785657054,273958.89132917,80409.105672116,joint_shared_proportional_scale_cap_1.0,0.15,0.15
bp_no_diabetes_only,Croatia,Female,htn_no_diabetes,2025,2026,2030,1654357,573026.299371736,0.37788833582198,0.190257256025617,0.269298499872601,0.0158082487693968,109022.41134898,154315.122808356,45292.7114593762,joint_shared_proportional_scale_cap_1.0,0.15,0.15
bp_no_diabetes_only,Croatia,Male,htn_no_diabetes,2025,2026,2030,1500058.5,583874.966347651,0.305518894683859,0.100483186360695,0.142228327658162,0.0083490282594933,58669.6170548556,83043.5600250918,24373.9429702362,joint_shared_proportional_scale_cap_1.0,0.15,0.15
bp_no_diabetes_only,Cuba,Female,htn_no_diabetes,2025,2026,2030,4518655,1394620.10038441,0.312976207672578,0.333208194863444,0.471637554837335,0.0276858719947782,464698.846169365,657755.214072303,193056.367902937,joint_shared_proportional_scale_cap_1.0,0.15,0.15
bp_no_diabetes_only,Cuba,Male,htn_no_diabetes,2025,2026,2030,4302829,1342043.83397356,0.265753667467407,0.236015792791651,0.334067148201046,0.0196102710818791,316743.539436415,448332.756376344,131589.216939929,joint_shared_proportional_scale_cap_1.0,0.15,0.15
bp_no_diabetes_only,Cyprus,Female,htn_no_diabetes,2025,2026,2030,546996,103589.414307097,0.345841095625722,0.324426614975156,0.459207719887392,0.0269562209824472,33607.1630309105,47569.0587484325,13961.895717522,joint_shared_proportional_scale_cap_1.0,0.15,0.15
bp_no_diabetes_only,Cyprus,Male,htn_no_diabetes,2025,2026,2030,548979.5,133330.891747355,0.309330234923672,0.253802695391808,0.359243513547961,0.0210881636312306,33839.7397044721,47898.2580158027,14058.5183113306,joint_shared_proportional_scale_cap_1.0,0.15,0.15
bp_no_diabetes_only,Czechia,Female,htn_no_diabetes,2025,2026,2030,4364241,1111620.54827909,0.401682676165208,0.363738203534813,0.514851073775031,0.0302225740480436,404338.861243419,572319.032911876,167980.171668458,joint_shared_proportional_scale_cap_1.0,0.15,0.15
bp_no_diabetes_only,Czechia,Male,htn_no_diabetes,2025,2026,2030,4169023,1477260.0922614,0.332700647659766,0.256818993566408,0.36351291483418,0.0213387842535543,379388.450130391,537003.12210615,157614.671975759,joint_shared_proportional_scale_cap_1.0,0.15,0.15
bp_no_diabetes_only,Democratic People's Republic of Korea,Female,htn_no_diabetes,2025,2026,2030,10332960,1973809.82811395,0.286444265141714,0.205440426352842,0.290789427881577,0.017069800305747,405500.332627159,573963.030664289,168462.69803713,joint_shared_proportional_scale_cap_1.0,0.15,0.15
bp_no_diabetes_only,Democratic People's Republic of Korea,Male,htn_no_diabetes,2025,2026,2030,9905557,2114061.55121175,0.231720860397241,0.169578982563928,0.240029560860685,0.0140901156593514,358500.406932008,507437.265769815,148936.858837807,joint_shared_proportional_scale_cap_1.0,0.15,0.15
bp_no_diabetes_only,Democratic Republic of the Congo,Female,htn_no_diabetes,2025,2026,2030,26154326,4998965.24121037,0.289445099044984,0.0804396920504304,0.113857883015396,0.00668363819299307,402115.224573768,569171.59963176,167056.375057992,joint_shared_proportional_scale_cap_1.0,0.15,0.15
bp_no_diabetes_only,Democratic Republic of the Congo,Male,htn_no_diabetes,2025,2026,2030,25180274,4509609.91763201,0.263259663626323,0.0671138759757295,0.0949959360207856,0.00557641200901123,302657.400710874,428394.61521407,125737.214503196,joint_shared_proportional_scale_cap_1.0,0.15,0.15
bp_no_diabetes_only,Denmark,Female,htn_no_diabetes,2025,2026,2030,2427793.5,514258.795292684,0.402385369159417,0.0417745380820924,0.0591295211198863,0.00347099660755877,21482.9236280052,30407.8762973461,8924.95266934085,joint_shared_proportional_scale_cap_1.0,0.15,0.15
bp_no_diabetes_only,Denmark,Male,htn_no_diabetes,2025,2026,2030,2360863,696626.004393742,0.371672521095329,0.0324272989189179,0.0458990271183623,0.00269434563988889,22589.6996791673,31974.4558670248,9384.7561878575,joint_shared_proportional_scale_cap_1.0,0.15,0.15
bp_no_diabetes_only,Djibouti,Female,htn_no_diabetes,2025,2026,2030,383455.5,81557.4756613691,0.27680932201004,0.09125187459889,0.129161922406444,0.00758200956151089,7442.27254165328,10534.1203430392,3091.84780138596,joint_shared_proportional_scale_cap_1.0,0.15,0.15
bp_no_diabetes_only,Djibouti,Male,htn_no_diabetes,2025,2026,2030,368267.5,78640.6228778812,0.221229095301794,0.0580908111561765,0.0822242926631642,0.00482669630139753,4568.29757280309,6466.16959072443,1897.87201792134,joint_shared_proportional_scale_cap_1.0,0.15,0.15
bp_no_diabetes_only,Dominica,Female,htn_no_diabetes,2025,2026,2030,25408,8184.24758255382,0.350850916143688,0.154285991103406,0.218383187182676,0.012819439215854,1262.71474970997,1787.30207177021,524.587322060245,joint_shared_proportional_scale_cap_1.0,0.15,0.15
bp_no_diabetes_only,Dominica,Male,htn_no_diabetes,2025,2026,2030,25388,7864.18666182486,0.314750869207997,0.0963132299772194,0.136325987731358,0.00800255155082762,757.425218544119,1072.09301437704,314.667795832922,joint_shared_proportional_scale_cap_1.0,0.15,0.15
bp_no_diabetes_only,Dominican Republic,Female,htn_no_diabetes,2025,2026,2030,3926344,1284419.96505112,0.26712551076232,0.210582921413092,0.298068341885998,0.0174970840945812,270476.908561767,382844.92926806,112368.020706293,joint_shared_proportional_scale_cap_1.0,0.15,0.15
bp_no_diabetes_only,Dominican Republic,Male,htn_no_diabetes,2025,2026,2030,3783715.5,1287591.44277389,0.225845968059066,0.145218406536115,0.205548528613278,0.0120660244154326,186981.977589162,264662.526517222,77680.5489280595,joint_shared_proportional_scale_cap_1.0,0.15,0.15
bp_no_diabetes_only,Ecuador,Female,htn_no_diabetes,2025,2026,2030,6408365.5,984540.953992139,0.309798931795456,0.35395204706217,0.500999316882003,0.0294094539639667,348480.286082059,493254.345392418,144774.059310359,joint_shared_proportional_scale_cap_1.0,0.15,0.15
bp_no_diabetes_only,Ecuador,Male,htn_no_diabetes,2025,2026,2030,6234871,1215598.10382928,0.244297231111955,0.145832534915114,0.206417792969594,0.012117051610896,177273.752919429,250921.077730463,73647.3248110337,joint_shared_proportional_scale_cap_1.0,0.15,0.15
bp_no_diabetes_only,Egypt,Female,htn_no_diabetes,2025,2026,2030,36007823.5,7849232.9005112,0.352799430384255,0.175763291766237,0.248783104487456,0.0146039625442439,1379607.0124337,1952756.52883426,573149.516400565,joint_shared_proportional_scale_cap_1.0,0.15,0.15
bp_no_diabetes_only,Egypt,Male,htn_no_diabetes,2025,2026,2030,36056804,7726674.25374586,0.271902389278726,0.100844387965576,0.14273958831848,0.00837904007058079,779191.736128376,1102902.30205068,323710.565922307,joint_shared_proportional_scale_cap_1.0,0.15,0.15
bp_no_diabetes_only,El Salvador,Female,htn_no_diabetes,2025,2026,2030,2370154.5,469991.160977871,0.34008790279236,0.432076447341718,0.611580033950141,0.0359007173216846,203072.111117328,287437.210187112,84365.0990697845,joint_shared_proportional_scale_cap_1.0,0.15,0.15
bp_no_diabetes_only,El Salvador,Male,htn_no_diabetes,2025,2026,2030,1996053,370760.430124952,0.284331324546486,0.223347037039495,0.316135233326543,0.0185576392574096,82808.2435198968,117210.435085801,34402.1915659044,joint_shared_proportional_scale_cap_1.0,0.15,0.15
bp_no_diabetes_only,Equatorial Guinea,Female,htn_no_diabetes,2025,2026,2030,485181.5,104514.037172325,0.324763942625213,0.0844562535949291,0.119543101130987,0.00701736950721152,8826.8640276557,12493.9321152989,3667.06808764322,joint_shared_proportional_scale_cap_1.0,0.15,0.15
bp_no_diabetes_only,Equatorial Guinea,Male,htn_no_diabetes,2025,2026,2030,581382.5,120479.295055217,0.300750839856779,0.0504675534549369,0.0714339979539329,0.0041932888997992,6080.29526341228,8606.31771646565,2526.02245305337,joint_shared_proportional_scale_cap_1.0,0.15,0.15
bp_no_diabetes_only,Eritrea,Female,htn_no_diabetes,2025,2026,2030,983070,129759.573298736,0.291641569681166,0.0920441841180802,0.130283392196401,0.0076478416156641,11943.6140557924,16905.5173793169,4961.90332352446,joint_shared_proportional_scale_cap_1.0,0.15,0.15
bp_no_diabetes_only,Eritrea,Male,htn_no_diabetes,2025,2026,2030,922724,127490.564967127,0.21899856651553,0.0818741039161966,0.115888212747463,0.00680282176625322,10438.1757644532,14774.6537162046,4336.47795175146,joint_shared_proportional_scale_cap_1.0,0.15,0.15
bp_no_diabetes_only,Estonia,Female,htn_no_diabetes,2025,2026,2030,574042.5,131306.745240137,0.46231273042044,0.11989516124322,0.169704891888252,0.00996194612900634,15743.0433928887,22283.3970051757,6540.35361228703,joint_shared_proportional_scale_cap_1.0,0.15,0.15
bp_no_diabetes_only,Estonia,Male,htn_no_diabetes,2025,2026,2030,501928,157742.847891207,0.329991304100448,0.0805898992916959,0.114070492960413,0.00669611873374348,12712.4802255377,17993.8044199295,5281.3241943918,joint_shared_proportional_scale_cap_1.0,0.15,0.15
bp_no_diabetes_only,Eswatini,Female,htn_no_diabetes,2025,2026,2030,380862,91280.5337397489,0.363766597427567,0.0946092290777669,0.133914069807227,0.00786096814589197,8635.98092692474,12223.7477672657,3587.76684034092,joint_shared_proportional_scale_cap_1.0,0.15,0.15
bp_no_diabetes_only,Eswatini,Male,htn_no_diabetes,2025,2026,2030,356199,72905.1268466408,0.313400021181568,0.0437152903124231,0.0618765473052218,0.00363225139855974,3187.06878536494,4511.11753011937,1324.04874475443,joint_shared_proportional_scale_cap_1.0,0.15,0.15
bp_no_diabetes_only,Ethiopia,Female,htn_no_diabetes,2025,2026,2030,35970402,6803202.97202898,0.210520909368734,0.0344133462775504,0.0487101660232757,0.00285936394914506,234120.979672893,331385.146257574,97264.1665846811,joint_shared_proportional_scale_cap_1.0,0.15,0.15
bp_no_diabetes_only,Ethiopia,Male,htn_no_diabetes,2025,2026,2030,35070456.5,5540483.27252469,0.170320704513198,0.0308812894392514,0.0437107372083736,0.00256588955382444,171097.267572166,242178.608332716,71081.3407605506,joint_shared_proportional_scale_cap_1.0,0.15,0.15
bp_no_diabetes_only,Fiji,Female,htn_no_diabetes,2025,2026,2030,313980.5,50518.2133971298,0.54203193321103,0.0747128645951785,0.105751879202743,0.00620780292151283,3774.36043713009,5342.39600071164,1568.03556358155,joint_shared_proportional_scale_cap_1.0,0.15,0.15
bp_no_diabetes_only,Fiji,Male,htn_no_diabetes,2025,2026,2030,302381,49287.6488121072,0.492705678460059,0.0166834893941113,0.0236145456963264,0.00138621126044304,822.289966217471,1163.905435138,341.615468920524,joint_shared_proportional_scale_cap_1.0,0.15,0.15
bp_no_diabetes_only,Finland,Female,htn_no_diabetes,2025,2026,2030,2322957.5,591212.576885801,0.380996713163128,0.234000661680596,0.331214842871989,0.0194428362382786,138344.134185168,195818.380757174,57474.2465720066,joint_shared_proportional_scale_cap_1.0,0.15,0.15
bp_no_diabetes_only,Finland,Male,htn_no_diabetes,2025,2026,2030,2236322,677220.580039496,0.328869867679374,0.220546721374735,0.312171543197489,0.0183249643645508,149358.778575207,211408.993556028,62050.214980821,joint_shared_proportional_scale_cap_1.0,0.15,0.15
bp_no_diabetes_only,France,Female,htn_no_diabetes,2025,2026,2030,27438934,6288030.8241896,0.332739327167017,0.296398182073188,0.419535041473153,0.024627371879993,1863760.90510997,2638049.27261085,774288.367500882,joint_shared_proportional_scale_cap_1.0,0.15,0.15
bp_no_diabetes_only,France,Male,htn_no_diabetes,2025,2026,2030,25084977,7228599.77513889,0.289469955307648,0.190311149882939,0.269374783611956,0.0158127267458035,1375683.13525024,1947202.50024548,571519.36499524,joint_shared_proportional_scale_cap_1.0,0.15,0.15
bp_no_diabetes_only,Gabon,Female,htn_no_diabetes,2025,2026,2030,711171,151683.928285865,0.313769239626865,0.108437947346675,0.153487846717351,0.00900997987413518,16448.2938287994,23281.6395342265,6833.34570542702,joint_shared_proportional_scale_cap_1.0,0.15,0.15
bp_no_diabetes_only,Gabon,Male,htn_no_diabetes,2025,2026,2030,742372,152748.593867902,0.294246591890731,0.0636226954339074,0.0900543653162732,0.00528633397647317,9718.27726561517,13755.6776737271,4037.40040811197,joint_shared_proportional_scale_cap_1.0,0.15,0.15
bp_no_diabetes_only,Gambia,Female,htn_no_diabetes,2025,2026,2030,735656.5,165254.575704669,0.265826804510019,0.0693579427047221,0.0981722869067164,0.00576286884039886,11461.7173934176,16223.4196187265,4761.70222530886,joint_shared_proportional_scale_cap_1.0,0.15,0.15
bp_no_diabetes_only,Gambia,Male,htn_no_diabetes,2025,2026,2030,710660.5,147040.322873075,0.20873731407688,0.0481946090445981,0.0682167723259356,0.0040044326562675,7086.5508746593,10030.6162281646,2944.06535350528,joint_shared_proportional_scale_cap_1.0,0.15,0.15
bp_no_diabetes_only,Georgia,Female,htn_no_diabetes,2025,2026,2030,1556374,414110.040482519,0.441590506580716,0.138302038375412,0.195758796493977,0.0114913516237131,57272.2627104567,81065.6831409301,23793.4204304734,joint_shared_proportional_scale_cap_1.0,0.15,0.15
bp_no_diabetes_only,Georgia,Male,htn_no_diabetes,2025,2026,2030,1269845,377250.21321571,0.3527858145814,0.0780222013960831,0.110436060267231,0.00648277177422968,29433.8921122314,41662.027282516,12228.1351702847,joint_shared_proportional_scale_cap_1.0,0.15,0.15
bp_no_diabetes_only,Germany,Female,htn_no_diabetes,2025,2026,2030,35374920.5,8144682.35777255,0.366761533281133,0.425212597779344,0.601864638968046,0.0353304082377403,3463221.54343606,4901996.30677019,1438774.76333413,joint_shared_proportional_scale_cap_1.0,0.15,0.15
bp_no_diabetes_only,Germany,Male,htn_no_diabetes,2025,2026,2030,33936157,9594339.63602567,0.314064670179833,0.384616954935718,0.544403778091968,0.0319573646312499,3690145.69542726,5223194.74614989,1533049.05072263,joint_shared_proportional_scale_cap_1.0,0.15,0.15
bp_no_diabetes_only,Ghana,Female,htn_no_diabetes,2025,2026,2030,9992432.5,2020827.60866457,0.282186428133914,0.194458429471919,0.275245025805054,0.016157319266627,392966.963014405,556222.747294444,163255.784280039,joint_shared_proportional_scale_cap_1.0,0.15,0.15
bp_no_diabetes_only,Ghana,Male,htn_no_diabetes,2025,2026,2030,9768229.5,1861777.41581409,0.237427910093424,0.0992559576703524,0.140491254117768,0.0082470592894832,184792.500375661,261563.444035859,76770.943660198,joint_shared_proportional_scale_cap_1.0,0.15,0.15
bp_no_diabetes_only,Greece,Female,htn_no_diabetes,2025,2026,2030,4294046.5,1067632.89400291,0.360776694605514,0.34278925949777,0.485199015709339,0.0284819512423139,365973.089150718,518014.429309125,152041.340158407,joint_shared_proportional_scale_cap_1.0,0.15,0.15
bp_no_diabetes_only,Greece,Male,htn_no_diabetes,2025,2026,2030,3936732,1209908.32460522,0.294949613902908,0.239325263551048,0.338751518876285,0.0198852510650475,289561.628658751,409858.28266108,120296.654002329,joint_shared_proportional_scale_cap_1.0,0.15,0.15
bp_no_diabetes_only,Grenada,Female,htn_no_diabetes,2025,2026,2030,44202.5,12115.2875708855,0.378759060492131,0.181227050933645,0.256516749858912,0.0150579397850533,2195.61783768463,3107.77419128962,912.156353604993,joint_shared_proportional_scale_cap_1.0,0.15,0.15
bp_no_diabetes_only,Grenada,Male,htn_no_diabetes,2025,2026,2030,43848.5,14012.3448478002,0.300158138088589,0.102010863210062,0.144390668755781,0.00847596110914389,1429.41139352116,2023.25184341049,593.840449889336,joint_shared_proportional_scale_cap_1.0,0.15,0.15
bp_no_diabetes_only,Guatemala,Female,htn_no_diabetes,2025,2026,2030,5813615,933975.564486294,0.334332019118772,0.176374421214983,0.249648124025808,0.014654740562165,164729.399615207,233165.247559949,68435.8479447414,joint_shared_proportional_scale_cap_1.0,0.15,0.15
bp_no_diabetes_only,Guatemala,Male,htn_no_diabetes,2025,2026,2030,5557549,975411.967259228,0.275039008896646,0.105979886206962,0.150008598717313,0.00880574250207017,103374.049295042,146320.182380654,42946.1330856123,joint_shared_proportional_scale_cap_1.0,0.15,0.15
bp_no_diabetes_only,Guinea,Female,htn_no_diabetes,2025,2026,2030,3948011,903976.297418921,0.273263191201654,0.0407286144631911,0.0576490747630149,0.00338409205996478,36817.7021014382,52113.3971538968,15295.6950524586,joint_shared_proportional_scale_cap_1.0,0.15,0.15
bp_no_diabetes_only,Guinea,Male,htn_no_diabetes,2025,2026,2030,3697759.5,885718.484306753,0.18855607010449,0.0289956022970833,0.041041652574111,0.00240921005540555,25681.940918134,36351.350311386,10669.409393252,joint_shared_proportional_scale_cap_1.0,0.15,0.15
bp_no_diabetes_only,Guinea-Bissau,Female,htn_no_diabetes,2025,2026,2030,613006.5,133461.637232792,0.284460836649085,0.0898062128471162,0.127115669090232,0.00746189124862318,11985.6842002528,16965.0653147242,4979.38111447148,joint_shared_proportional_scale_cap_1.0,0.15,0.15
bp_no_diabetes_only,Guinea-Bissau,Male,htn_no_diabetes,2025,2026,2030,575337.5,123756.202808966,0.211318746627846,0.0540597536326857,0.0765185563004466,0.00449176053355217,6690.22983436937,9469.64597216732,2779.41613779795,joint_shared_proportional_scale_cap_1.0,0.15,0.15
bp_no_diabetes_only,Guyana,Female,htn_no_diabetes,2025,2026,2030,280777.5,66443.1727646911,0.35312398685549,0.184403168874619,0.261012367081561,0.0153218396413884,12252.3316078928,17342.4897997211,5090.15819182829,joint_shared_proportional_scale_cap_1.0,0.15,0.15
bp_no_diabetes_only,Guyana,Male,htn_no_diabetes,2025,2026,2030,253862.5,57914.7805138598,0.301350514454377,0.118620424339392,0.167900573130039,0.0098560297581294,6869.87584007682,9723.92484097749,2854.04900090067,joint_shared_proportional_scale_cap_1.0,0.15,0.15
bp_no_diabetes_only,Haiti,Female,htn_no_diabetes,2025,2026,2030,3730412.5,1103790.1449225,0.272939185719831,0.045315958595283,0.0641422036926439,0.00376524901947216,50019.3085051896,70799.5323095521,20780.2238043625,joint_shared_proportional_scale_cap_1.0,0.15,0.15
bp_no_diabetes_only,Haiti,Male,htn_no_diabetes,2025,2026,2030,3567236.5,822179.319118725,0.233983303140571,0.0397232964075908,0.0562261033088722,0.00330056138025627,32659.6727935443,46227.9393351876,13568.2665416433,joint_shared_proportional_scale_cap_1.0,0.15,0.15
bp_no_diabetes_only,Honduras,Female,htn_no_diabetes,2025,2026,2030,3424439,616933.09550219,0.293739724168292,0.345579096008197,0.489147873181807,0.0287137554347219,213199.181441186,301771.511560365,88572.3301191791,joint_shared_proportional_scale_cap_1.0,0.15,0.15
bp_no_diabetes_only,Honduras,Male,htn_no_diabetes,2025,2026,2030,3399955,656724.373933119,0.235795758721754,0.218848270394322,0.309767480873207,0.0181838420957771,143722.993361057,203431.854941296,59708.8615802395,joint_shared_proportional_scale_cap_1.0,0.15,0.15
bp_no_diabetes_only,Hungary,Female,htn_no_diabetes,2025,2026,2030,4136902,1240348.09542025,0.391446502189376,0.224423657236674,0.317659128972309,0.018647094347127,278363.455820755,394007.895613659,115644.439792903,joint_shared_proportional_scale_cap_1.0,0.15,0.15
bp_no_diabetes_only,Hungary,Male,htn_no_diabetes,2025,2026,2030,3713031.5,1509497.15129335,0.29504839164842,0.137762360069394,0.194994912050039,0.011446510396129,207951.890080199,294344.264256231,86392.3741760319,joint_shared_proportional_scale_cap_1.0,0.15,0.15
bp_no_diabetes_only,Iceland,Female,htn_no_diabetes,2025,2026,2030,150391.5,27501.6663450531,0.347173528415816,0.47707988543649,0.675279882361703,0.0396399993850426,13120.4918292105,18571.3220142382,5450.83018502776,joint_shared_proportional_scale_cap_1.0,0.15,0.15
bp_no_diabetes_only,Iceland,Male,htn_no_diabetes,2025,2026,2030,157657.5,33928.6068695135,0.324794536710406,0.460769851660778,0.652193942196145,0.0382848181070734,15633.2791543226,22128.0318674512,6494.75271312863,joint_shared_proportional_scale_cap_1.0,0.15,0.15
bp_no_diabetes_only,India,Female,htn_no_diabetes,2025,2026,2030,491067719.5,93306852.519568,0.278286758752894,0.143534758437124,0.203165418939339,0.0119261321004431,13392776.5369246,18956725.7820492,5563949.24512465,joint_shared_proportional_scale_cap_1.0,0.15,0.15
bp_no_diabetes_only,India,Male,htn_no_diabetes,2025,2026,2030,517391827.5,113133611.78545,0.228140370877104,0.0788161338037464,0.111559827165011,0.00654873867225294,8916753.8841831,12621166.1773382,3704412.29315513,joint_shared_proportional_scale_cap_1.0,0.15,0.15
bp_no_diabetes_only,Indonesia,Female,htn_no_diabetes,2025,2026,2030,99248267.5,27129992.0712277,0.333725873972023,0.00115551277328112,0.00163556367272708,9.60101798891917e-05,31349.052377319,44372.8294730736,13023.7770957546,joint_shared_proportional_scale_cap_1.0,0.15,0.15
bp_no_diabetes_only,Indonesia,Male,htn_no_diabetes,2025,2026,2030,98257064.5,21882876.8961732,0.303695243752526,0,0,0,0,0,0,joint_shared_proportional_scale_cap_1.0,0.15,0.117995758491803
bp_no_diabetes_only,Iran (Islamic Republic of),Female,htn_no_diabetes,2025,2026,2030,33018523,4160097.18765544,0.442109208632395,0.231275169366952,0.327357061009625,0.0192163783285347,962127.181657991,1361837.18886529,399710.007207301,joint_shared_proportional_scale_cap_1.0,0.15,0.15
bp_no_diabetes_only,Iran (Islamic Republic of),Male,htn_no_diabetes,2025,2026,2030,33793549.5,5461480.38019208,0.312797495003773,0.139309317347294,0.197184543515392,0.0115750452336196,760835.103470198,1076919.51568644,316084.412216247,joint_shared_proportional_scale_cap_1.0,0.15,0.15
bp_no_diabetes_only,Iraq,Female,htn_no_diabetes,2025,2026,2030,13199444,3379322.16676228,0.319155115166309,0.104075997554513,0.147313750863731,0.00864755066184359,351706.325563861,497820.6237627,146114.298198839,joint_shared_proportional_scale_cap_1.0,0.15,0.15
bp_no_diabetes_only,Iraq,Male,htn_no_diabetes,2025,2026,2030,12884739,3676608.85658726,0.247420681196176,0.0754592961999465,0.106808411371978,0.00626982303440631,277434.316720565,392692.75120823,115258.434487665,joint_shared_proportional_scale_cap_1.0,0.15,0.15
bp_no_diabetes_only,Ireland,Female,htn_no_diabetes,2025,2026,2030,2065887,413093.187663318,0.344817119042794,0.223948735114901,0.316986903283673,0.0186076336337544,92511.6968617825,130945.130324977,38433.433463194,joint_shared_proportional_scale_cap_1.0,0.15,0.15
bp_no_diabetes_only,Ireland,Male,htn_no_diabetes,2025,2026,2030,1983779.5,544921.403823617,0.309904223055538,0.164814334843663,0.233285468623194,0.0136942267559062,89810.8587132646,127122.245053801,37311.3863405366,joint_shared_proportional_scale_cap_1.0,0.15,0.15
bp_no_diabetes_only,Israel,Female,htn_no_diabetes,2025,2026,2030,3215370,555611.069128115,0.368276963557944,0.25521534904879,0.361243045752996,0.0212055393408412,141800.472942904,200710.634865919,58910.1619230154,joint_shared_proportional_scale_cap_1.0,0.15,0.15
bp_no_diabetes_only,Israel,Male,htn_no_diabetes,2025,2026,2030,3096917.5,670718.180409091,0.309527611242818,0.194073532484281,0.274700225656342,0.0161253386344122,130168.646573422,184246.435510188,54077.7889367667,joint_shared_proportional_scale_cap_1.0,0.15,0.15
bp_no_diabetes_only,Italy,Female,htn_no_diabetes,2025,2026,2030,25747141.5,7034280.1798175,0.354538738001506,0.275490236585091,0.389941014559381,0.0228901555948579,1937875.51094374,2742954.35001298,805078.839069239,joint_shared_proportional_scale_cap_1.0,0.15,0.15
bp_no_diabetes_only,Italy,Male,htn_no_diabetes,2025,2026,2030,24194124.5,7890736.17482657,0.298263990507482,0.200834343649373,0.284269775552699,0.0166870863806652,1584730.82058166,2243097.80136351,658366.980781854,joint_shared_proportional_scale_cap_1.0,0.15,0.15
bp_no_diabetes_only,Ivory Coast,Female,htn_no_diabetes,2025,2026,2030,8116524.5,1682354.5961169,0.25823797450917,0.0713421202239025,0.100980779158514,0.0059277317869223,120022.743855407,169885.477936791,49862.7340813848,joint_shared_proportional_scale_cap_1.0,0.15,0.15
bp_no_diabetes_only,Ivory Coast,Male,htn_no_diabetes,2025,2026,2030,8460925,1864034.27964909,0.214421711773133,0.0320867093497102,0.0454169416411728,0.00266604645829252,59810.7261489968,84658.7360959684,24848.0099469715,joint_shared_proportional_scale_cap_1.0,0.15,0.15
bp_no_diabetes_only,Jamaica,Female,htn_no_diabetes,2025,2026,2030,1095492,313262.936236439,0.343807619214443,0.183932105050295,0.260345602597068,0.0152826995093548,57619.1112962045,81556.6279058028,23937.5166095983,joint_shared_proportional_scale_cap_1.0,0.15,0.15
bp_no_diabetes_only,Jamaica,Male,htn_no_diabetes,2025,2026,2030,1051201,296523.501112197,0.287374948704212,0.0970236221177762,0.137331508055626,0.00806157718756988,28769.7841209498,40722.0195816719,11952.2354607222,joint_shared_proportional_scale_cap_1.0,0.15,0.15
bp_no_diabetes_only,Japan,Female,htn_no_diabetes,2025,2026,2030,54153209.5,12085307.0566719,0.387670996120826,0.244953962281618,0.346718626970041,0.0203529329376845,2960343.84892178,4190201.06920062,1229857.22027884,joint_shared_proportional_scale_cap_1.0,0.15,0.15
bp_no_diabetes_only,Japan,Male,htn_no_diabetes,2025,2026,2030,50614221,16995238.3878625,0.308228695846672,0.194692566731517,0.275576433994635,0.0161767734526236,3308846.58394696,4683487.18981587,1374640.60586892,joint_shared_proportional_scale_cap_1.0,0.15,0.15
bp_no_diabetes_only,Jordan,Female,htn_no_diabetes,2025,2026,2030,3409904,568816.208564051,0.376210575892645,0.303039977735398,0.428936131584811,0.0251792307698826,172374.051178784,243985.824084203,71611.7729054195,joint_shared_proportional_scale_cap_1.0,0.15,0.15
bp_no_diabetes_only,Jordan,Male,htn_no_diabetes,2025,2026,2030,3686978.5,860586.764129497,0.282360005740886,0.244311722964503,0.345809573153796,0.0202995700378586,210251.435104924,297599.141565428,87347.7064605043,joint_shared_proportional_scale_cap_1.0,0.15,0.15
bp_no_diabetes_only,Kazakhstan,Female,htn_no_diabetes,2025,2026,2030,7041423,1908844.64601722,0.347461068491617,0.29243460138847,0.413924814799985,0.0242980426823031,558212.223170559,790118.16658462,231905.943414061,joint_shared_proportional_scale_cap_1.0,0.15,0.15
bp_no_diabetes_only,Kazakhstan,Male,htn_no_diabetes,2025,2026,2030,6344958.5,1701092.42265303,0.267866866421074,0.213823586820636,0.30265532243576,0.0177663471230249,363733.683325076,514844.675671081,151110.992346005,joint_shared_proportional_scale_cap_1.0,0.15,0.15
bp_no_diabetes_only,Kenya,Female,htn_no_diabetes,2025,2026,2030,15894936,3052427.91308587,0.242896422343497,0.0405749067221498,0.0574315100564386,0.00337132066685778,123851.977849545,175305.544386945,51453.5665373997,joint_shared_proportional_scale_cap_1.0,0.15,0.15
bp_no_diabetes_only,Kenya,Male,htn_no_diabetes,2025,2026,2030,15394425,3157381.05190246,0.191313138708501,0.015986206458864,0.0226275807186356,0.00132827485195431,50474.5453650181,71443.8946114135,20969.3492463955,joint_shared_proportional_scale_cap_1.0,0.15,0.15
bp_no_diabetes_only,Kiribati,Female,htn_no_diabetes,2025,2026,2030,41714,8990.38870466017,0.445223021192829,0.0100492841591966,0.0142241994097758,0.000834983050115832,90.3469707947615,127.881081706482,37.5341109117204,joint_shared_proportional_scale_cap_1.0,0.15,0.15
bp_no_diabetes_only,Kiribati,Male,htn_no_diabetes,2025,2026,2030,37216,7066.15678830962,0.463903929127528,0,0,0,0,0,0,joint_shared_proportional_scale_cap_1.0,0.15,0.113459033988326
bp_no_diabetes_only,Kuwait,Female,htn_no_diabetes,2025,2026,2030,1399821.5,251637.468250639,0.316641901304126,0.338828478055826,0.479592751207685,0.0281528546303717,85261.9403891854,120683.505705261,35421.5653160751,joint_shared_proportional_scale_cap_1.0,0.15,0.15
bp_no_diabetes_only,Kuwait,Male,htn_no_diabetes,2025,2026,2030,2487099,703017.849451374,0.227172203625408,0.237651997939601,0.336383105032503,0.0197462214185805,167073.596509321,236483.327091726,69409.7305824055,joint_shared_proportional_scale_cap_1.0,0.15,0.15
bp_no_diabetes_only,Kyrgyzstan,Female,htn_no_diabetes,2025,2026,2030,2301109,606011.594792715,0.29261628264471,0.0695770950518486,0.0984824847911891,0.0057810779478681,42164.5263334151,59681.5276674578,17517.0013340427,joint_shared_proportional_scale_cap_1.0,0.15,0.15
bp_no_diabetes_only,Kyrgyzstan,Male,htn_no_diabetes,2025,2026,2030,2139278,507757.761144298,0.244281415069817,0.0504797942277135,0.0714513240828537,0.00419430597102804,25631.5073000887,36279.9643471055,10648.4570470168,joint_shared_proportional_scale_cap_1.0,0.15,0.15
bp_no_diabetes_only,Lao People's Democratic Republic,Female,htn_no_diabetes,2025,2026,2030,2473129,439328.54853177,0.306101553656261,0.108660102594601,0.153802295039875,0.00902843848905477,47737.4851561992,67569.7390407232,19832.253884524,joint_shared_proportional_scale_cap_1.0,0.15,0.15
bp_no_diabetes_only,Lao People's Democratic Republic,Male,htn_no_diabetes,2025,2026,2030,2454795,341326.764460602,0.284060258066315,0.0857855499812478,0.121424645783736,0.00712781916049759,29280.9042125726,41445.4814711372,12164.5772585646,joint_shared_proportional_scale_cap_1.0,0.15,0.15
bp_no_diabetes_only,Latvia,Female,htn_no_diabetes,2025,2026,2030,816735,220190.400950877,0.455255373184327,0.131065747473401,0.185516231635947,0.0108900968325092,28859.4194870946,40848.8934268149,11989.4739397204,joint_shared_proportional_scale_cap_1.0,0.15,0.15
bp_no_diabetes_only,Latvia,Male,htn_no_diabetes,2025,2026,2030,671929,228381.279099766,0.329320067890574,0.098192425587868,0.138985883965994,0.00815869167562524,22425.3117536659,31741.7739569654,9316.46220329953,joint_shared_proportional_scale_cap_1.0,0.15,0.15
bp_no_diabetes_only,Lebanon,Female,htn_no_diabetes,2025,2026,2030,2065431.5,391217.424199639,0.429240175896245,0.253970793310936,0.359481446746403,0.0211021306870933,99357.7995810433,140635.405643687,41277.6060626439,joint_shared_proportional_scale_cap_1.0,0.15,0.15
bp_no_diabetes_only,Lebanon,Male,htn_no_diabetes,2025,2026,2030,1856413.5,502438.345297492,0.32035100671235,0.181486243009649,0.256883621739147,0.0150794757458997,91185.6476320264,129068.181840644,37882.5342086176,joint_shared_proportional_scale_cap_1.0,0.15,0.15
bp_no_diabetes_only,Lesotho,Female,htn_no_diabetes,2025,2026,2030,711619,173763.003973085,0.320516494752863,0.160056614767377,0.226551182078111,0.0132989134621468,27811.9181877422,39366.2139515458,11554.2957638037,joint_shared_proportional_scale_cap_1.0,0.15,0.15
bp_no_diabetes_only,Lesotho,Male,htn_no_diabetes,2025,2026,2030,647169,111509.860479994,0.279931860843214,0.0970645570247269,0.137389449125861,0.00806497842022689,10823.6552113797,15320.278303448,4496.62309206831,joint_shared_proportional_scale_cap_1.0,0.15,0.15
bp_no_diabetes_only,Liberia,Female,htn_no_diabetes,2025,2026,2030,1501036.5,355466.19547794,0.272477063623803,0.046844278896267,0.0663054555600229,0.00389223533275118,16651.5575991636,23569.348027353,6917.79042818938,joint_shared_proportional_scale_cap_1.0,0.15,0.15
bp_no_diabetes_only,Liberia,Male,htn_no_diabetes,2025,2026,2030,1459337,314527.22003735,0.226379360416357,0.0445479001829116,0.0630550599873951,0.00370143196089669,14011.5272030325,19832.5327271237,5821.00552409116,joint_shared_proportional_scale_cap_1.0,0.15,0.15
bp_no_diabetes_only,Libya,Female,htn_no_diabetes,2025,2026,2030,2424836,456223.386938986,0.420058920299141,0.0876132459537929,0.12401164716235,0.00727968024171137,39971.2118097578,56577.0136882897,16605.8018785319,joint_shared_proportional_scale_cap_1.0,0.15,0.15
bp_no_diabetes_only,Libya,Male,htn_no_diabetes,2025,2026,2030,2480000.5,694673.51229934,0.290834564396042,0.0326654334389463,0.0462360932064115,0.00271413195349305,22691.8113778131,32118.9892626975,9427.17788488443,joint_shared_proportional_scale_cap_1.0,0.15,0.15
bp_no_diabetes_only,Lithuania,Female,htn_no_diabetes,2025,2026,2030,1238027,365584.52374279,0.416484703158129,0.0960240286801737,0.135916639477932,0.00797852215955166,35104.8987929054,49689.0199122603,14584.121119355,joint_shared_proportional_scale_cap_1.0,0.15,0.15
bp_no_diabetes_only,Lithuania,Male,htn_no_diabetes,2025,2026,2030,1067852,403271.032963828,0.303550194166519,0.0539353098817959,0.0763424131344344,0.0044814206505277,21750.548129256,30786.6838036747,9036.13567441867,joint_shared_proportional_scale_cap_1.0,0.15,0.15
bp_no_diabetes_only,Luxembourg,Female,htn_no_diabetes,2025,2026,2030,271462.5,47105.7803646549,0.390355947548064,0.278908294907237,0.394779084853568,0.0231741579892661,13138.1928817807,18596.3768636716,5458.1839818909,joint_shared_proportional_scale_cap_1.0,0.15,0.15
bp_no_diabetes_only,Luxembourg,Male,htn_no_diabetes,2025,2026,2030,273239,69174.6381381052,0.333626349230839,0.218021289654506,0.308596935910518,0.0181151292512024,15081.5438182535,21347.0813721381,6265.53755388464,joint_shared_proportional_scale_cap_1.0,0.15,0.15
bp_no_diabetes_only,Madagascar,Female,htn_no_diabetes,2025,2026,2030,8628068.5,2056562.25434769,0.227994669475543,0.0364117176855195,0.0515387489304208,0.00302540624898025,74882.9642080038,105992.645686606,31109.6814786021,joint_shared_proportional_scale_cap_1.0,0.15,0.15
bp_no_diabetes_only,Madagascar,Male,htn_no_diabetes,2025,2026,2030,8535210.5,1975174.74043063,0.185641298775803,0.0291226942918068,0.0412215441810848,0.0024197699778556,57522.4101384601,81419.752828024,23897.3426895638,joint_shared_proportional_scale_cap_1.0,0.15,0.15
bp_no_diabetes_only,Malawi,Female,htn_no_diabetes,2025,2026,2030,5840676.5,827055.372104666,0.285718398951329,0.0963384687710956,0.136361711831828,0.00800464861214643,79677.2481374721,112778.686319901,33101.4381824293,joint_shared_proportional_scale_cap_1.0,0.15,0.15
bp_no_diabetes_only,Malawi,Male,htn_no_diabetes,2025,2026,2030,5323356.5,765917.898872189,0.218586694640194,0.0312186890215597,0.0441883074376059,0.00259392368320924,23910.9527009373,33844.6155873294,9933.66288639215,joint_shared_proportional_scale_cap_1.0,0.15,0.15
bp_no_diabetes_only,Malaysia,Female,htn_no_diabetes,2025,2026,2030,12380612,2907359.85710957,0.334886565508153,0.140311575171226,0.198603183382847,0.0116583216423242,407936.241140634,577410.922861459,169474.681720825,joint_shared_proportional_scale_cap_1.0,0.15,0.15
bp_no_diabetes_only,Malaysia,Male,htn_no_diabetes,2025,2026,2030,13718883,3426214.31449877,0.280254620632837,0.154441322493462,0.218603050073579,0.0128323455160236,529149.069877219,748980.89935519,219831.829477971,joint_shared_proportional_scale_cap_1.0,0.15,0.15
bp_no_diabetes_only,Maldives,Female,htn_no_diabetes,2025,2026,2030,142044,27263.2065007896,0.317779216847266,0.10649244659831,0.150734099270446,0.00884833053442715,2903.32556238404,4109.49487512068,1206.16931273665,joint_shared_proportional_scale_cap_1.0,0.15,0.15
bp_no_diabetes_only,Maldives,Male,htn_no_diabetes,2025,2026,2030,258169.5,46694.1170535657,0.246056214797691,0.102733185115963,0.145413074995353,0.00853597797587797,4797.03537109043,6789.93514495195,1992.89977386152,joint_shared_proportional_scale_cap_1.0,0.15,0.15
bp_no_diabetes_only,Mali,Female,htn_no_diabetes,2025,2026,2030,5621822,1186788.76280562,0.244071263985698,0.127107971972547,0.179914221875705,0.0105612499806315,150850.312800031,213520.176791004,62669.8639909726,joint_shared_proportional_scale_cap_1.0,0.15,0.15
bp_no_diabetes_only,Mali,Male,htn_no_diabetes,2025,2026,2030,5693095.5,942288.07994711,0.202040244030959,0.0879988471014101,0.124557444010111,0.00731171938174015,82920.264672747,117368.994759407,34448.73008666,joint_shared_proportional_scale_cap_1.0,0.15,0.15
bp_no_diabetes_only,Malta,Female,htn_no_diabetes,2025,2026,2030,219267,37984.4843297211,0.457250242967715,0.41141382767603,0.582333252010541,0.0341838848669022,15627.3420903907,22119.6282856699,6492.28619527917,joint_shared_proportional_scale_cap_1.0,0.15,0.15
bp_no_diabetes_only,Malta,Male,htn_no_diabetes,2025,2026,2030,236970.5,51068.6667771157,0.400512254400495,0.368436960940189,0.521501901958754,0.0306129882037131,18815.5843866277,26632.4068547637,7816.82246813599,joint_shared_proportional_scale_cap_1.0,0.15,0.15
bp_no_diabetes_only,Marshall Islands,Female,htn_no_diabetes,2025,2026,2030,9961,1403.09492111591,0.503490321888102,0.0941783064956826,0.133304123004983,0.00782516330186004,132.14110352339,187.038337952102,54.8972344287121,joint_shared_proportional_scale_cap_1.0,0.15,0.15
bp_no_diabetes_only,Marshall Islands,Male,htn_no_diabetes,2025,2026,2030,10231.5,1607.15246883852,0.426844183829351,0.0585383193197544,0.0828577154279498,0.00486387922163908,94.080004416401,133.164981912349,39.0849774959481,joint_shared_proportional_scale_cap_1.0,0.15,0.15
bp_no_diabetes_only,Mauritania,Female,htn_no_diabetes,2025,2026,2030,1359016,297108.355376606,0.278548444293722,0.0894971783162857,0.126678248004172,0.00743621393757731,26590.3594603984,37637.1659265094,11046.8064661109,joint_shared_proportional_scale_cap_1.0,0.15,0.15
bp_no_diabetes_only,Mauritania,Male,htn_no_diabetes,2025,2026,2030,1230444.5,272891.387423749,0.209458292605656,0.0541587004917751,0.076658610042819,0.00449998191020877,14779.4429182678,20919.474452561,6140.03153429322,joint_shared_proportional_scale_cap_1.0,0.15,0.15
bp_no_diabetes_only,Mauritius,Female,htn_no_diabetes,2025,2026,2030,510568.5,80443.922714601,0.529564103830693,0.307820829805246,0.435703160172407,0.0255764660734321,24762.3150427976,35049.6713434165,10287.3563006189,joint_shared_proportional_scale_cap_1.0,0.15,0.15
bp_no_diabetes_only,Mauritius,Male,htn_no_diabetes,2025,2026,2030,509941.5,88993.4867721285,0.482759306112331,0.232271418039206,0.328767195259129,0.0192991554439845,20670.6433688156,29258.1390424031,8587.49567358742,joint_shared_proportional_scale_cap_1.0,0.15,0.15
bp_no_diabetes_only,Mexico,Female,htn_no_diabetes,2025,2026,2030,47957189,7815761.41673937,0.421593978731021,0.273318324342355,0.386866794311271,0.0227096939937832,2136190.81388283,3023658.56439568,887467.750512842,joint_shared_proportional_scale_cap_1.0,0.15,0.15
bp_no_diabetes_only,Mexico,Male,htn_no_diabetes,2025,2026,2030,43276512,8070048.87102594,0.365934943389934,0.157061211093659,0.222311355788719,0.0130500289390119,1267491.64926835,1794063.50579899,526571.856530646,joint_shared_proportional_scale_cap_1.0,0.15,0.15
bp_no_diabetes_only,Micronesia (Federated States of),Female,htn_no_diabetes,2025,2026,2030,35235,5157.02549346782,0.49256534035737,0.0780256539477745,0.11044094716096,0.00648305864263705,402.380286553171,569.546780031801,167.166493478631,joint_shared_proportional_scale_cap_1.0,0.15,0.15
bp_no_diabetes_only,Micronesia (Federated States of),Male,htn_no_diabetes,2025,2026,2030,33241.5,4697.14615205312,0.445139607245069,0.0506956294368456,0.071756826744109,0.00421223946145269,238.12478073519,337.052302624634,98.927521889444,joint_shared_proportional_scale_cap_1.0,0.15,0.15
bp_no_diabetes_only,Mongolia,Female,htn_no_diabetes,2025,2026,2030,1105387.5,288589.796190486,0.281515696054494,0.285019834496928,0.403429627165573,0.0236819585337291,82253.8159477146,116425.673880917,34171.8579332021,joint_shared_proportional_scale_cap_1.0,0.15,0.15
bp_no_diabetes_only,Mongolia,Male,htn_no_diabetes,2025,2026,2030,1054536,314504.613390677,0.23245226635595,0.152534270378228,0.21590372451544,0.0126738908274425,47972.7317341334,67902.7174083357,19929.9856742023,joint_shared_proportional_scale_cap_1.0,0.15,0.15
bp_no_diabetes_only,Montenegro,Female,htn_no_diabetes,2025,2026,2030,257898.5,74258.2012581919,0.388205020621064,0.226572996647215,0.320701398639532,0.0188256803984634,16824.9031847006,23814.709003958,6989.80581925745,joint_shared_proportional_scale_cap_1.0,0.15,0.15
bp_no_diabetes_only,Montenegro,Male,htn_no_diabetes,2025,2026,2030,229208.5,81310.8860781612,0.30011412403235,0.137049285981721,0.193985595579698,0.0113872619195955,11143.598879553,15773.1406629851,4629.54178343207,joint_shared_proportional_scale_cap_1.0,0.15,0.15
bp_no_diabetes_only,Morocco,Female,htn_no_diabetes,2025,2026,2030,13054904.5,2520747.42673923,0.397838470197435,0.0753516272318718,0.106656011972391,0.00626087694810388,189942.420445354,268852.867725673,78910.4472803189,joint_shared_proportional_scale_cap_1.0,0.15,0.15
bp_no_diabetes_only,Morocco,Male,htn_no_diabetes,2025,2026,2030,13064778,2944788.45480557,0.28236898066235,0.0211916007704574,0.0299955250937438,0.00176078486465728,62404.7812876918,88330.4759918875,25925.6947041957,joint_shared_proportional_scale_cap_1.0,0.15,0.15
bp_no_diabetes_only,Mozambique,Female,htn_no_diabetes,2025,2026,2030,8896152,2272006.41604291,0.230198503294698,0.0571609320302738,0.0809081007927489,0.00474943375249501,129870.004319775,183823.724110972,53953.7197911971,joint_shared_proportional_scale_cap_1.0,0.15,0.15
bp_no_diabetes_only,Mozambique,Male,htn_no_diabetes,2025,2026,2030,7797436.5,1716266.46030926,0.182020935290685,0.0216876554425559,0.0306976627248728,0.00180200145646337,37221.7956388023,52685.3689445849,15463.5733057826,joint_shared_proportional_scale_cap_1.0,0.15,0.15
bp_no_diabetes_only,Myanmar,Female,htn_no_diabetes,2025,2026,2030,19418948,4679531.1935253,0.341659655670073,0.114874230849723,0.162598045867349,0.00954476300352524,537557.546593506,760882.627642519,223325.081049013,joint_shared_proportional_scale_cap_1.0,0.15,0.15
bp_no_diabetes_only,Myanmar,Male,htn_no_diabetes,2025,2026,2030,18725651.5,4199914.19163234,0.284234399865979,0.0858382206049292,0.12149919810432,0.00713219549987821,360513.16090311,510286.206390284,149773.045487174,joint_shared_proportional_scale_cap_1.0,0.15,0.15
bp_no_diabetes_only,Namibia,Female,htn_no_diabetes,2025,2026,2030,894811.5,245330.979355079,0.27134521959292,0.204094294133036,0.288884053048592,0.0169579517831113,50070.6530604412,70872.2076544757,20801.5545940345,joint_shared_proportional_scale_cap_1.0,0.15,0.15
bp_no_diabetes_only,Namibia,Male,htn_no_diabetes,2025,2026,2030,827884.5,222108.280507904,0.233305228989732,0.141987894228428,0.200975919208237,0.0117976049959617,31536.6870400144,44638.415838837,13101.7287988226,joint_shared_proportional_scale_cap_1.0,0.15,0.15
bp_no_diabetes_only,Nepal,Female,htn_no_diabetes,2025,2026,2030,10301668,2273804.50216928,0.235476090105348,0.0494132460134734,0.0699416847653498,0.00410568775037529,112356.061252234,159033.717708757,46677.6564565229,joint_shared_proportional_scale_cap_1.0,0.15,0.15
bp_no_diabetes_only,Nepal,Male,htn_no_diabetes,2025,2026,2030,8691972.5,2515431.28364962,0.19943442028634,0.0290393979861246,0.0411036429213183,0.00241284898703873,73046.6101526497,103393.389276247,30346.7791235976,joint_shared_proportional_scale_cap_1.0,0.15,0.15
bp_no_diabetes_only,Netherlands,Female,htn_no_diabetes,2025,2026,2030,7502166.5,1506455.73415781,0.386264314108795,0.206630251154147,0.292473558310008,0.0171686614311723,311279.326701633,440598.469005652,129319.142304018,joint_shared_proportional_scale_cap_1.0,0.15,0.15
bp_no_diabetes_only,Netherlands,Male,htn_no_diabetes,2025,2026,2030,7304633,1963217.66453487,0.347756513608739,0.153213806352788,0.216865569663328,0.0127303526621079,300792.051082418,425754.317192462,124962.266110044,joint_shared_proportional_scale_cap_1.0,0.15,0.15
bp_no_diabetes_only,New Zealand,Female,htn_no_diabetes,2025,2026,2030,2052205,448254.03356785,0.322767906529278,0.25403678918314,0.359574860210644,0.0211076142055007,113873.015425968,161180.881459017,47307.8660330487,joint_shared_proportional_scale_cap_1.0,0.15,0.15
bp_no_diabetes_only,New Zealand,Male,htn_no_diabetes,2025,2026,2030,1988544.5,545620.265405863,0.239367976593581,0.213320676823035,0.301943481474979,0.0177245609303888,116392.084304743,164746.482499948,48354.3981952056,joint_shared_proportional_scale_cap_1.0,0.15,0.15
bp_no_diabetes_only,Nicaragua,Female,htn_no_diabetes,2025,2026,2030,2322963,492437.456988806,0.301194650733699,0.372457365062107,0.527192559027668,0.0309470387931121,183411.957687935,259609.363111006,76197.4054230702,joint_shared_proportional_scale_cap_1.0,0.15,0.15
bp_no_diabetes_only,Nicaragua,Male,htn_no_diabetes,2025,2026,2030,2173558.5,446499.807609542,0.26269182575696,0.218805785066636,0.309707345269176,0.018180312040508,97696.7409361078,138284.270077949,40587.5291418414,joint_shared_proportional_scale_cap_1.0,0.15,0.15
bp_no_diabetes_only,Niger,Female,htn_no_diabetes,2025,2026,2030,6123544.5,1545698.04111668,0.229668588151707,0.0452710492272363,0.0640786369951215,0.00376151755357704,69975.3721098361,99046.2236807864,29070.8515709503,joint_shared_proportional_scale_cap_1.0,0.15,0.15
bp_no_diabetes_only,Niger,Male,htn_no_diabetes,2025,2026,2030,6297322.5,1655157.36318239,0.183116961177767,0.0126051050430706,0.0178418208574311,0.00104734316287211,20863.4324257258,29531.0211647584,8667.58873903253,joint_shared_proportional_scale_cap_1.0,0.15,0.15
bp_no_diabetes_only,Nigeria,Female,htn_no_diabetes,2025,2026,2030,59237693.5,13032889.2227279,0.245824009146945,0.0712667490096473,0.100874095422206,0.00592146928251176,928811.645106683,1314680.91108049,385869.265973808,joint_shared_proportional_scale_cap_1.0,0.15,0.15
bp_no_diabetes_only,Nigeria,Male,htn_no_diabetes,2025,2026,2030,60254455,12046947.1749413,0.188100379780023,0.0861900081690945,0.121997133716778,0.00716142510953661,1038326.47542084,1469693.02538026,431366.549959427,joint_shared_proportional_scale_cap_1.0,0.15,0.15
bp_no_diabetes_only,North Macedonia,Female,htn_no_diabetes,2025,2026,2030,743658.5,215789.319404566,0.378993254217173,0.224385519685091,0.317605147402068,0.0186439255433953,48419.9985770858,68535.7985972792,20115.8000201934,joint_shared_proportional_scale_cap_1.0,0.15,0.15
bp_no_diabetes_only,North Macedonia,Male,htn_no_diabetes,2025,2026,2030,686092.5,241969.347160105,0.311356298040161,0.136391391868193,0.193054383275111,0.0113325982813837,33002.5360486047,46713.2430874754,13710.7070388707,joint_shared_proportional_scale_cap_1.0,0.15,0.15
bp_no_diabetes_only,Norway,Female,htn_no_diabetes,2025,2026,2030,2219621.5,452946.284790481,0.357206023429605,0.233286423286196,0.330203878390627,0.0193834910208862,105666.218719542,149564.619940442,43898.4012209002,joint_shared_proportional_scale_cap_1.0,0.15,0.15
bp_no_diabetes_only,Norway,Male,htn_no_diabetes,2025,2026,2030,2233943.5,590013.300766088,0.321193939157066,0.240222237942314,0.34002113593604,0.0199597795987451,141734.315525761,200616.992743857,58882.677218096,joint_shared_proportional_scale_cap_1.0,0.15,0.15
bp_no_diabetes_only,Oman,Female,htn_no_diabetes,2025,2026,2030,1282955,234710.560325664,0.333635021076256,0.14911446010094,0.211063174426783,0.0123897428651686,34998.7384829504,49538.7559338236,14540.0174508731,joint_shared_proportional_scale_cap_1.0,0.15,0.15
bp_no_diabetes_only,Oman,Male,htn_no_diabetes,2025,2026,2030,2614687.5,795644.788847642,0.20350177676119,0.0825448620815665,0.116837633397612,0.00685855426320905,65676.3893613457,92961.254154101,27284.8647927553,joint_shared_proportional_scale_cap_1.0,0.15,0.15
bp_no_diabetes_only,Pakistan,Female,htn_no_diabetes,2025,2026,2030,69794301,19648010.3888061,0.262179445414686,0.101770431424987,0.144050351017605,0.00845598391852354,1999586.49391142,2830302.79330506,830716.299393638,joint_shared_proportional_scale_cap_1.0,0.15,0.15
bp_no_diabetes_only,Pakistan,Male,htn_no_diabetes,2025,2026,2030,70647171,20923137.716937,0.20758396245162,0.0524381924633862,0.0742233272013513,0.00435702694759302,1097171.52253868,1552984.89684315,455813.374304473,joint_shared_proportional_scale_cap_1.0,0.15,0.15
bp_no_diabetes_only,Panama,Female,htn_no_diabetes,2025,2026,2030,1594428,354691.174063325,0.329011757760125,0.308200821538107,0.436241017207461,0.0256080391338707,109316.111238632,154730.838567893,45414.7273292609,joint_shared_proportional_scale_cap_1.0,0.15,0.15
bp_no_diabetes_only,Panama,Male,htn_no_diabetes,2025,2026,2030,1559269.5,387817.123799067,0.271584849954231,0.173250516730644,0.245226412029371,0.0143951790597453,67189.5170951805,95103.0017927954,27913.4846976149,joint_shared_proportional_scale_cap_1.0,0.15,0.15
bp_no_diabetes_only,Papua New Guinea,Female,htn_no_diabetes,2025,2026,2030,3108214,442804.653028453,0.387741503301747,0.055159361296208,0.0780749894185353,0.00458312562446547,24424.8218400384,34571.9685996746,10147.1467596362,joint_shared_proportional_scale_cap_1.0,0.15,0.15
bp_no_diabetes_only,Papua New Guinea,Male,htn_no_diabetes,2025,2026,2030,3233710.5,430080.423620856,0.342513109886119,0.0346512513967467,0.0490469074072834,0.00287913120210735,14902.8248797056,21094.1147150174,6191.28983531176,joint_shared_proportional_scale_cap_1.0,0.15,0.15
bp_no_diabetes_only,Paraguay,Female,htn_no_diabetes,2025,2026,2030,2292318,736451.79557675,0.273570538151416,0.138398260210573,0.19589499311746,0.0114993465813775,101923.647236774,144267.219425849,42343.5721890741,joint_shared_proportional_scale_cap_1.0,0.15,0.15
bp_no_diabetes_only,Paraguay,Male,htn_no_diabetes,2025,2026,2030,2254791.5,989363.431457171,0.214655910496796,0.0520384567112499,0.073657523611809,0.00432381338011183,51484.9460995776,72874.060313217,21389.1142136393,joint_shared_proportional_scale_cap_1.0,0.15,0.15
bp_no_diabetes_only,Peru,Female,htn_no_diabetes,2025,2026,2030,12239247,1465520.08482726,0.292172617623618,0.266954438656076,0.377859070219819,0.0221809263127485,391227.091584266,553760.056641298,162532.965057032,joint_shared_proportional_scale_cap_1.0,0.15,0.15
bp_no_diabetes_only,Peru,Male,htn_no_diabetes,2025,2026,2030,11865319,1927801.71008354,0.224876754931192,0.107154997194444,0.151671902565604,0.00890338107423199,206573.586835446,292393.353137596,85819.7663021492,joint_shared_proportional_scale_cap_1.0,0.15,0.15
bp_no_diabetes_only,Philippines,Female,htn_no_diabetes,2025,2026,2030,38493517.5,6842588.64926682,0.34672138774085,0.156176948053522,0.221059730935211,0.0129765565763379,1068654.61202816,1512620.80570725,443966.193679093,joint_shared_proportional_scale_cap_1.0,0.15,0.15
bp_no_diabetes_only,Philippines,Male,htn_no_diabetes,2025,2026,2030,37386490,8121749.77336818,0.264131283017936,0.0948485717785315,0.134252846007503,0.00788085484579432,770336.366346584,1090368.02163547,320031.655288888,joint_shared_proportional_scale_cap_1.0,0.15,0.15
bp_no_diabetes_only,Poland,Female,htn_no_diabetes,2025,2026,2030,16173722.5,5318961.35367983,0.345383075651939,0.32241186237092,0.456355950313558,0.0267888175885275,1714896.23591887,2427339.66323965,712443.427320782,joint_shared_proportional_scale_cap_1.0,0.15,0.15
bp_no_diabetes_only,Poland,Male,htn_no_diabetes,2025,2026,2030,14780781,6147862.68287833,0.269096370940597,0.243026783197947,0.343990812814304,0.0201928059232713,1494095.29136262,2114808.28135404,620712.989991419,joint_shared_proportional_scale_cap_1.0,0.15,0.15
bp_no_diabetes_only,Portugal,Female,htn_no_diabetes,2025,2026,2030,4606381,1057216.53175016,0.433689451714741,0.454829284627558,0.643785401970886,0.0377912234686656,480853.038832354,680620.569863043,199767.53103069,joint_shared_proportional_scale_cap_1.0,0.15,0.15
bp_no_diabetes_only,Portugal,Male,htn_no_diabetes,2025,2026,2030,4073228.5,1100643.67678928,0.384251126165352,0.325908346523538,0.461305027982383,0.027079336291769,358708.960813982,507732.462119912,149023.50130593,joint_shared_proportional_scale_cap_1.0,0.15,0.15
bp_no_diabetes_only,Qatar,Female,htn_no_diabetes,2025,2026,2030,624605,95344.2050292199,0.345482643211606,0.273637556032157,0.387318648905263,0.0227362185746212,26089.7552460246,36928.5886728638,10838.8334268392,joint_shared_proportional_scale_cap_1.0,0.15,0.15
bp_no_diabetes_only,Qatar,Male,htn_no_diabetes,2025,2026,2030,1924349,454967.227285405,0.224604101587566,0.178355055860808,0.252451601538616,0.0148193091355616,81145.7052373253,114857.205175784,33711.4999384587,joint_shared_proportional_scale_cap_1.0,0.15,0.15
bp_no_diabetes_only,Republic of Korea,Female,htn_no_diabetes,2025,2026,2030,22426609.5,4239730.57206539,0.369705426317884,0.51711272241747,0.731944123031561,0.0429662801228182,2192418.61843731,3103245.8754605,910827.257023188,joint_shared_proportional_scale_cap_1.0,0.15,0.15
bp_no_diabetes_only,Republic of Korea,Male,htn_no_diabetes,2025,2026,2030,22118759.5,5380675.84149969,0.31159103336558,0.451413995851493,0.638951251814205,0.0375074511925423,2428912.38199297,3437989.56453267,1009077.1825397,joint_shared_proportional_scale_cap_1.0,0.15,0.15
bp_no_diabetes_only,Republic of Moldova,Female,htn_no_diabetes,2025,2026,2030,1255864.5,396729.592628647,0.390075896561165,0.0327858669324345,0.0464065600774697,0.00272413862900704,13007.1236320818,18410.8556748314,5403.73204274962,joint_shared_proportional_scale_cap_1.0,0.15,0.15
bp_no_diabetes_only,Republic of Moldova,Male,htn_no_diabetes,2025,2026,2030,1000795,346916.835170853,0.293223710319472,0.0301934432418669,0.0427371294050855,0.00250873723264372,10474.6137723792,14826.2296774994,4351.61590512021,joint_shared_proportional_scale_cap_1.0,0.15,0.15
bp_no_diabetes_only,Romania,Female,htn_no_diabetes,2025,2026,2030,7886118.5,2754029.03390879,0.322036073555643,0.317242678832211,0.449039260261257,0.0263593162858093,873695.548298909,1236667.16012443,362971.611825518,joint_shared_proportional_scale_cap_1.0,0.15,0.15
bp_no_diabetes_only,Romania,Male,htn_no_diabetes,2025,2026,2030,7204556.5,2993373.18604772,0.239308171612539,0.196557459763158,0.278216085729001,0.0163317251931686,588369.829572692,832804.570948347,244434.741375655,joint_shared_proportional_scale_cap_1.0,0.15,0.15
bp_no_diabetes_only,Russian Federation,Female,htn_no_diabetes,2025,2026,2030,62051986,16799401.9368423,0.430391328434868,0.149040418992928,0.210958373381435,0.0123835908777014,2503789.90349758,3543974.50637718,1040184.6028796,joint_shared_proportional_scale_cap_1.0,0.15,0.15
bp_no_diabetes_only,Russian Federation,Male,htn_no_diabetes,2025,2026,2030,50778735,16740992.5422341,0.299108165368558,0.0961899722420183,0.136151523304188,0.00799231021243393,1610315.60794133,2279311.63624922,668996.028307889,joint_shared_proportional_scale_cap_1.0,0.15,0.15
bp_no_diabetes_only,Rwanda,Female,htn_no_diabetes,2025,2026,2030,4138857.5,739515.039038856,0.248453062251425,0.0210425779938471,0.0297845916921678,0.00174840273966414,15561.302886598,22026.1534879899,6464.85060139183,joint_shared_proportional_scale_cap_1.0,0.15,0.15
bp_no_diabetes_only,Rwanda,Male,htn_no_diabetes,2025,2026,2030,3762650,706640.148555145,0.181256705849676,0.0318067334416219,0.0450206514096007,0.00264278359359577,22475.9148442416,31813.3998001297,9337.48495588808,joint_shared_proportional_scale_cap_1.0,0.15,0.15
bp_no_diabetes_only,Saint Lucia,Female,htn_no_diabetes,2025,2026,2030,71212,17721.8396066366,0.356429184247594,0.256085949219475,0.362475331579313,0.0212778764719675,4538.31411758081,6423.72968761098,1885.41557003017,joint_shared_proportional_scale_cap_1.0,0.15,0.15
bp_no_diabetes_only,Saint Lucia,Male,htn_no_diabetes,2025,2026,2030,68083.5,17587.8541551673,0.285155964215153,0.0777557756087271,0.110058949473346,0.00646063477292372,1367.55724112821,1935.70075180813,568.143510679924,joint_shared_proportional_scale_cap_1.0,0.15,0.15
bp_no_diabetes_only,Saint Vincent and the Grenadines,Female,htn_no_diabetes,2025,2026,2030,35855,8939.08981784533,0.406156750970933,0.193391056721316,0.273734219402467,0.0160686325362301,1728.74002599987,2446.93477345643,718.194747456564,joint_shared_proportional_scale_cap_1.0,0.15,0.15
bp_no_diabetes_only,Saint Vincent and the Grenadines,Male,htn_no_diabetes,2025,2026,2030,37098.5,8641.10285347036,0.370073700440224,0.0974932904964474,0.137996297364879,0.00810060137368635,842.449550703066,1192.440198928,349.990648224935,joint_shared_proportional_scale_cap_1.0,0.15,0.15
bp_no_diabetes_only,Samoa,Female,htn_no_diabetes,2025,2026,2030,58425,11459.4489208543,0.417381643427851,0.0372235377051629,0.0526878347420393,0.00309285940737528,426.56122898581,603.773550976814,177.212321991004,joint_shared_proportional_scale_cap_1.0,0.15,0.15
bp_no_diabetes_only,Samoa,Male,htn_no_diabetes,2025,2026,2030,56902.5,12472.1829750416,0.370087767467223,0.0435973389771457,0.0617095937902194,0.00362245096261475,543.753988947873,769.653345067106,225.899356119233,joint_shared_proportional_scale_cap_1.0,0.15,0.15
bp_no_diabetes_only,Sao Tome and Principe,Female,htn_no_diabetes,2025,2026,2030,65055,18508.4480389091,0.271403185310548,0.0735451523860548,0.104099047911212,0.00611077910503141,1361.20663145095,1926.71181916457,565.505187713626,joint_shared_proportional_scale_cap_1.0,0.15,0.15
bp_no_diabetes_only,Sao Tome and Principe,Male,htn_no_diabetes,2025,2026,2030,62914.5,17001.487593838,0.214777720924124,0.0371489662206919,0.0525822829784913,0.00308666335155987,631.587688325,893.977031714498,262.389343389498,joint_shared_proportional_scale_cap_1.0,0.15,0.15
bp_no_diabetes_only,Saudi Arabia,Female,htn_no_diabetes,2025,2026,2030,8701835.5,1134069.65593154,0.34300597852858,0.204597447426646,0.289596238381261,0.0169997581909229,232027.756807608,328422.306420105,96394.5496124968,joint_shared_proportional_scale_cap_1.0,0.15,0.15
bp_no_diabetes_only,Saudi Arabia,Male,htn_no_diabetes,2025,2026,2030,15708054.5,3190891.5685649,0.24975859990783,0.152052464089981,0.215221754674371,0.012633858116878,485182.925644236,686749.282362193,201566.356717957,joint_shared_proportional_scale_cap_1.0,0.15,0.15
bp_no_diabetes_only,Senegal,Female,htn_no_diabetes,2025,2026,2030,5053659.5,1204118.37305363,0.272735667684677,0.0696865104936065,0.0986373562265489,0.00579016914658848,83910.8076393464,118771.052901824,34860.2452624773,joint_shared_proportional_scale_cap_1.0,0.15,0.15
bp_no_diabetes_only,Senegal,Male,htn_no_diabetes,2025,2026,2030,5040091,1145713.81006671,0.224024730681033,0.0381128518974928,0.053946609218833,0.00316675146426804,43666.4207599848,61807.3751882891,18140.9544283044,joint_shared_proportional_scale_cap_1.0,0.15,0.15
bp_no_diabetes_only,Serbia,Female,htn_no_diabetes,2025,2026,2030,2915084,879668.785418285,0.418371021039005,0.250508942148227,0.354581390136871,0.0208144895977287,220364.896875951,311914.180793628,91549.2839176776,joint_shared_proportional_scale_cap_1.0,0.15,0.15
bp_no_diabetes_only,Serbia,Male,htn_no_diabetes,2025,2026,2030,2554939,925486.081879669,0.32088502084987,0.146368338316376,0.207176192702674,0.0121615708772598,135461.85993966,191738.682843145,56276.8229034851,joint_shared_proportional_scale_cap_1.0,0.15,0.15
bp_no_diabetes_only,Seychelles,Female,htn_no_diabetes,2025,2026,2030,43593,10798.0425319296,0.381252173314952,0.300758389953701,0.425706671748305,0.0249896563589207,3247.60188655472,4596.79874766437,1349.19686110965,joint_shared_proportional_scale_cap_1.0,0.15,0.15
bp_no_diabetes_only,Seychelles,Male,htn_no_diabetes,2025,2026,2030,56344.5,16414.7845642047,0.298746206866865,0.140479772408834,0.19884125716104,0.0116722969504411,2305.94519971951,3263.93639877408,957.991199054565,joint_shared_proportional_scale_cap_1.0,0.15,0.15
bp_no_diabetes_only,Sierra Leone,Female,htn_no_diabetes,2025,2026,2030,2385993.5,610460.37990903,0.255479541559211,0.0663181474397014,0.0938696268038097,0.00551029587282168,40484.6014809031,57303.6880405725,16819.0865596694,joint_shared_proportional_scale_cap_1.0,0.15,0.15
bp_no_diabetes_only,Sierra Leone,Male,htn_no_diabetes,2025,2026,2030,2334667.5,566097.577275063,0.193602656141489,0.0327601459854579,0.0463701535162652,0.00272200150616145,18545.4392735451,26250.0315634304,7704.59228988534,joint_shared_proportional_scale_cap_1.0,0.15,0.15
bp_no_diabetes_only,Singapore,Female,htn_no_diabetes,2025,2026,2030,2395676,418819.637381849,0.371503254726392,0.33944829443916,0.480470066615859,0.0282043544353398,142167.611586896,201230.299072887,59062.6874859909,joint_shared_proportional_scale_cap_1.0,0.15,0.15
bp_no_diabetes_only,Singapore,Male,htn_no_diabetes,2025,2026,2030,2562175.5,580320.585009491,0.297868720081017,0.317607399398066,0.449555501813927,0.0263896204831723,184314.111822029,260886.311806894,76572.1999848651,joint_shared_proportional_scale_cap_1.0,0.15,0.15
bp_no_diabetes_only,Slovakia,Female,htn_no_diabetes,2025,2026,2030,2275438,669385.884072523,0.349446185070638,0.353510325238567,0.500374084357673,0.0293727518238211,236634.821588584,334943.34882474,98308.5272361566,joint_shared_proportional_scale_cap_1.0,0.15,0.15
bp_no_diabetes_only,Slovakia,Male,htn_no_diabetes,2025,2026,2030,2117869,773077.836629128,0.263143720936775,0.26075268042934,0.369080828475347,0.0216656296092014,201582.11808156,285328.208419007,83746.090337447,joint_shared_proportional_scale_cap_1.0,0.15,0.15
bp_no_diabetes_only,Slovenia,Female,htn_no_diabetes,2025,2026,2030,859407,276780.307683539,0.356416472902356,0.230533388214262,0.326307111295086,0.0191547446161648,63807.1021212721,90315.3826635806,26508.2805423085,joint_shared_proportional_scale_cap_1.0,0.15,0.15
bp_no_diabetes_only,Slovenia,Male,htn_no_diabetes,2025,2026,2030,861169,334372.339610544,0.274331534142191,0.141725039807303,0.200603863483412,0.0117757647352217,47388.9331417654,67076.3831678625,19687.4500260971,joint_shared_proportional_scale_cap_1.0,0.15,0.15
bp_no_diabetes_only,Solomon Islands,Female,htn_no_diabetes,2025,2026,2030,228074,33144.5778768224,0.424299705928496,0.0104509944774776,0.0147927978872071,0.000868360681945888,346.393800348998,490.301041588629,143.907241239631,joint_shared_proportional_scale_cap_1.0,0.15,0.15
bp_no_diabetes_only,Solomon Islands,Male,htn_no_diabetes,2025,2026,2030,234705.5,28332.4433146219,0.367283863757135,0,0,0,0,0,0,joint_shared_proportional_scale_cap_1.0,0.15,0.14263190239399
bp_no_diabetes_only,Somalia,Female,htn_no_diabetes,2025,2026,2030,4470604,968659.05471908,0.241471197041762,0.0653858969398927,0.0925500783863231,0.00543283628928608,63336.6411217556,89649.4714438724,26312.8303221168,joint_shared_proportional_scale_cap_1.0,0.15,0.15
bp_no_diabetes_only,Somalia,Male,htn_no_diabetes,2025,2026,2030,4350733.5,921748.656156317,0.191475914198618,0.0596308914660705,0.0844041901651125,0.0049546597398084,54964.6940742537,77799.4488586547,22834.754784401,joint_shared_proportional_scale_cap_1.0,0.15,0.15
bp_no_diabetes_only,South Africa,Female,htn_no_diabetes,2025,2026,2030,22788012.5,5812086.74408878,0.341997697297961,0.247884084107648,0.350866050456941,0.0205963932698586,1440723.79931265,2039263.92081157,598540.121498922,joint_shared_proportional_scale_cap_1.0,0.15,0.15
bp_no_diabetes_only,South Africa,Male,htn_no_diabetes,2025,2026,2030,20943438,5749408.77838433,0.274838236095065,0.123153840537442,0.174317370086622,0.010232705909836,708061.771877714,1002221.81780089,294160.045923181,joint_shared_proportional_scale_cap_1.0,0.15,0.15
bp_no_diabetes_only,South Sudan,Female,htn_no_diabetes,2025,2026,2030,3278193.5,667005.650200747,0.284661785851502,0.0891165568581657,0.126139499628251,0.00740458855401706,59441.2469508327,84135.7589655384,24694.5120147058,joint_shared_proportional_scale_cap_1.0,0.15,0.15
bp_no_diabetes_only,South Sudan,Male,htn_no_diabetes,2025,2026,2030,3017458,629719.19552298,0.197279025071392,0.0631566355115362,0.0893946835749976,0.00524760961269228,39770.9457062626,56293.5482248788,16522.6025186162,joint_shared_proportional_scale_cap_1.0,0.15,0.15
bp_no_diabetes_only,Spain,Female,htn_no_diabetes,2025,2026,2030,20446366.5,4154328.99458213,0.355179126396273,0.291921221859733,0.413198154803715,0.0242553865887963,1212736.79610573,1716561.07500891,503824.278903175,joint_shared_proportional_scale_cap_1.0,0.15,0.15
bp_no_diabetes_only,Spain,Male,htn_no_diabetes,2025,2026,2030,19337635.5,5395414.7582562,0.288945765414306,0.251769784876729,0.356366042467371,0.0209192515181285,1358402.41300689,1922742.60486981,564340.191862919,joint_shared_proportional_scale_cap_1.0,0.15,0.15
bp_no_diabetes_only,Sri Lanka,Female,htn_no_diabetes,2025,2026,2030,8807415.5,1940894.30369185,0.403182545366129,0.115304289826224,0.163206770284213,0.00958049609159793,223793.439314952,316767.090768575,92973.6514536225,joint_shared_proportional_scale_cap_1.0,0.15,0.15
bp_no_diabetes_only,Sri Lanka,Male,htn_no_diabetes,2025,2026,2030,7935572.5,1733577.18710282,0.340734110316281,0.0785275516473409,0.111151355270517,0.00652476072463525,136133.572094869,192689.453812529,56555.8817176607,joint_shared_proportional_scale_cap_1.0,0.15,0.15
bp_no_diabetes_only,Sudan,Female,htn_no_diabetes,2025,2026,2030,13583720,3628890.33402657,0.246149318468432,0.059834860706194,0.0846928972112081,0.00497160730100282,217134.147654534,307341.236050459,90207.0883959252,joint_shared_proportional_scale_cap_1.0,0.15,0.15
bp_no_diabetes_only,Sudan,Male,htn_no_diabetes,2025,2026,2030,12819208,3296727.26279053,0.190670970782476,0.035431919418285,0.0501518993087248,0.00294399597808797,116809.374719257,165337.133731799,48527.7590125415,joint_shared_proportional_scale_cap_1.0,0.15,0.15
bp_no_diabetes_only,Suriname,Female,htn_no_diabetes,2025,2026,2030,219111,57560.0495063197,0.339029613763467,0.188453547936338,0.266745452000484,0.0156583808128293,10847.3955488572,15353.8814227335,4506.4858738763,joint_shared_proportional_scale_cap_1.0,0.15,0.15
bp_no_diabetes_only,Suriname,Male,htn_no_diabetes,2025,2026,2030,214766.5,56648.4607478816,0.304872115663374,0.135676751654258,0.192042850040681,0.0112732196772847,7685.87914048631,10878.9318524409,3193.05271195454,joint_shared_proportional_scale_cap_1.0,0.15,0.15
bp_no_diabetes_only,Sweden,Female,htn_no_diabetes,2025,2026,2030,4175905,845301.88572316,0.382115805819252,0.134852108868395,0.19087561432099,0.0112047010905189,113990.741920199,161347.516724099,47356.7748039,joint_shared_proportional_scale_cap_1.0,0.15,0.15
bp_no_diabetes_only,Sweden,Male,htn_no_diabetes,2025,2026,2030,4190666,1066742.67903172,0.361102498203853,0.150536244696627,0.213075630964625,0.0125078772535995,160583.436959054,227296.869411577,66713.4324525229,joint_shared_proportional_scale_cap_1.0,0.15,0.15
bp_no_diabetes_only,Switzerland,Female,htn_no_diabetes,2025,2026,2030,3688081,566587.367369522,0.383527517125472,0.336752980222715,0.476655000161436,0.0279804039877442,190799.984518229,270066.701684987,79266.7171667583,joint_shared_proportional_scale_cap_1.0,0.15,0.15
bp_no_diabetes_only,Switzerland,Male,htn_no_diabetes,2025,2026,2030,3588272,757278.205700297,0.351857263970383,0.299054757586823,0.423295275461411,0.0248481035749176,226467.650231487,320552.28668283,94084.6364513438,joint_shared_proportional_scale_cap_1.0,0.15,0.15
bp_no_diabetes_only,Syrian Arab Republic,Female,htn_no_diabetes,2025,2026,2030,8069505.5,1631515.30156594,0.320993215492518,0.196998128113878,0.278839827121415,0.0163683398015074,321405.46039764,454931.44463459,133525.984236951,joint_shared_proportional_scale_cap_1.0,0.15,0.15
bp_no_diabetes_only,Syrian Arab Republic,Male,htn_no_diabetes,2025,2026,2030,7875258.5,2007578.6334814,0.229186084508026,0.131180559564571,0.185678741726575,0.0108996364324008,263355.288509968,372764.674581984,109409.386072016,joint_shared_proportional_scale_cap_1.0,0.15,0.15
bp_no_diabetes_only,Tajikistan,Female,htn_no_diabetes,2025,2026,2030,3167650.5,713441.382703269,0.314158236598512,0.0511509771738909,0.0724013459864667,0.00425007376251516,36493.223881564,51654.1163901625,15160.8925085985,joint_shared_proportional_scale_cap_1.0,0.15,0.15
bp_no_diabetes_only,Tajikistan,Male,htn_no_diabetes,2025,2026,2030,2938682.5,923464.86149885,0.256311984585067,0.014129950909337,0.0200001548568828,0.00117404078950917,13048.5131594764,18469.4402348669,5420.92707539043,joint_shared_proportional_scale_cap_1.0,0.15,0.15
bp_no_diabetes_only,Tanzania,Female,htn_no_diabetes,2025,2026,2030,17724197,3664281.79490764,0.228976418407545,0.0456562671773516,0.0646238914482609,0.00379352485418186,167297.428641409,236800.14894995,69502.7203085413,joint_shared_proportional_scale_cap_1.0,0.15,0.15
bp_no_diabetes_only,Tanzania,Male,htn_no_diabetes,2025,2026,2030,16793901.5,3213597.26290192,0.17615636315443,0.033705031810134,0.0477075865290796,0.00280051094378913,108314.397971069,153312.969489507,44998.5715184381,joint_shared_proportional_scale_cap_1.0,0.15,0.15
bp_no_diabetes_only,Thailand,Female,htn_no_diabetes,2025,2026,2030,30139128.5,6223291.0275599,0.359212960743709,0.244569400110307,0.346174300735103,0.0203209801249594,1522026.55332218,2154343.41973659,632316.866414413,joint_shared_proportional_scale_cap_1.0,0.15,0.15
bp_no_diabetes_only,Thailand,Male,htn_no_diabetes,2025,2026,2030,27794681.5,5848524.58714874,0.294249039814907,0.175888502442416,0.248960333193302,0.0146143661501772,1028688.23113124,1456050.62990577,427362.398774527,joint_shared_proportional_scale_cap_1.0,0.15,0.15
bp_no_diabetes_only,Timor-Leste,Female,htn_no_diabetes,2025,2026,2030,411810,95049.2273660097,0.26495111080196,0.065626338722539,0.0928904102755028,0.00545281431059276,6237.73279043738,8829.16172639819,2591.42893596081,joint_shared_proportional_scale_cap_1.0,0.15,0.15
bp_no_diabetes_only,Timor-Leste,Male,htn_no_diabetes,2025,2026,2030,413587,89230.2578425418,0.243726977775872,0.0828425912906692,0.117259052433366,0.00688329222853941,7392.06578121072,10463.0554830014,3070.98970179068,joint_shared_proportional_scale_cap_1.0,0.15,0.15
bp_no_diabetes_only,Togo,Female,htn_no_diabetes,2025,2026,2030,2521841,548481.652025092,0.254204193872075,0.0918566363247387,0.130017928789347,0.00763225849292163,50381.6796408607,71312.4483752616,20930.7687344009,joint_shared_proportional_scale_cap_1.0,0.15,0.15
bp_no_diabetes_only,Togo,Male,htn_no_diabetes,2025,2026,2030,2542448,561465.874141675,0.204206971696529,0.0217334059100803,0.0307624199516412,0.00180580280831218,12202.5657473791,17272.0490088615,5069.48326148244,joint_shared_proportional_scale_cap_1.0,0.15,0.15
bp_no_diabetes_only,Tonga,Female,htn_no_diabetes,2025,2026,2030,32313.5,7135.52537179966,0.463841232129796,0.0461798198169756,0.0653649509137463,0.00383702621935416,329.517275969166,466.413265671477,136.895989702311,joint_shared_proportional_scale_cap_1.0,0.15,0.15
bp_no_diabetes_only,Tonga,Male,htn_no_diabetes,2025,2026,2030,25702,5510.72270196276,0.412557253901722,0.00605455230615962,0.00856988000094696,0.000503065538957469,33.3649588437748,47.2262322743151,13.8612734305403,joint_shared_proportional_scale_cap_1.0,0.15,0.15
bp_no_diabetes_only,Trinidad and Tobago,Female,htn_no_diabetes,2025,2026,2030,597491.5,153923.500120788,0.391941177612257,0.185972018583834,0.263232986058428,0.0154521934949188,28625.464024952,40517.7425613598,11892.2785364078,joint_shared_proportional_scale_cap_1.0,0.15,0.15
bp_no_diabetes_only,Trinidad and Tobago,Male,htn_no_diabetes,2025,2026,2030,573181,153883.330294549,0.364293832291484,0.118506254475395,0.167738972076038,0.00984654352012863,18236.1370994071,25812.2316432452,7576.09454383802,joint_shared_proportional_scale_cap_1.0,0.15,0.15
bp_no_diabetes_only,Tunisia,Female,htn_no_diabetes,2025,2026,2030,4473072.5,912876.174759093,0.389003893040855,0.126942491695655,0.179679993803375,0.010547500421544,115882.776233517,164025.585423962,48142.809190445,joint_shared_proportional_scale_cap_1.0,0.15,0.15
bp_no_diabetes_only,Tunisia,Male,htn_no_diabetes,2025,2026,2030,4220651,965685.243381922,0.295105345764179,0.0586592623560821,0.0830289035283853,0.00487392823446063,56646.3840449371,80179.7869115428,23533.4028666057,joint_shared_proportional_scale_cap_1.0,0.15,0.15
bp_no_diabetes_only,Turkey,Female,htn_no_diabetes,2025,2026,2030,32397930.5,6525657.6852435,0.390328541853969,0.300856895921297,0.425846101433438,0.0249978411024282,1963289.11502731,2778925.8845501,815636.769522783,joint_shared_proportional_scale_cap_1.0,0.15,0.15
bp_no_diabetes_only,Turkey,Male,htn_no_diabetes,2025,2026,2030,31751575.5,6310942.00953132,0.299578645604827,0.236936707508259,0.335370651451717,0.0196867887886917,1495293.82101391,2116504.73301053,621210.911996623,joint_shared_proportional_scale_cap_1.0,0.15,0.15
bp_no_diabetes_only,Turkmenistan,Female,htn_no_diabetes,2025,2026,2030,2480627.5,557821.293289791,0.342767814826483,0.0871385866017075,0.123339793409503,0.00724024136155913,48607.7590736089,68801.5630737846,20193.8040001758,joint_shared_proportional_scale_cap_1.0,0.15,0.15
bp_no_diabetes_only,Turkmenistan,Male,htn_no_diabetes,2025,2026,2030,2279282,484881.465823135,0.282153547156941,0.0442284238580741,0.0626028591261991,0.00367488705362501,21445.5429913499,30354.9660978307,8909.42310648079,joint_shared_proportional_scale_cap_1.0,0.15,0.15
bp_no_diabetes_only,Uganda,Female,htn_no_diabetes,2025,2026,2030,12507067,2584053.09203385,0.201765989315765,0.055517017018381,0.078581231080294,0.00461284281238259,143458.919486843,203058.07314886,59599.1536620168,joint_shared_proportional_scale_cap_1.0,0.15,0.15
bp_no_diabetes_only,Uganda,Male,htn_no_diabetes,2025,2026,2030,11918712.5,2504357.92211597,0.159288656667595,0.0410569750672208,0.0581138508242788,0.00341137515141161,102821.360767712,145537.882696448,42716.5219287362,joint_shared_proportional_scale_cap_1.0,0.15,0.15
bp_no_diabetes_only,Ukraine,Female,htn_no_diabetes,2025,2026,2030,17369356.5,4976111.99610867,0.404214898532207,0.112036899916623,0.158581962697186,0.00930901255611253,557508.161681934,789121.606943923,231613.445261989,joint_shared_proportional_scale_cap_1.0,0.15,0.15
bp_no_diabetes_only,Ukraine,Male,htn_no_diabetes,2025,2026,2030,14484021.5,4526184.33649918,0.304594173667838,0.0549774534676483,0.0778175090660404,0.00456801111967841,248838.088745882,352216.390640095,103378.301894212,joint_shared_proportional_scale_cap_1.0,0.15,0.15
bp_no_diabetes_only,United Arab Emirates,Female,htn_no_diabetes,2025,2026,2030,3019650,458345.639068839,0.313102360298914,0.199023512412265,0.281706645263414,0.0165366265702297,91221.5589863245,129119.012353198,37897.4533668734,joint_shared_proportional_scale_cap_1.0,0.15,0.15
bp_no_diabetes_only,United Arab Emirates,Male,htn_no_diabetes,2025,2026,2030,6123736,1557380.43631262,0.224000386510727,0.149626530277324,0.211787981108065,0.0124322901661482,233025.431007242,329834.458423847,96809.0274166049,joint_shared_proportional_scale_cap_1.0,0.15,0.15
bp_no_diabetes_only,United Kingdom,Female,htn_no_diabetes,2025,2026,2030,27891787.5,5470474.06691485,0.339152177310694,0.241452175242281,0.341762043361793,0.0200619736239024,1320857.86306308,1869600.39526651,548742.532203438,joint_shared_proportional_scale_cap_1.0,0.15,0.15
bp_no_diabetes_only,United Kingdom,Male,htn_no_diabetes,2025,2026,2030,26469240,6267860.30039913,0.286448779558781,0.263376419248647,0.372794583960193,0.0218836329423093,1650806.60226987,2336624.3730079,685817.770738033,joint_shared_proportional_scale_cap_1.0,0.15,0.15
bp_no_diabetes_only,United States,Female,htn_no_diabetes,2025,2026,2030,135029185,28535566.2831771,0.389171959372562,0.451643470928305,0.639276060944928,0.0375265180033247,12887902.2010388,18242104.4103424,5354202.20930355,joint_shared_proportional_scale_cap_1.0,0.15,0.15
bp_no_diabetes_only,United States,Male,htn_no_diabetes,2025,2026,2030,134681241,32005068.2856882,0.340960055004095,0.397308830637753,0.562368417961825,0.0330119174648144,12715896.2550682,17998639.6185826,5282743.36351444,joint_shared_proportional_scale_cap_1.0,0.15,0.15
bp_no_diabetes_only,Uruguay,Female,htn_no_diabetes,2025,2026,2030,1356764.5,362735.710454012,0.377821852930059,0.277046412801424,0.392143694916231,0.0230194564229614,100494.62737626,142244.521775501,41749.8943992405,joint_shared_proportional_scale_cap_1.0,0.15,0.15
bp_no_diabetes_only,Uruguay,Male,htn_no_diabetes,2025,2026,2030,1236352,398590.303938325,0.287580322374324,0.206196161420817,0.291859128582398,0.0171325934323162,82187.7906516395,116332.218768833,34144.4281171932,joint_shared_proportional_scale_cap_1.0,0.15,0.15
bp_no_diabetes_only,Uzbekistan,Female,htn_no_diabetes,2025,2026,2030,11620159,3033564.04842225,0.338181920783296,0.166498240788364,0.235668943263306,0.0138341404949885,505083.077381131,714916.833613228,209833.756232097,joint_shared_proportional_scale_cap_1.0,0.15,0.15
bp_no_diabetes_only,Uzbekistan,Male,htn_no_diabetes,2025,2026,2030,11464160.5,3415679.67756334,0.277202851087944,0.0713561661512494,0.10100066038272,0.00592889884629409,243729.806591656,344985.903089733,101256.096498077,joint_shared_proportional_scale_cap_1.0,0.15,0.15
bp_no_diabetes_only,Vanuatu,Female,htn_no_diabetes,2025,2026,2030,91194,18099.4567405295,0.406000634618235,0.000532439955398353,0.000753638963665623,4.42398016534539e-05,9.63687393966195,13.6404558208434,4.00358188118148,joint_shared_proportional_scale_cap_1.0,0.15,0.15
bp_no_diabetes_only,Vanuatu,Male,htn_no_diabetes,2025,2026,2030,89621,18346.707775438,0.354766864802506,0,0,0,0,0,0,joint_shared_proportional_scale_cap_1.0,0.15,0.101513799476357
bp_no_diabetes_only,Venezuela (Bolivarian Republic of),Female,htn_no_diabetes,2025,2026,2030,9902077,2492206.09016247,0.34131774738841,0.344783111795857,0.488021202069317,0.0286476180546921,859270.5710028,1216249.41192556,356978.84092276,joint_shared_proportional_scale_cap_1.0,0.15,0.15
bp_no_diabetes_only,Venezuela (Bolivarian Republic of),Male,htn_no_diabetes,2025,2026,2030,9309412.5,2418471.15144626,0.300106972892915,0.208383766520007,0.294955561190708,0.0173143589341403,503970.12775835,713341.515698372,209371.387940022,joint_shared_proportional_scale_cap_1.0,0.15,0.15
bp_no_diabetes_only,Viet Nam,Female,htn_no_diabetes,2025,2026,2030,37636568.5,6158626.69745492,0.363420553771913,0.095308553756167,0.134903924758103,0.00791907420038715,586969.803658548,830822.912606702,243853.108948154,joint_shared_proportional_scale_cap_1.0,0.15,0.15
bp_no_diabetes_only,Viet Nam,Male,htn_no_diabetes,2025,2026,2030,34682757,7422920.6977207,0.285044431161526,0.0644623477366712,0.0912428461672659,0.00535609968611895,478498.895238205,677288.411333944,198789.516095738,joint_shared_proportional_scale_cap_1.0,0.15,0.15
bp_no_diabetes_only,Yemen,Female,htn_no_diabetes,2025,2026,2030,10560059.5,1663299.43598035,0.253409211824213,0.159956645296974,0.226409680886646,0.0132906071179344,266055.797903766,376587.094519249,110531.296615483,joint_shared_proportional_scale_cap_1.0,0.15,0.15
bp_no_diabetes_only,Yemen,Male,htn_no_diabetes,2025,2026,2030,10618497.5,1740373.65269523,0.189009337915826,0.102953768824495,0.145725298891802,0.00855430601346132,179178.026707827,253616.47072243,74438.4440146024,joint_shared_proportional_scale_cap_1.0,0.15,0.15
bp_no_diabetes_only,Zambia,Female,htn_no_diabetes,2025,2026,2030,5568342,951861.16225977,0.243249901627704,0.0827653964943844,0.117149787518736,0.00687687820487028,78781.1665020355,111510.332906069,32729.1664040335,joint_shared_proportional_scale_cap_1.0,0.15,0.15
bp_no_diabetes_only,Zambia,Male,htn_no_diabetes,2025,2026,2030,5357895.5,1025486.13176121,0.177489719818625,0.039448942053271,0.0558377700721,0.00327776560376578,40454.342988281,57260.8588374096,16806.5158491286,joint_shared_proportional_scale_cap_1.0,0.15,0.15
bp_no_diabetes_only,Zimbabwe,Female,htn_no_diabetes,2025,2026,2030,4675795.5,1236702.27087721,0.286156172286157,0.146563404427426,0.207452297867751,0.0121777786880649,181255.295082893,256556.727871742,75301.4327888496,joint_shared_proportional_scale_cap_1.0,0.15,0.15
bp_no_diabetes_only,Zimbabwe,Male,htn_no_diabetes,2025,2026,2030,3849027,841645.662514051,0.236198772602801,0.0884140331677369,0.125145116654852,0.00734621669742308,74413.2875209992,105327.844617371,30914.5570963721,joint_shared_proportional_scale_cap_1.0,0.15,0.15
bp_no_diabetes_only,Afghanistan,Female,htn_diabetes,2025,2026,2030,10656400,1116358.35089978,0.288116944917646,0.280085711511268,0.280085711511268,0,312676.02301331,312676.02301331,0,inactive_at_baseline,0.15,0.15
bp_no_diabetes_only,Afghanistan,Male,htn_diabetes,2025,2026,2030,10584668.5,584367.946377141,0.206915093397397,0.217564526875106,0.217564526875106,0,127137.73577452,127137.73577452,0,inactive_at_baseline,0.15,0.15
bp_no_diabetes_only,Albania,Female,htn_diabetes,2025,2026,2030,1119803,144985.960199705,0.296321263909921,0.220977657747678,0.220977657747678,0,32038.6578912289,32038.6578912289,0,inactive_at_baseline,0.15,0.15
bp_no_diabetes_only,Albania,Male,htn_diabetes,2025,2026,2030,1063013.5,105782.130690109,0.23311824821873,0.168207275890935,0.168207275890935,0,17793.3240413221,17793.3240413221,0,inactive_at_baseline,0.15,0.15
bp_no_diabetes_only,Algeria,Female,htn_diabetes,2025,2026,2030,14751664,1825433.40011571,0.378580542968894,0.297025627784635,0.297025627784635,0,542200.501648409,542200.501648409,0,inactive_at_baseline,0.15,0.15
bp_no_diabetes_only,Algeria,Male,htn_diabetes,2025,2026,2030,15328527.5,1309090.30331503,0.27594218781711,0.219573571383963,0.219573571383963,0,287441.633162997,287441.633162997,0,inactive_at_baseline,0.15,0.15
bp_no_diabetes_only,Andorra,Female,htn_diabetes,2025,2026,2030,34136.5,3188.49283583364,0.298406149800026,0.479783553948763,0.479783553948763,0,1529.78642451643,1529.78642451643,0,inactive_at_baseline,0.15,0.15
bp_no_diabetes_only,Andorra,Male,htn_diabetes,2025,2026,2030,35615.5,3619.21262510616,0.261162859582898,0.409103133669997,0.409103133669997,0,1480.63122634895,1480.63122634895,0,inactive_at_baseline,0.15,0.15
bp_no_diabetes_only,Angola,Female,htn_diabetes,2025,2026,2030,9454084.5,837784.612697362,0.276026424413656,0.24273700928157,0.24273700928157,0,203361.331308276,203361.331308276,0,inactive_at_baseline,0.15,0.15
bp_no_diabetes_only,Angola,Male,htn_diabetes,2025,2026,2030,8954924.5,657771.796934606,0.263834825544535,0.202961461492706,0.202961461492706,0,133502.325234531,133502.325234531,0,inactive_at_baseline,0.15,0.15
bp_no_diabetes_only,Antigua and Barbuda,Female,htn_diabetes,2025,2026,2030,38630,6047.68393522648,0.355415158778058,0.37070126115299,0.37070126115299,0,2241.88406184314,2241.88406184314,0,inactive_at_baseline,0.15,0.15
bp_no_diabetes_only,Antigua and Barbuda,Male,htn_diabetes,2025,2026,2030,33803.5,4082.30556934343,0.298166557675434,0.286628967501129,0.286628967501129,0,1170.10703036502,1170.10703036502,0,inactive_at_baseline,0.15,0.15
bp_no_diabetes_only,Argentina,Female,htn_diabetes,2025,2026,2030,16991234.5,2205939.24586557,0.315857537146284,0.297009872700032,0.297009872700032,0,655185.734598537,655185.734598537,0,inactive_at_baseline,0.15,0.15
bp_no_diabetes_only,Argentina,Male,htn_diabetes,2025,2026,2030,16332211,2049241.11401124,0.245154637778431,0.223125738899243,0.223125738899243,0,457238.437746466,457238.437746466,0,inactive_at_baseline,0.15,0.15
bp_no_diabetes_only,Armenia,Female,htn_diabetes,2025,2026,2030,1237586,249889.283316695,0.416766981424112,0.188008309922527,0.188008309922527,0,46981.2618241233,46981.2618241233,0,inactive_at_baseline,0.15,0.15
bp_no_diabetes_only,Armenia,Male,htn_diabetes,2025,2026,2030,999336.5,153024.088585091,0.328133741934919,0.173553771483531,0.173553771483531,0,26557.9077017725,26557.9077017725,0,inactive_at_baseline,0.15,0.15
bp_no_diabetes_only,Australia,Female,htn_diabetes,2025,2026,2030,10622094.5,1086282.78363981,0.328767459149663,0.371144439483557,0.371144439483557,0,403167.814854633,403167.814854633,0,inactive_at_baseline,0.15,0.15
bp_no_diabetes_only,Australia,Male,htn_diabetes,2025,2026,2030,10251233.5,941874.945234041,0.265291708032925,0.35887749157973,0.35887749157973,0,338017.717727388,338017.717727388,0,inactive_at_baseline,0.15,0.15
bp_no_diabetes_only,Austria,Female,htn_diabetes,2025,2026,2030,3829405,492637.816840316,0.332288306457589,0.370946939248543,0.370946939248543,0,182742.490314999,182742.490314999,0,inactive_at_baseline,0.15,0.15
bp_no_diabetes_only,Austria,Male,htn_diabetes,2025,2026,2030,3647096.5,440712.398885178,0.286684581934179,0.381940464922039,0.381940464922039,0,168325.898527112,168325.898527112,0,inactive_at_baseline,0.15,0.15
bp_no_diabetes_only,Azerbaijan,Female,htn_diabetes,2025,2026,2030,3950832,579416.421488688,0.36572520475046,0.273234548410083,0.273234548410083,0,158316.584266848,158316.584266848,0,inactive_at_baseline,0.15,0.15
bp_no_diabetes_only,Azerbaijan,Male,htn_diabetes,2025,2026,2030,3600166,417969.67530858,0.323697792995275,0.189614366209945,0.189614366209945,0,79253.0550786131,79253.0550786131,0,inactive_at_baseline,0.15,0.15
bp_no_diabetes_only,Bahamas,Female,htn_diabetes,2025,2026,2030,164326,23169.9102756013,0.326027315326277,0.376475126470149,0.376475126470149,0,8722.89490130901,8722.89490130901,0,inactive_at_baseline,0.15,0.15
bp_no_diabetes_only,Bahamas,Male,htn_diabetes,2025,2026,2030,144907,18313.721052223,0.288191586856383,0.276218217261114,0.276218217261114,0,5058.58338046237,5058.58338046237,0,inactive_at_baseline,0.15,0.15
bp_no_diabetes_only,Bahrain,Female,htn_diabetes,2025,2026,2030,439854,45971.0374129199,0.386080035007626,0.336712974582785,0.336712974582785,0,15479.0447519607,15479.0447519607,0,inactive_at_baseline,0.15,0.15
bp_no_diabetes_only,Bahrain,Male,htn_diabetes,2025,2026,2030,828704,70272.592361309,0.268169590441785,0.274074239993756,0.274074239993756,0,19259.9073438168,19259.9073438168,0,inactive_at_baseline,0.15,0.15
bp_no_diabetes_only,Bangladesh,Female,htn_diabetes,2025,2026,2030,59223138.5,3844673.00444349,0.219874659115649,0.267667144030192,0.267667144030192,0,1029092.64282936,1029092.64282936,0,inactive_at_baseline,0.15,0.15
bp_no_diabetes_only,Bangladesh,Male,htn_diabetes,2025,2026,2030,54363605,2416532.36036487,0.215322552979708,0.258153543737481,0.258153543737481,0,623836.392384492,623836.392384492,0,inactive_at_baseline,0.15,0.15
bp_no_diabetes_only,Barbados,Female,htn_diabetes,2025,2026,2030,116219.5,22188.9028904259,0.397122004010239,0.467851986363151,0.467851986363151,0,10381.1222925048,10381.1222925048,0,inactive_at_baseline,0.15,0.15
bp_no_diabetes_only,Barbados,Male,htn_diabetes,2025,2026,2030,103510.5,14801.5572591194,0.341958504975447,0.387384895347905,0.387384895347905,0,5733.89970981,5733.89970981,0,inactive_at_baseline,0.15,0.15
bp_no_diabetes_only,Belarus,Female,htn_diabetes,2025,2026,2030,3909680,806552.587759894,0.380107069411175,0.229791434911365,0.229791434911365,0,185338.876472821,185338.876472821,0,inactive_at_baseline,0.15,0.15
bp_no_diabetes_only,Belarus,Male,htn_diabetes,2025,2026,2030,3241931.5,470946.05177637,0.280198360573235,0.173940389259268,0.173940389259268,0,81916.539566097,81916.539566097,0,inactive_at_baseline,0.15,0.15
bp_no_diabetes_only,Belgium,Female,htn_diabetes,2025,2026,2030,4782953,602212.093750547,0.363411341036508,0.518649991968676,0.518649991968676,0,312337.297587161,312337.297587161,0,inactive_at_baseline,0.15,0.15
bp_no_diabetes_only,Belgium,Male,htn_diabetes,2025,2026,2030,4571695.5,541220.450535704,0.308042053060249,0.450976051202218,0.450976051202218,0,244077.461612477,244077.461612477,0,inactive_at_baseline,0.15,0.15
bp_no_diabetes_only,Belize,Female,htn_diabetes,2025,2026,2030,140619,13093.7466300447,0.304688567556802,0.371386629728861,0.371386629728861,0,4862.84243145594,4862.84243145594,0,inactive_at_baseline,0.15,0.15
bp_no_diabetes_only,Belize,Male,htn_diabetes,2025,2026,2030,141068,11030.6193828808,0.24518325621494,0.272433270720606,0.272433270720606,0,3005.10771655233,3005.10771655233,0,inactive_at_baseline,0.15,0.15
bp_no_diabetes_only,Benin,Female,htn_diabetes,2025,2026,2030,3738262,259888.723833711,0.300504265431333,0.207143526273383,0.207143526273383,0,53834.2666936044,53834.2666936044,0,inactive_at_baseline,0.15,0.15
bp_no_diabetes_only,Benin,Male,htn_diabetes,2025,2026,2030,3683484.5,176854.815447268,0.21200580430093,0.199118465825372,0.199118465825372,0,35215.0595256894,35215.0595256894,0,inactive_at_baseline,0.15,0.15
bp_no_diabetes_only,Bhutan,Female,htn_diabetes,2025,2026,2030,267843.5,22823.4909008089,0.230571096323801,0.222618931371304,0.222618931371304,0,5080.94115450075,5080.94115450075,0,inactive_at_baseline,0.15,0.15
bp_no_diabetes_only,Bhutan,Male,htn_diabetes,2025,2026,2030,314056.5,24899.3843206277,0.20223139413412,0.18904142783126,0.18904142783126,0,4707.01516409073,4707.01516409073,0,inactive_at_baseline,0.15,0.15
bp_no_diabetes_only,Bolivia,Female,htn_diabetes,2025,2026,2030,3989287,246842.048513533,0.288227077816936,0.443758218319368,0.443758218319368,0,109538.187654668,109538.187654668,0,inactive_at_baseline,0.15,0.15
bp_no_diabetes_only,Bolivia,Male,htn_diabetes,2025,2026,2030,3933289,221518.274398891,0.233818868809144,0.308020611299355,0.308020611299355,0,68232.1942943248,68232.1942943248,0,inactive_at_baseline,0.15,0.15
bp_no_diabetes_only,Bosnia and Herzegovina,Female,htn_diabetes,2025,2026,2030,1388219.5,311268.063063303,0.425453090826479,0.300863642284951,0.300863642284951,0,93649.2431802073,93649.2431802073,0,inactive_at_baseline,0.15,0.15
bp_no_diabetes_only,Bosnia and Herzegovina,Male,htn_diabetes,2025,2026,2030,1220047.5,208313.825243039,0.336845171043919,0.216768350525521,0.216768350525521,0,45155.8442895952,45155.8442895952,0,inactive_at_baseline,0.15,0.15
bp_no_diabetes_only,Botswana,Female,htn_diabetes,2025,2026,2030,782811.5,86420.9522571804,0.293933190652956,0.330188575844868,0.330188575844868,0,28535.2111489557,28535.2111489557,0,inactive_at_baseline,0.15,0.15
bp_no_diabetes_only,Botswana,Male,htn_diabetes,2025,2026,2030,766563.5,62200.1203818507,0.246620828656797,0.246046710425135,0.246046710425135,0,15304.1350080018,15304.1350080018,0,inactive_at_baseline,0.15,0.15
bp_no_diabetes_only,Brazil,Female,htn_diabetes,2025,2026,2030,82212314,8727604.42649317,0.257009028781802,0.500893876411035,0.500893876411035,0,4371603.61296827,4371603.61296827,0,inactive_at_baseline,0.15,0.15
bp_no_diabetes_only,Brazil,Male,htn_diabetes,2025,2026,2030,77657112,6903766.43281035,0.194808957901381,0.401572145666599,0.401572145666599,0,2772360.29960469,2772360.29960469,0,inactive_at_baseline,0.15,0.15
bp_no_diabetes_only,Brunei Darussalam,Female,htn_diabetes,2025,2026,2030,160698,23237.0634525017,0.356302839443615,0.446359015102259,0.446359015102259,0,10372.0727565273,10372.0727565273,0,inactive_at_baseline,0.15,0.15
bp_no_diabetes_only,Brunei Darussalam,Male,htn_diabetes,2025,2026,2030,184517.5,24916.1089171443,0.324077136517538,0.357018799684744,0.357018799684744,0,8895.51929841322,8895.51929841322,0,inactive_at_baseline,0.15,0.15
bp_no_diabetes_only,Bulgaria,Female,htn_diabetes,2025,2026,2030,2859678,522412.535043212,0.361934847598705,0.376625499307954,0.376625499307954,0,196753.881855384,196753.881855384,0,inactive_at_baseline,0.15,0.15
bp_no_diabetes_only,Bulgaria,Male,htn_diabetes,2025,2026,2030,2608251.5,375337.939466163,0.272241196030903,0.2933680679864,0.2933680679864,0,110112.166143184,110112.166143184,0,inactive_at_baseline,0.15,0.15
bp_no_diabetes_only,Burkina Faso,Female,htn_diabetes,2025,2026,2030,6083031.5,361703.203094868,0.252946997604433,0.223624499110918,0.223624499110918,0,80885.6976189045,80885.6976189045,0,inactive_at_baseline,0.15,0.15
bp_no_diabetes_only,Burkina Faso,Male,htn_diabetes,2025,2026,2030,5816630.5,242136.029000526,0.193321346416144,0.18019351906582,0.18019351906582,0,43631.3431582283,43631.3431582283,0,inactive_at_baseline,0.15,0.15
bp_no_diabetes_only,Burundi,Female,htn_diabetes,2025,2026,2030,3398525,205710.611556662,0.231856717435163,0.248038566498679,0.248038566498679,0,51024.1652040808,51024.1652040808,0,inactive_at_baseline,0.15,0.15
bp_no_diabetes_only,Burundi,Male,htn_diabetes,2025,2026,2030,3266953,151578.348237154,0.184630148223236,0.214475859366617,0.214475859366617,0,32509.8964995361,32509.8964995361,0,inactive_at_baseline,0.15,0.15
bp_no_diabetes_only,Cabo Verde,Female,htn_diabetes,2025,2026,2030,177016,21833.6651544336,0.346833969216931,0.292446078994336,0.292446078994336,0,6385.16976448936,6385.16976448936,0,inactive_at_baseline,0.15,0.15
bp_no_diabetes_only,Cabo Verde,Male,htn_diabetes,2025,2026,2030,181185,16461.6107443197,0.227310649083238,0.201462442587158,0.201462442587158,0,3316.39630946965,3316.39630946965,0,inactive_at_baseline,0.15,0.15
bp_no_diabetes_only,Cambodia,Female,htn_diabetes,2025,2026,2030,5871047,398466.116558424,0.314526753106943,0.368429312744207,0.368429312744207,0,146806.597475473,146806.597475473,0,inactive_at_baseline,0.15,0.15
bp_no_diabetes_only,Cambodia,Male,htn_diabetes,2025,2026,2030,5384942,298736.285885733,0.259523574134363,0.275471480681264,0.275471480681264,0,82293.3270061643,82293.3270061643,0,inactive_at_baseline,0.15,0.15
bp_no_diabetes_only,Cameroon,Female,htn_diabetes,2025,2026,2030,7586438,553516.52158334,0.259906861178751,0.213652340519403,0.213652340519403,0,118260.100352439,118260.100352439,0,inactive_at_baseline,0.15,0.15
bp_no_diabetes_only,Cameroon,Male,htn_diabetes,2025,2026,2030,7383628,387507.568624948,0.206691765282523,0.162352895291117,0.162352895291117,0,62912.9757134814,62912.9757134814,0,inactive_at_baseline,0.15,0.15
bp_no_diabetes_only,Canada,Female,htn_diabetes,2025,2026,2030,16404298,1426283.92903667,0.334144775627451,0.668762446381986,0.668762446381986,0,953845.129617876,953845.129617876,0,inactive_at_baseline,0.15,0.15
bp_no_diabetes_only,Canada,Male,htn_diabetes,2025,2026,2030,15954765.5,1506905.1554132,0.328321706513712,0.741223735382266,0.741223735382266,0,1116953.86816217,1116953.86816217,0,inactive_at_baseline,0.15,0.15
bp_no_diabetes_only,Central African Republic,Female,htn_diabetes,2025,2026,2030,1259422.5,103644.004476381,0.284233435526141,0.168881553167077,0.168881553167077,0,17503.5604524266,17503.5604524266,0,inactive_at_baseline,0.15,0.15
bp_no_diabetes_only,Central African Republic,Male,htn_diabetes,2025,2026,2030,1023279,67175.0128420001,0.254410682726743,0.161314742624044,0.161314742624044,0,10836.3199073741,10836.3199073741,0,inactive_at_baseline,0.15,0.15
bp_no_diabetes_only,Chad,Female,htn_diabetes,2025,2026,2030,4796415,338019.110965549,0.23183112488282,0.243661496995815,0.243661496995815,0,82362.2425910602,82362.2425910602,0,inactive_at_baseline,0.15,0.15
bp_no_diabetes_only,Chad,Male,htn_diabetes,2025,2026,2030,4708514,230744.574349477,0.187383149158477,0.212426651849767,0.212426651849767,0,49016.297361559,49016.297361559,0,inactive_at_baseline,0.15,0.15
bp_no_diabetes_only,Chile,Female,htn_diabetes,2025,2026,2030,7894715.5,958292.827804582,0.348833623919168,0.51580439624623,0.51580439624623,0,494291.653472835,494291.653472835,0,inactive_at_baseline,0.15,0.15
bp_no_diabetes_only,Chile,Male,htn_diabetes,2025,2026,2030,7695890.5,858054.774509422,0.287596475883708,0.373607807723518,0.373607807723518,0,320575.963211163,320575.963211163,0,inactive_at_baseline,0.15,0.15
bp_no_diabetes_only,China,Female,htn_diabetes,2025,2026,2030,561666473.5,43358591.8640464,0.279017013042484,0.286267154715485,0.286267154715485,0,12412140.7253905,12412140.7253905,0,inactive_at_baseline,0.15,0.15
bp_no_diabetes_only,China,Male,htn_diabetes,2025,2026,2030,567724824.5,37002010.6350033,0.211370620410247,0.257311200727386,0.257311200727386,0,9521031.78582019,9521031.78582019,0,inactive_at_baseline,0.15,0.15
bp_no_diabetes_only,Colombia,Female,htn_diabetes,2025,2026,2030,20313225.5,1817407.52955163,0.310723657653871,0.513357975437904,0.513357975437904,0,932980.64991623,932980.64991623,0,inactive_at_baseline,0.15,0.15
bp_no_diabetes_only,Colombia,Male,htn_diabetes,2025,2026,2030,19322909,1396667.9233298,0.255416227628668,0.351408012490324,0.351408012490324,0,490800.299046311,490800.299046311,0,inactive_at_baseline,0.15,0.15
bp_no_diabetes_only,Comoros,Female,htn_diabetes,2025,2026,2030,242865,19274.7588648462,0.273836630393999,0.237775129623091,0.237775129623091,0,4583.05828754262,4583.05828754262,0,inactive_at_baseline,0.15,0.15
bp_no_diabetes_only,Comoros,Male,htn_diabetes,2025,2026,2030,241785,13614.4445817886,0.230894086205327,0.209447407353622,0.209447407353622,0,2851.5101202152,2851.5101202152,0,inactive_at_baseline,0.15,0.15
bp_no_diabetes_only,Congo,Female,htn_diabetes,2025,2026,2030,1672142,167864.236304891,0.305887249921217,0.216064273589853,0.216064273589853,0,36269.4642789318,36269.4642789318,0,inactive_at_baseline,0.15,0.15
bp_no_diabetes_only,Congo,Male,htn_diabetes,2025,2026,2030,1643888.5,129978.952831181,0.26320878521085,0.186678052774055,0.186678052774055,0,24264.2178161356,24264.2178161356,0,inactive_at_baseline,0.15,0.15
bp_no_diabetes_only,Costa Rica,Female,htn_diabetes,2025,2026,2030,2003858.5,248094.280230493,0.316282718030832,0.637839373152721,0.637839373152721,0,158244.300184993,158244.300184993,0,inactive_at_baseline,0.15,0.15
bp_no_diabetes_only,Costa Rica,Male,htn_diabetes,2025,2026,2030,1915980,193297.203400911,0.290939940673689,0.560853931577756,0.560853931577756,0,108411.496490386,108411.496490386,0,inactive_at_baseline,0.15,0.15
bp_no_diabetes_only,Croatia,Female,htn_diabetes,2025,2026,2030,1654357,348072.487819243,0.37788833582198,0.340257256025617,0.340257256025617,0,118434.189603386,118434.189603386,0,inactive_at_baseline,0.15,0.15
bp_no_diabetes_only,Croatia,Male,htn_diabetes,2025,2026,2030,1500058.5,256860.601370725,0.305518894683859,0.250483186360695,0.250483186360695,0,64339.2618818635,64339.2618818635,0,inactive_at_baseline,0.15,0.15
bp_no_diabetes_only,Cuba,Female,htn_diabetes,2025,2026,2030,4518655,635324.300318036,0.312976207672578,0.483208194863444,0.483208194863444,0,306993.908309559,306993.908309559,0,inactive_at_baseline,0.15,0.15
bp_no_diabetes_only,Cuba,Male,htn_diabetes,2025,2026,2030,4302829,485740.350313104,0.265753667467407,0.386015792791651,0.386015792791651,0,187503.446417007,187503.446417007,0,inactive_at_baseline,0.15,0.15
bp_no_diabetes_only,Cyprus,Female,htn_diabetes,2025,2026,2030,546996,54765.7095235315,0.345841095625722,0.474426614975156,0.474426614975156,0,25982.3101859617,25982.3101859617,0,inactive_at_baseline,0.15,0.15
bp_no_diabetes_only,Cyprus,Male,htn_diabetes,2025,2026,2030,548979.5,59714.9001625024,0.309330234923672,0.403802695391808,0.403802695391808,0,24113.0376406712,24113.0376406712,0,inactive_at_baseline,0.15,0.15
bp_no_diabetes_only,Czechia,Female,htn_diabetes,2025,2026,2030,4364241,746290.804102259,0.401682676165208,0.513738203534813,0.513738203534813,0,383398.097014046,383398.097014046,0,inactive_at_baseline,0.15,0.15
bp_no_diabetes_only,Czechia,Male,htn_diabetes,2025,2026,2030,4169023,736529.097074113,0.332700647659766,0.406818993566408,0.406818993566408,0,299634.026004066,299634.026004066,0,inactive_at_baseline,0.15,0.15
bp_no_diabetes_only,Democratic People's Republic of Korea,Female,htn_diabetes,2025,2026,2030,10332960,792350.867806955,0.286444265141714,0.355440426352842,0.355440426352842,0,281633.530274348,281633.530274348,0,inactive_at_baseline,0.15,0.15
bp_no_diabetes_only,Democratic People's Republic of Korea,Male,htn_diabetes,2025,2026,2030,9905557,637622.624809001,0.231720860397241,0.319578982563928,0.319578982563928,0,203770.789696202,203770.789696202,0,inactive_at_baseline,0.15,0.15
bp_no_diabetes_only,Democratic Republic of the Congo,Female,htn_diabetes,2025,2026,2030,26154326,2036332.43176542,0.289445099044984,0.23043969205043,0.23043969205043,0,469251.818488328,469251.818488328,0,inactive_at_baseline,0.15,0.15
bp_no_diabetes_only,Democratic Republic of the Congo,Male,htn_diabetes,2025,2026,2030,25180274,1611420.37620102,0.263259663626323,0.217113875975729,0.217113875975729,0,349861.723703271,349861.723703271,0,inactive_at_baseline,0.15,0.15
bp_no_diabetes_only,Denmark,Female,htn_diabetes,2025,2026,2030,2427793.5,346260.289672399,0.402385369159417,0.191774538082092,0.191774538082092,0,66403.9071080958,66403.9071080958,0,inactive_at_baseline,0.15,0.15
bp_no_diabetes_only,Denmark,Male,htn_diabetes,2025,2026,2030,2360863,412072.926947176,0.371672521095329,0.182427298918918,0.182427298918918,0,75173.3510205859,75173.3510205859,0,inactive_at_baseline,0.15,0.15
bp_no_diabetes_only,Djibouti,Female,htn_diabetes,2025,2026,2030,383455.5,31217.0361562478,0.27680932201004,0.24125187459889,0.24125187459889,0,7531.16849211611,7531.16849211611,0,inactive_at_baseline,0.15,0.15
bp_no_diabetes_only,Djibouti,Male,htn_diabetes,2025,2026,2030,368267.5,22339.80975443,0.221229095301794,0.208090811156177,0.208090811156177,0,4648.709132874,4648.709132874,0,inactive_at_baseline,0.15,0.15
bp_no_diabetes_only,Dominica,Female,htn_diabetes,2025,2026,2030,25408,4423.4072475736,0.350850916143688,0.304285991103406,0.304285991103406,0,1345.98085838192,1345.98085838192,0,inactive_at_baseline,0.15,0.15
bp_no_diabetes_only,Dominica,Male,htn_diabetes,2025,2026,2030,25388,3612.20390686587,0.314750869207997,0.246313229977219,0.246313229977219,0,889.733611636464,889.733611636464,0,inactive_at_baseline,0.15,0.15
bp_no_diabetes_only,Dominican Republic,Female,htn_diabetes,2025,2026,2030,3926344,468158.387603981,0.26712551076232,0.360582921413092,0.360582921413092,0,168809.919086286,168809.919086286,0,inactive_at_baseline,0.15,0.15
bp_no_diabetes_only,Dominican Republic,Male,htn_diabetes,2025,2026,2030,3783715.5,375632.398540587,0.225845968059066,0.295218406536115,0.295218406536115,0,110893.598140491,110893.598140491,0,inactive_at_baseline,0.15,0.15
bp_no_diabetes_only,Ecuador,Female,htn_diabetes,2025,2026,2030,6408365.5,441914.320198144,0.309798931795456,0.50395204706217,0.50395204706217,0,222703.626289942,222703.626289942,0,inactive_at_baseline,0.15,0.15
bp_no_diabetes_only,Ecuador,Male,htn_diabetes,2025,2026,2030,6234871,392968.324500649,0.244297231111955,0.295832534915114,0.295832534915114,0,116252.815578372,116252.815578372,0,inactive_at_baseline,0.15,0.15
bp_no_diabetes_only,Egypt,Female,htn_diabetes,2025,2026,2030,36007823.5,4278742.98364391,0.352799430384255,0.325763291766237,0.325763291766237,0,1393857.39897353,1393857.39897353,0,inactive_at_baseline,0.15,0.15
bp_no_diabetes_only,Egypt,Male,htn_diabetes,2025,2026,2030,36056804,2885466.39878505,0.271902389278726,0.250844387965576,0.250844387965576,0,723803.052798471,723803.052798471,0,inactive_at_baseline,0.15,0.15
bp_no_diabetes_only,El Salvador,Female,htn_diabetes,2025,2026,2030,2370154.5,242211.514145979,0.34008790279236,0.582076447341718,0.582076447341718,0,140985.617659349,140985.617659349,0,inactive_at_baseline,0.15,0.15
bp_no_diabetes_only,El Salvador,Male,htn_diabetes,2025,2026,2030,1996053,147301.129422843,0.284331324546486,0.373347037039495,0.373347037039495,0,54994.4402225896,54994.4402225896,0,inactive_at_baseline,0.15,0.15
bp_no_diabetes_only,Equatorial Guinea,Female,htn_diabetes,2025,2026,2030,485181.5,50267.4441049919,0.324763942625213,0.234456253594929,0.234456253594929,0,11785.5166226489,11785.5166226489,0,inactive_at_baseline,0.15,0.15
bp_no_diabetes_only,Equatorial Guinea,Male,htn_diabetes,2025,2026,2030,581382.5,51818.7954144809,0.300750839856779,0.200467553454937,0.200467553454937,0,10387.9871397229,10387.9871397229,0,inactive_at_baseline,0.15,0.15
bp_no_diabetes_only,Eritrea,Female,htn_diabetes,2025,2026,2030,983070,53423.9221533205,0.291641569681166,0.24204418411808,0.24204418411808,0,12930.9496499883,12930.9496499883,0,inactive_at_baseline,0.15,0.15
bp_no_diabetes_only,Eritrea,Male,htn_diabetes,2025,2026,2030,922724,35749.2954238105,0.21899856651553,0.231874103916197,0.231874103916197,0,8289.33584203144,8289.33584203144,0,inactive_at_baseline,0.15,0.15
bp_no_diabetes_only,Estonia,Female,htn_diabetes,2025,2026,2030,574042.5,112899.790173676,0.46231273042044,0.26989516124322,0.26989516124322,0,30471.1070732499,30471.1070732499,0,inactive_at_baseline,0.15,0.15
bp_no_diabetes_only,Estonia,Male,htn_diabetes,2025,2026,2030,501928,77691.1828259941,0.329991304100448,0.230589899291696,0.230589899291696,0,17914.8020236987,17914.8020236987,0,inactive_at_baseline,0.15,0.15
bp_no_diabetes_only,Eswatini,Female,htn_diabetes,2025,2026,2030,380862,52189.666615469,0.363766597427567,0.244609229077767,0.244609229077767,0,12766.0741166355,12766.0741166355,0,inactive_at_baseline,0.15,0.15
bp_no_diabetes_only,Eswatini,Male,htn_diabetes,2025,2026,2030,356199,33277.700266321,0.313400021181568,0.193715290312423,0.193715290312423,0,6446.39936802017,6446.39936802017,0,inactive_at_baseline,0.15,0.15
bp_no_diabetes_only,Ethiopia,Female,htn_diabetes,2025,2026,2030,35970402,1814128.44657662,0.210520909368734,0.18441334627755,0.18441334627755,0,334549.497410488,334549.497410488,0,inactive_at_baseline,0.15,0.15
bp_no_diabetes_only,Ethiopia,Male,htn_diabetes,2025,2026,2030,35070456.5,1137378.04408668,0.170320704513198,0.180881289439251,0.180881289439251,0,205730.407194292,205730.407194292,0,inactive_at_baseline,0.15,0.15
bp_no_diabetes_only,Fiji,Female,htn_diabetes,2025,2026,2030,313980.5,59791.2537046635,0.54203193321103,0.224712864595178,0.224712864595178,0,13435.863897712,13435.863897712,0,inactive_at_baseline,0.15,0.15
bp_no_diabetes_only,Fiji,Male,htn_diabetes,2025,2026,2030,302381,47870.2469484638,0.492705678460059,0.166683489394111,0.166683489394111,0,7979.17979952776,7979.17979952776,0,inactive_at_baseline,0.15,0.15
bp_no_diabetes_only,Finland,Female,htn_diabetes,2025,2026,2030,2322957.5,363891.522652858,0.380996713163128,0.384000661680596,0.384000661680596,0,139734.585478657,139734.585478657,0,inactive_at_baseline,0.15,0.15
bp_no_diabetes_only,Finland,Male,htn_diabetes,2025,2026,2030,2236322,331854.333193517,0.328869867679374,0.370546721374735,0.370546721374735,0,122967.535138857,122967.535138857,0,inactive_at_baseline,0.15,0.15
bp_no_diabetes_only,France,Female,htn_diabetes,2025,2026,2030,27438934,3135618.85306855,0.332739327167017,0.446398182073188,0.446398182073188,0,1399734.55568421,1399734.55568421,0,inactive_at_baseline,0.15,0.15
bp_no_diabetes_only,France,Male,htn_diabetes,2025,2026,2030,25084977,2944931.70201174,0.289469955307648,0.340311149882939,0.340311149882939,0,1002193.09383834,1002193.09383834,0,inactive_at_baseline,0.15,0.15
bp_no_diabetes_only,Gabon,Female,htn_diabetes,2025,2026,2030,711171,69355.3154277037,0.313769239626865,0.258437947346675,0.258437947346675,0,17924.0453567169,17924.0453567169,0,inactive_at_baseline,0.15,0.15
bp_no_diabetes_only,Gabon,Male,htn_diabetes,2025,2026,2030,742372,63684.7837294083,0.294246591890731,0.213622695433907,0.213622695433907,0,13604.5151584017,13604.5151584017,0,inactive_at_baseline,0.15,0.15
bp_no_diabetes_only,Gambia,Female,htn_diabetes,2025,2026,2030,735656.5,59834.7856610502,0.265826804510019,0.219357942704722,0.219357942704722,0,13125.235484786,13125.235484786,0,inactive_at_baseline,0.15,0.15
bp_no_diabetes_only,Gambia,Male,htn_diabetes,2025,2026,2030,710660.5,38789.6492575223,0.20873731407688,0.198194609044598,0.198194609044598,0,7687.89936957171,7687.89936957171,0,inactive_at_baseline,0.15,0.15
bp_no_diabetes_only,Georgia,Female,htn_diabetes,2025,2026,2030,1556374,327478.427053764,0.441590506580716,0.288302038375412,0.288302038375412,0,94412.6980435738,94412.6980435738,0,inactive_at_baseline,0.15,0.15
bp_no_diabetes_only,Georgia,Male,htn_diabetes,2025,2026,2030,1269845,205632.890577379,0.3527858145814,0.228022201396083,0.228022201396083,0,46888.8643888939,46888.8643888939,0,inactive_at_baseline,0.15,0.15
bp_no_diabetes_only,Germany,Female,htn_diabetes,2025,2026,2030,35374920.5,4717269.00152234,0.366761533281133,0.575212597779344,0.575212597779344,0,2713432.55678964,2713432.55678964,0,inactive_at_baseline,0.15,0.15
bp_no_diabetes_only,Germany,Male,htn_diabetes,2025,2026,2030,33936157,4392896.79709556,0.314064670179833,0.534616954935718,0.534616954935718,0,2348517.1090101,2348517.1090101,0,inactive_at_baseline,0.15,0.15
bp_no_diabetes_only,Ghana,Female,htn_diabetes,2025,2026,2030,9992432.5,794426.501690384,0.282186428133914,0.344458429471919,0.344458429471919,0,273646.90510314,273646.90510314,0,inactive_at_baseline,0.15,0.15
bp_no_diabetes_only,Ghana,Male,htn_diabetes,2025,2026,2030,9768229.5,579667.059346519,0.237427910093424,0.249255957670352,0.249255957670352,0,144485.468007374,144485.468007374,0,inactive_at_baseline,0.15,0.15
bp_no_diabetes_only,Greece,Female,htn_diabetes,2025,2026,2030,4294046.5,602570.437122569,0.360776694605514,0.49278925949777,0.49278925949777,0,296940.239504878,296940.239504878,0,inactive_at_baseline,0.15,0.15
bp_no_diabetes_only,Greece,Male,htn_diabetes,2025,2026,2030,3936732,506151.049963514,0.294949613902908,0.389325263551048,0.389325263551048,0,197057.390923685,197057.390923685,0,inactive_at_baseline,0.15,0.15
bp_no_diabetes_only,Grenada,Female,htn_diabetes,2025,2026,2030,44202.5,7386.46577538127,0.378759060492131,0.331227050933645,0.331227050933645,0,2446.59727560184,2446.59727560184,0,inactive_at_baseline,0.15,0.15
bp_no_diabetes_only,Grenada,Male,htn_diabetes,2025,2026,2030,43848.5,6009.81388607379,0.300158138088589,0.252010863210062,0.252010863210062,0,1514.53838516127,1514.53838516127,0,inactive_at_baseline,0.15,0.15
bp_no_diabetes_only,Guatemala,Female,htn_diabetes,2025,2026,2030,5813615,469089.614118021,0.334332019118772,0.326374421214983,0.326374421214983,0,153098.851305729,153098.851305729,0,inactive_at_baseline,0.15,0.15
bp_no_diabetes_only,Guatemala,Male,htn_diabetes,2025,2026,2030,5557549,370056.243071235,0.275039008896646,0.255979886206962,0.255979886206962,0,94726.9549915505,94726.9549915505,0,inactive_at_baseline,0.15,0.15
bp_no_diabetes_only,Guinea,Female,htn_diabetes,2025,2026,2030,3948011,339907.714612394,0.273263191201654,0.190728614463191,0.190728614463191,0,64830.1274533717,64830.1274533717,0,inactive_at_baseline,0.15,0.15
bp_no_diabetes_only,Guinea,Male,htn_diabetes,2025,2026,2030,3697759.5,205815.325578062,0.18855607010449,0.178995602297083,0.178995602297083,0,36840.0381638154,36840.0381638154,0,inactive_at_baseline,0.15,0.15
bp_no_diabetes_only,Guinea-Bissau,Female,htn_diabetes,2025,2026,2030,613006.5,53057.3460298193,0.284460836649085,0.239806212847116,0.239806212847116,0,12723.4812151299,12723.4812151299,0,inactive_at_baseline,0.15,0.15
bp_no_diabetes_only,Guinea-Bissau,Male,htn_diabetes,2025,2026,2030,575337.5,33159.1572047571,0.211318746627846,0.204059753632686,0.204059753632686,0,6766.44944987022,6766.44944987022,0,inactive_at_baseline,0.15,0.15
bp_no_diabetes_only,Guyana,Female,htn_diabetes,2025,2026,2030,280777.5,36270.7498643243,0.35312398685549,0.334403168874619,0.334403168874619,0,12129.0536920887,12129.0536920887,0,inactive_at_baseline,0.15,0.15
bp_no_diabetes_only,Guyana,Male,htn_diabetes,2025,2026,2030,253862.5,24980.5507102521,0.301350514454377,0.268620424339392,0.268620424339392,0,6710.28613201962,6710.28613201962,0,inactive_at_baseline,0.15,0.15
bp_no_diabetes_only,Haiti,Female,htn_diabetes,2025,2026,2030,3730412.5,414363.664556717,0.272939185719831,0.195315958595283,0.195315958595283,0,80931.8363499495,80931.8363499495,0,inactive_at_baseline,0.15,0.15
bp_no_diabetes_only,Haiti,Male,htn_diabetes,2025,2026,2030,3567236.5,251138.43294798,0.233983303140571,0.189723296407591,0.189723296407591,0,47646.8113535275,47646.8113535275,0,inactive_at_baseline,0.15,0.15
bp_no_diabetes_only,Honduras,Female,htn_diabetes,2025,2026,2030,3424439,256587.781451671,0.293739724168292,0.495579096008197,0.495579096008197,0,127159.540778568,127159.540778568,0,inactive_at_baseline,0.15,0.15
bp_no_diabetes_only,Honduras,Male,htn_diabetes,2025,2026,2030,3399955,202632.769694675,0.235795758721754,0.368848270394322,0.368848270394322,0,74740.7466270917,74740.7466270917,0,inactive_at_baseline,0.15,0.15
bp_no_diabetes_only,Hungary,Female,htn_diabetes,2025,2026,2030,4136902,797842.630428204,0.391446502189376,0.374423657236674,0.374423657236674,0,298731.155584256,298731.155584256,0,inactive_at_baseline,0.15,0.15
bp_no_diabetes_only,Hungary,Male,htn_diabetes,2025,2026,2030,3713031.5,631780.538423644,0.29504839164842,0.287762360069394,0.287762360069394,0,181802.6587827,181802.6587827,0,inactive_at_baseline,0.15,0.15
bp_no_diabetes_only,Iceland,Female,htn_diabetes,2025,2026,2030,150391.5,14625.4034692516,0.347173528415816,0.62707988543649,0.62707988543649,0,9171.29633196071,9171.29633196071,0,inactive_at_baseline,0.15,0.15
bp_no_diabetes_only,Iceland,Male,htn_diabetes,2025,2026,2030,157657.5,16320.7005105152,0.324794536710406,0.610769851660778,0.610769851660778,0,9968.19182980737,9968.19182980737,0,inactive_at_baseline,0.15,0.15
bp_no_diabetes_only,India,Female,htn_diabetes,2025,2026,2030,491067719.5,35978363.805874,0.278286758752894,0.293534758437124,0.293534758437124,0,10560900.3287202,10560900.3287202,0,inactive_at_baseline,0.15,0.15
bp_no_diabetes_only,India,Male,htn_diabetes,2025,2026,2030,517391827.5,33439168.441454,0.228140370877104,0.228816133803746,0.228816133803746,0,7651421.24038576,7651421.24038576,0,inactive_at_baseline,0.15,0.15
bp_no_diabetes_only,Indonesia,Female,htn_diabetes,2025,2026,2030,99248267.5,13588971.8077456,0.333725873972023,0.151155512773281,0.151155512773281,0,2054048.00166145,2054048.00166145,0,inactive_at_baseline,0.15,0.15
bp_no_diabetes_only,Indonesia,Male,htn_diabetes,2025,2026,2030,98257064.5,9544277.234016,0.303695243752526,0.117995758491803,0.117995758491803,0,1126184.23148377,1126184.23148377,0,inactive_at_baseline,0.15,0.117995758491803
bp_no_diabetes_only,Iran (Islamic Republic of),Female,htn_diabetes,2025,2026,2030,33018523,3296733.525498,0.442109208632395,0.381275169366952,0.381275169366952,0,1256962.63329196,1256962.63329196,0,inactive_at_baseline,0.15,0.15
bp_no_diabetes_only,Iran (Islamic Republic of),Male,htn_diabetes,2025,2026,2030,33793549.5,2485930.08540578,0.312797495003773,0.289309317347294,0.289309317347294,0,719202.735981847,719202.735981847,0,inactive_at_baseline,0.15,0.15
bp_no_diabetes_only,Iraq,Female,htn_diabetes,2025,2026,2030,13199444,1584102.31073488,0.319155115166309,0.254075997554513,0.254075997554513,0,402482.374828374,402482.374828374,0,inactive_at_baseline,0.15,0.15
bp_no_diabetes_only,Iraq,Male,htn_diabetes,2025,2026,2030,12884739,1208735.13935325,0.247420681196176,0.225459296199947,0.225459296199947,0,272520.573810728,272520.573810728,0,inactive_at_baseline,0.15,0.15
bp_no_diabetes_only,Ireland,Female,htn_diabetes,2025,2026,2030,2065887,217407.394189186,0.344817119042794,0.373948735114901,0.373948735114901,0,81299.2200616727,81299.2200616727,0,inactive_at_baseline,0.15,0.15
bp_no_diabetes_only,Ireland,Male,htn_diabetes,2025,2026,2030,1983779.5,244710.154619424,0.309904223055538,0.314814334843663,0.314814334843663,0,77038.2645560041,77038.2645560041,0,inactive_at_baseline,0.15,0.15
bp_no_diabetes_only,Israel,Female,htn_diabetes,2025,2026,2030,3215370,323905.803103404,0.368276963557944,0.40521534904879,0.40521534904879,0,131251.603063475,131251.603063475,0,inactive_at_baseline,0.15,0.15
bp_no_diabetes_only,Israel,Male,htn_diabetes,2025,2026,2030,3096917.5,300672.118942853,0.309527611242818,0.344073532484281,0.344073532484281,0,103453.318084201,103453.318084201,0,inactive_at_baseline,0.15,0.15
bp_no_diabetes_only,Italy,Female,htn_diabetes,2025,2026,2030,25747141.5,3863786.9761227,0.354538738001506,0.425490236585091,0.425490236585091,0,1644003.63458484,1644003.63458484,0,inactive_at_baseline,0.15,0.15
bp_no_diabetes_only,Italy,Male,htn_diabetes,2025,2026,2030,24194124.5,3353857.33054733,0.298263990507482,0.350834343649373,0.350834343649373,0,1176648.33525621,1176648.33525621,0,inactive_at_baseline,0.15,0.15
bp_no_diabetes_only,Ivory Coast,Female,htn_diabetes,2025,2026,2030,8116524.5,585697.067762324,0.25823797450917,0.221342120223902,0.221342120223902,0,129639.430787435,129639.430787435,0,inactive_at_baseline,0.15,0.15
bp_no_diabetes_only,Ivory Coast,Male,htn_diabetes,2025,2026,2030,8460925,508783.690990617,0.214421711773133,0.18208670934971,0.18208670934971,0,92642.7480632813,92642.7480632813,0,inactive_at_baseline,0.15,0.15
bp_no_diabetes_only,Jamaica,Female,htn_diabetes,2025,2026,2030,1095492,164132.025072649,0.343807619214443,0.333932105050295,0.333932105050295,0,54808.9526386774,54808.9526386774,0,inactive_at_baseline,0.15,0.15
bp_no_diabetes_only,Jamaica,Male,htn_diabetes,2025,2026,2030,1051201,119576.803771864,0.287374948704212,0.247023622117776,0.247023622117776,0,29538.2951889924,29538.2951889924,0,inactive_at_baseline,0.15,0.15
bp_no_diabetes_only,Japan,Female,htn_diabetes,2025,2026,2030,54153209.5,7651316.52331549,0.387670996120826,0.394953962281618,0.394953962281618,0,3021917.77755427,3021917.77755427,0,inactive_at_baseline,0.15,0.15
bp_no_diabetes_only,Japan,Male,htn_diabetes,2025,2026,2030,50614221,7572473.92663325,0.308228695846672,0.344692566731517,0.344692566731517,0,2610175.4742787,2610175.4742787,0,inactive_at_baseline,0.15,0.15
bp_no_diabetes_only,Jordan,Female,htn_diabetes,2025,2026,2030,3409904,343055.949861894,0.376210575892645,0.453039977735398,0.453039977735398,0,155418.059887428,155418.059887428,0,inactive_at_baseline,0.15,0.15
bp_no_diabetes_only,Jordan,Male,htn_diabetes,2025,2026,2030,3686978.5,338603.318661193,0.282360005740886,0.394311722964503,0.394311722964503,0,133515.257982794,133515.257982794,0,inactive_at_baseline,0.15,0.15
bp_no_diabetes_only,Kazakhstan,Female,htn_diabetes,2025,2026,2030,7041423,1016413.22573123,0.347461068491617,0.44243460138847,0.44243460138847,0,449696.380372364,449696.380372364,0,inactive_at_baseline,0.15,0.15
bp_no_diabetes_only,Kazakhstan,Male,htn_diabetes,2025,2026,2030,6344958.5,622381.744316423,0.267866866421074,0.363823586820636,0.363823586820636,0,226437.158588885,226437.158588885,0,inactive_at_baseline,0.15,0.15
bp_no_diabetes_only,Kenya,Female,htn_diabetes,2025,2026,2030,15894936,979289.811104774,0.242896422343497,0.19057490672215,0.19057490672215,0,186628.064405244,186628.064405244,0,inactive_at_baseline,0.15,0.15
bp_no_diabetes_only,Kenya,Male,htn_diabetes,2025,2026,2030,15394425,746949.787428874,0.191313138708501,0.165986206458864,0.165986206458864,0,123983.361630574,123983.361630574,0,inactive_at_baseline,0.15,0.15
bp_no_diabetes_only,Kiribati,Female,htn_diabetes,2025,2026,2030,41714,7215.0218442607,0.445223021192829,0.160049284159197,0.160049284159197,0,1154.75908136689,1154.75908136689,0,inactive_at_baseline,0.15,0.15
bp_no_diabetes_only,Kiribati,Male,htn_diabetes,2025,2026,2030,37216,6114.60907108154,0.463903929127528,0.113459033988326,0.113459033988326,0,693.757638421167,693.757638421167,0,inactive_at_baseline,0.15,0.113459033988326
bp_no_diabetes_only,Kuwait,Female,htn_diabetes,2025,2026,2030,1399821.5,116599.139657961,0.316641901304126,0.488828478055826,0.488828478055826,0,56996.9799816199,56996.9799816199,0,inactive_at_baseline,0.15,0.15
bp_no_diabetes_only,Kuwait,Male,htn_diabetes,2025,2026,2030,2487099,206651.61734226,0.227172203625408,0.387651997939601,0.387651997939601,0,80108.9123401768,80108.9123401768,0,inactive_at_baseline,0.15,0.15
bp_no_diabetes_only,Kyrgyzstan,Female,htn_diabetes,2025,2026,2030,2301109,250682.69986595,0.29261628264471,0.219577095051849,0.219577095051849,0,55044.1790163198,55044.1790163198,0,inactive_at_baseline,0.15,0.15
bp_no_diabetes_only,Kyrgyzstan,Male,htn_diabetes,2025,2026,2030,2139278,164129.593844076,0.244281415069817,0.200479794227714,0.200479794227714,0,32904.6672005386,32904.6672005386,0,inactive_at_baseline,0.15,0.15
bp_no_diabetes_only,Lao People's Democratic Republic,Female,htn_diabetes,2025,2026,2030,2473129,193802.352461973,0.306101553656261,0.258660102594601,0.258660102594601,0,50128.936370889,50128.936370889,0,inactive_at_baseline,0.15,0.15
bp_no_diabetes_only,Lao People's Democratic Republic,Male,htn_diabetes,2025,2026,2030,2454795,135426.71696887,0.284060258066315,0.235785549981248,0.235785549981248,0,31931.6629426597,31931.6629426597,0,inactive_at_baseline,0.15,0.15
bp_no_diabetes_only,Latvia,Female,htn_diabetes,2025,2026,2030,816735,184018.085212647,0.455255373184327,0.281065747473401,0.281065747473401,0,51721.1806689165,51721.1806689165,0,inactive_at_baseline,0.15,0.15
bp_no_diabetes_only,Latvia,Male,htn_diabetes,2025,2026,2030,671929,112140.731722088,0.329320067890574,0.248192425587868,0.248192425587868,0,27832.4802133033,27832.4802133033,0,inactive_at_baseline,0.15,0.15
bp_no_diabetes_only,Lebanon,Female,htn_diabetes,2025,2026,2030,2065431.5,294215.235350206,0.429240175896245,0.403970793310936,0.403970793310936,0,118854.362028587,118854.362028587,0,inactive_at_baseline,0.15,0.15
bp_no_diabetes_only,Lebanon,Male,htn_diabetes,2025,2026,2030,1856413.5,236823.17095527,0.32035100671235,0.331486243009649,0.331486243009649,0,78503.6231975943,78503.6231975943,0,inactive_at_baseline,0.15,0.15
bp_no_diabetes_only,Lesotho,Female,htn_diabetes,2025,2026,2030,711619,81965.0639362091,0.320516494752863,0.310056614767377,0.310056614767377,0,25413.8102532526,25413.8102532526,0,inactive_at_baseline,0.15,0.15
bp_no_diabetes_only,Lesotho,Male,htn_diabetes,2025,2026,2030,647169,43350.2901309943,0.279931860843214,0.247064557024727,0.247064557024727,0,10710.3202281075,10710.3202281075,0,inactive_at_baseline,0.15,0.15
bp_no_diabetes_only,Liberia,Female,htn_diabetes,2025,2026,2030,1501036.5,133131.727287936,0.272477063623803,0.196844278896267,0.196844278896267,0,26206.2188562082,26206.2188562082,0,inactive_at_baseline,0.15,0.15
bp_no_diabetes_only,Liberia,Male,htn_diabetes,2025,2026,2030,1459337,92037.9670117263,0.226379360416357,0.194547900182912,0.194547900182912,0,17905.7932192354,17905.7932192354,0,inactive_at_baseline,0.15,0.15
bp_no_diabetes_only,Libya,Female,htn_diabetes,2025,2026,2030,2424836,330448.574933954,0.420058920299141,0.237613245953793,0.237613245953793,0,78518.958510862,78518.958510862,0,inactive_at_baseline,0.15,0.15
bp_no_diabetes_only,Libya,Male,htn_diabetes,2025,2026,2030,2480000.5,284891.307731298,0.290834564396042,0.182665433438946,0.182665433438946,0,52039.7942097257,52039.7942097257,0,inactive_at_baseline,0.15,0.15
bp_no_diabetes_only,Lithuania,Female,htn_diabetes,2025,2026,2030,1238027,260936.367348538,0.416484703158129,0.246024028680174,0.246024028680174,0,64196.6163242571,64196.6163242571,0,inactive_at_baseline,0.15,0.15
bp_no_diabetes_only,Lithuania,Male,htn_diabetes,2025,2026,2030,1067852,175767.154118744,0.303550194166519,0.203935309881796,0.203935309881796,0,35845.1290422475,35845.1290422475,0,inactive_at_baseline,0.15,0.15
bp_no_diabetes_only,Luxembourg,Female,htn_diabetes,2025,2026,2030,271462.5,30161.8976766538,0.390355947548064,0.428908294907237,0.428908294907237,0,12936.6881036601,12936.6881036601,0,inactive_at_baseline,0.15,0.15
bp_no_diabetes_only,Luxembourg,Male,htn_diabetes,2025,2026,2030,273239,34632.9449772542,0.333626349230839,0.368021289654506,0.368021289654506,0,12745.6610750626,12745.6610750626,0,inactive_at_baseline,0.15,0.15
bp_no_diabetes_only,Madagascar,Female,htn_diabetes,2025,2026,2030,8628068.5,607360.09570989,0.227994669475543,0.18641171768552,0.18641171768552,0,113219.038694922,113219.038694922,0,inactive_at_baseline,0.15,0.15
bp_no_diabetes_only,Madagascar,Male,htn_diabetes,2025,2026,2030,8535210.5,450261.050285943,0.185641298775803,0.179122694291807,0.179122694291807,0,80651.9724618768,80651.9724618768,0,inactive_at_baseline,0.15,0.15
bp_no_diabetes_only,Malawi,Female,htn_diabetes,2025,2026,2030,5840676.5,330828.816554858,0.285718398951329,0.246338468771096,0.246338468771096,0,81495.8640954774,81495.8640954774,0,inactive_at_baseline,0.15,0.15
bp_no_diabetes_only,Malawi,Male,htn_diabetes,2025,2026,2030,5323356.5,214252.125900448,0.218586694640194,0.18121868902156,0.18121868902156,0,38826.4893757613,38826.4893757613,0,inactive_at_baseline,0.15,0.15
bp_no_diabetes_only,Malaysia,Female,htn_diabetes,2025,2026,2030,12380612,1463864.21736853,0.334886565508153,0.290311575171226,0.290311575171226,0,424976.726781051,424976.726781051,0,inactive_at_baseline,0.15,0.15
bp_no_diabetes_only,Malaysia,Male,htn_diabetes,2025,2026,2030,13718883,1334100.11435004,0.280254620632837,0.304441322493462,0.304441322493462,0,406155.203151405,406155.203151405,0,inactive_at_baseline,0.15,0.15
bp_no_diabetes_only,Maldives,Female,htn_diabetes,2025,2026,2030,142044,12699.2326011074,0.317779216847266,0.25649244659831,0.25649244659831,0,3257.25723977906,3257.25723977906,0,inactive_at_baseline,0.15,0.15
bp_no_diabetes_only,Maldives,Male,htn_diabetes,2025,2026,2030,258169.5,15239.0376060168,0.246056214797691,0.252733185115963,0.252733185115963,0,3851.41051227058,3851.41051227058,0,inactive_at_baseline,0.15,0.15
bp_no_diabetes_only,Mali,Female,htn_diabetes,2025,2026,2030,5621822,383185.635922843,0.244071263985698,0.277107971972547,0.277107971972547,0,106183.79445959,106183.79445959,0,inactive_at_baseline,0.15,0.15
bp_no_diabetes_only,Mali,Male,htn_diabetes,2025,2026,2030,5693095.5,238583.602989829,0.202040244030959,0.23799884710141,0.23799884710141,0,56782.6224488798,56782.6224488798,0,inactive_at_baseline,0.15,0.15
bp_no_diabetes_only,Malta,Female,htn_diabetes,2025,2026,2030,219267,32000.7783766454,0.457250242967715,0.56141382767603,0.56141382767603,0,17965.6794770448,17965.6794770448,0,inactive_at_baseline,0.15,0.15
bp_no_diabetes_only,Malta,Male,htn_diabetes,2025,2026,2030,236970.5,34118.507025821,0.400512254400495,0.518436960940189,0.518436960940189,0,17688.2950942831,17688.2950942831,0,inactive_at_baseline,0.15,0.15
bp_no_diabetes_only,Marshall Islands,Female,htn_diabetes,2025,2026,2030,9961,1422.82163795607,0.503490321888102,0.244178306495683,0.244178306495683,0,347.422178001526,347.422178001526,0,inactive_at_baseline,0.15,0.15
bp_no_diabetes_only,Marshall Islands,Male,htn_diabetes,2025,2026,2030,10231.5,1196.88863742849,0.426844183829351,0.208538319319754,0.208538319319754,0,249.597144862249,249.597144862249,0,inactive_at_baseline,0.15,0.15
bp_no_diabetes_only,Mauritania,Female,htn_diabetes,2025,2026,2030,1359016,114711.888168016,0.278548444293722,0.239497178316286,0.239497178316286,0,27473.1735355732,27473.1735355732,0,inactive_at_baseline,0.15,0.15
bp_no_diabetes_only,Mauritania,Male,htn_diabetes,2025,2026,2030,1230444.5,72304.0461267587,0.209458292605656,0.204158700491775,0.204158700491775,0,14761.5000975364,14761.5000975364,0,inactive_at_baseline,0.15,0.15
bp_no_diabetes_only,Mauritius,Female,htn_diabetes,2025,2026,2030,510568.5,90554.7688598399,0.529564103830693,0.457820829805246,0.457820829805246,0,41457.8594222341,41457.8594222341,0,inactive_at_baseline,0.15,0.15
bp_no_diabetes_only,Mauritius,Male,htn_diabetes,2025,2026,2030,509941.5,83060.8156518326,0.482759306112331,0.382271418039206,0.382271418039206,0,31751.7757827192,31751.7757827192,0,inactive_at_baseline,0.15,0.15
bp_no_diabetes_only,Mexico,Female,htn_diabetes,2025,2026,2030,47957189,5696825.12167907,0.421593978731021,0.423318324342355,0.423318324342355,0,2411570.46458061,2411570.46458061,0,inactive_at_baseline,0.15,0.15
bp_no_diabetes_only,Mexico,Male,htn_diabetes,2025,2026,2030,43276512,4657428.83318827,0.365934943389934,0.307061211093659,0.307061211093659,0,1430115.73810132,1430115.73810132,0,inactive_at_baseline,0.15,0.15
bp_no_diabetes_only,Micronesia (Federated States of),Female,htn_diabetes,2025,2026,2030,35235,5005.90956717575,0.49256534035737,0.228025653947775,0.228025653947775,0,1141.47580265867,1141.47580265867,0,inactive_at_baseline,0.15,0.15
bp_no_diabetes_only,Micronesia (Federated States of),Male,htn_diabetes,2025,2026,2030,33241.5,3768.30968762464,0.445139607245069,0.200695629436846,0.200695629436846,0,756.283284670789,756.283284670789,0,inactive_at_baseline,0.15,0.15
bp_no_diabetes_only,Mongolia,Female,htn_diabetes,2025,2026,2030,1105387.5,113074.923004791,0.281515696054494,0.435019834496928,0.435019834496928,0,49189.8342912972,49189.8342912972,0,inactive_at_baseline,0.15,0.15
bp_no_diabetes_only,Mongolia,Male,htn_diabetes,2025,2026,2030,1054536,95247.9004986133,0.23245226635595,0.302534270378228,0.302534270378228,0,28815.754082406,28815.754082406,0,inactive_at_baseline,0.15,0.15
bp_no_diabetes_only,Montenegro,Female,htn_diabetes,2025,2026,2030,257898.5,47119.3905186729,0.388205020621064,0.376572996647215,0.376572996647215,0,17743.8900878071,17743.8900878071,0,inactive_at_baseline,0.15,0.15
bp_no_diabetes_only,Montenegro,Male,htn_diabetes,2025,2026,2030,229208.5,34866.4635015001,0.30011412403235,0.287049285981721,0.287049285981721,0,10008.3934528133,10008.3934528133,0,inactive_at_baseline,0.15,0.15
bp_no_diabetes_only,Morocco,Female,htn_diabetes,2025,2026,2030,13054904.5,1665417.41770994,0.397838470197435,0.225351627231872,0.225351627231872,0,375304.525101237,375304.525101237,0,inactive_at_baseline,0.15,0.15
bp_no_diabetes_only,Morocco,Male,htn_diabetes,2025,2026,2030,13064778,1158697.00701785,0.28236898066235,0.171191600770457,0.171191600770457,0,198359.195439324,198359.195439324,0,inactive_at_baseline,0.15,0.15
bp_no_diabetes_only,Mozambique,Female,htn_diabetes,2025,2026,2030,8896152,679412.132462054,0.230198503294698,0.207160932030274,0.207160932030274,0,140747.650593515,140747.650593515,0,inactive_at_baseline,0.15,0.15
bp_no_diabetes_only,Mozambique,Male,htn_diabetes,2025,2026,2030,7797436.5,381912.496042353,0.182020935290685,0.171687655442556,0.171687655442556,0,65569.6610297261,65569.6610297261,0,inactive_at_baseline,0.15,0.15
bp_no_diabetes_only,Myanmar,Female,htn_diabetes,2025,2026,2030,19418948,2428541.75662669,0.341659655670073,0.264874230849723,0.264874230849723,0,643258.129872929,643258.129872929,0,inactive_at_baseline,0.15,0.15
bp_no_diabetes_only,Myanmar,Male,htn_diabetes,2025,2026,2030,18725651.5,1667808.69257157,0.284234399865979,0.235838220604929,0.235838220604929,0,393333.034365513,393333.034365513,0,inactive_at_baseline,0.15,0.15
bp_no_diabetes_only,Namibia,Female,htn_diabetes,2025,2026,2030,894811.5,91359.2969620806,0.27134521959292,0.354094294133036,0.354094294133036,0,32349.8057702784,32349.8057702784,0,inactive_at_baseline,0.15,0.15
bp_no_diabetes_only,Namibia,Male,htn_diabetes,2025,2026,2030,827884.5,67587.5527051407,0.233305228989732,0.291987894228428,0.291987894228428,0,19734.7471904269,19734.7471904269,0,inactive_at_baseline,0.15,0.15
bp_no_diabetes_only,Nepal,Female,htn_diabetes,2025,2026,2030,10301668,700339.893762823,0.235476090105348,0.199413246013473,0.199413246013473,0,139657.051527976,139657.051527976,0,inactive_at_baseline,0.15,0.15
bp_no_diabetes_only,Nepal,Male,htn_diabetes,2025,2026,2030,8691972.5,626636.458694887,0.19943442028634,0.179039397986125,0.179039397986125,0,112192.61432089,112192.61432089,0,inactive_at_baseline,0.15,0.15
bp_no_diabetes_only,Netherlands,Female,htn_diabetes,2025,2026,2030,7502166.5,948111.873346207,0.386264314108795,0.356630251154147,0.356630251154147,0,338125.375513686,338125.375513686,0,inactive_at_baseline,0.15,0.15
bp_no_diabetes_only,Netherlands,Male,htn_diabetes,2025,2026,2030,7304633,1046728.32265617,0.347756513608739,0.303213806352788,0.303213806352788,0,317382.478929847,317382.478929847,0,inactive_at_baseline,0.15,0.15
bp_no_diabetes_only,New Zealand,Female,htn_diabetes,2025,2026,2030,2052205,213637.270594375,0.322767906529278,0.40403678918314,0.40403678918314,0,86317.3168608009,86317.3168608009,0,inactive_at_baseline,0.15,0.15
bp_no_diabetes_only,New Zealand,Male,htn_diabetes,2025,2026,2030,1988544.5,171704.602093607,0.239367976593581,0.363320676823035,0.363320676823035,0,62383.8322462792,62383.8322462792,0,inactive_at_baseline,0.15,0.15
bp_no_diabetes_only,Nicaragua,Female,htn_diabetes,2025,2026,2030,2322963,212247.27031878,0.301194650733699,0.522457365062107,0.522457365062107,0,110890.149592375,110890.149592375,0,inactive_at_baseline,0.15,0.15
bp_no_diabetes_only,Nicaragua,Male,htn_diabetes,2025,2026,2030,2173558.5,159081.17359678,0.26269182575696,0.368805785066636,0.368805785066636,0,58670.0571176823,58670.0571176823,0,inactive_at_baseline,0.15,0.15
bp_no_diabetes_only,Niger,Female,htn_diabetes,2025,2026,2030,6123544.5,460838.388973863,0.229668588151707,0.195271049227236,0.195271049227236,0,89988.3957391154,89988.3957391154,0,inactive_at_baseline,0.15,0.15
bp_no_diabetes_only,Niger,Male,htn_diabetes,2025,2026,2030,6297322.5,371029.109692315,0.183116961177767,0.162605105043071,0.162605105043071,0,60331.2273555559,60331.2273555559,0,inactive_at_baseline,0.15,0.15
bp_no_diabetes_only,Nigeria,Female,htn_diabetes,2025,2026,2030,59237693.5,4248076.20284375,0.245824009146945,0.221266749009647,0.221266749009647,0,939958.010948484,939958.010948484,0,inactive_at_baseline,0.15,0.15
bp_no_diabetes_only,Nigeria,Male,htn_diabetes,2025,2026,2030,60254455,2791028.94294046,0.188100379780023,0.236190008169095,0.236190008169095,0,659213.148833287,659213.148833287,0,inactive_at_baseline,0.15,0.15
bp_no_diabetes_only,North Macedonia,Female,htn_diabetes,2025,2026,2030,743658.5,131693.732703905,0.378993254217173,0.374385519685091,0.374385519685091,0,49304.2265576209,49304.2265576209,0,inactive_at_baseline,0.15,0.15
bp_no_diabetes_only,North Macedonia,Male,htn_diabetes,2025,2026,2030,686092.5,109401.538061781,0.311356298040161,0.286391391868193,0.286391391868193,0,31331.6587580344,31331.6587580344,0,inactive_at_baseline,0.15,0.15
bp_no_diabetes_only,Norway,Female,htn_diabetes,2025,2026,2030,2219621.5,251706.063084899,0.357206023429605,0.383286423286196,0.383286423286196,0,96475.5166392607,96475.5166392607,0,inactive_at_baseline,0.15,0.15
bp_no_diabetes_only,Norway,Male,htn_diabetes,2025,2026,2030,2233943.5,279179.44043221,0.321193939157066,0.390222237942314,0.390222237942314,0,108942.02603294,108942.02603294,0,inactive_at_baseline,0.15,0.15
bp_no_diabetes_only,Oman,Female,htn_diabetes,2025,2026,2030,1282955,117514.673216394,0.333635021076256,0.29911446010094,0.29911446010094,0,35150.3380330599,35150.3380330599,0,inactive_at_baseline,0.15,0.15
bp_no_diabetes_only,Oman,Male,htn_diabetes,2025,2026,2030,2614687.5,203283.728045092,0.20350177676119,0.232544862081566,0.232544862081566,0,47272.5865016726,47272.5865016726,0,inactive_at_baseline,0.15,0.15
bp_no_diabetes_only,Pakistan,Female,htn_diabetes,2025,2026,2030,69794301,6981784.98176214,0.262179445414686,0.251770431424987,0.251770431424987,0,1757807.01697475,1757807.01697475,0,inactive_at_baseline,0.15,0.15
bp_no_diabetes_only,Pakistan,Male,htn_diabetes,2025,2026,2030,70647171,5481095.31912087,0.20758396245162,0.202438192463386,0.202438192463386,0,1109583.02912236,1109583.02912236,0,inactive_at_baseline,0.15,0.15
bp_no_diabetes_only,Panama,Female,htn_diabetes,2025,2026,2030,1594428,173918.944169603,0.329011757760125,0.458200821538107,0.458200821538107,0,79689.8030995523,79689.8030995523,0,inactive_at_baseline,0.15,0.15
bp_no_diabetes_only,Panama,Male,htn_diabetes,2025,2026,2030,1559269.5,144595.091645242,0.271584849954231,0.323250516730644,0.323250516730644,0,46740.4380910394,46740.4380910394,0,inactive_at_baseline,0.15,0.15
bp_no_diabetes_only,Papua New Guinea,Female,htn_diabetes,2025,2026,2030,3108214,280426.883024342,0.387741503301747,0.205159361296208,0.205159361296208,0,57532.2002115605,57532.2002115605,0,inactive_at_baseline,0.15,0.15
bp_no_diabetes_only,Papua New Guinea,Male,htn_diabetes,2025,2026,2030,3233710.5,224047.33175745,0.342513109886119,0.184651251396747,0.184651251396747,0,41370.6201811152,41370.6201811152,0,inactive_at_baseline,0.15,0.15
bp_no_diabetes_only,Paraguay,Female,htn_diabetes,2025,2026,2030,2292318,277344.910441563,0.273570538151416,0.288398260210573,0.288398260210573,0,79985.7896496038,79985.7896496038,0,inactive_at_baseline,0.15,0.15
bp_no_diabetes_only,Paraguay,Male,htn_diabetes,2025,2026,2030,2254791.5,270419.94844071,0.214655910496796,0.20203845671125,0.20203845671125,0,54635.2290468969,54635.2290468969,0,inactive_at_baseline,0.15,0.15
bp_no_diabetes_only,Peru,Female,htn_diabetes,2025,2026,2030,12239247,604928.334259162,0.292172617623618,0.416954438656076,0.416954438656076,0,252227.554038184,252227.554038184,0,inactive_at_baseline,0.15,0.15
bp_no_diabetes_only,Peru,Male,htn_diabetes,2025,2026,2030,11865319,559288.855639863,0.224876754931192,0.257154997194444,0.257154997194444,0,143823.924102953,143823.924102953,0,inactive_at_baseline,0.15,0.15
bp_no_diabetes_only,Philippines,Female,htn_diabetes,2025,2026,2030,38493517.5,3631638.61129505,0.34672138774085,0.306176948053522,0.306176948053522,0,1111924.02643965,1111924.02643965,0,inactive_at_baseline,0.15,0.15
bp_no_diabetes_only,Philippines,Male,htn_diabetes,2025,2026,2030,37386490,2915205.03383848,0.264131283017936,0.244848571778532,0.244848571778532,0,713783.788976937,713783.788976937,0,inactive_at_baseline,0.15,0.15
bp_no_diabetes_only,Poland,Female,htn_diabetes,2025,2026,2030,16173722.5,2806342.40160733,0.345383075651939,0.47241186237092,0.47241186237092,0,1325749.4403938,1325749.4403938,0,inactive_at_baseline,0.15,0.15
bp_no_diabetes_only,Poland,Male,htn_diabetes,2025,2026,2030,14780781,2263455.08659286,0.269096370940597,0.393026783197947,0.393026783197947,0,889598.471596622,889598.471596622,0,inactive_at_baseline,0.15,0.15
bp_no_diabetes_only,Portugal,Female,htn_diabetes,2025,2026,2030,4606381,809632.911459619,0.433689451714741,0.604829284627558,0.604829284627558,0,489689.694649048,489689.694649048,0,inactive_at_baseline,0.15,0.15
bp_no_diabetes_only,Portugal,Male,htn_diabetes,2025,2026,2030,4073228.5,686844.248174175,0.384251126165352,0.475908346523538,0.475908346523538,0,326874.910467775,326874.910467775,0,inactive_at_baseline,0.15,0.15
bp_no_diabetes_only,Qatar,Female,htn_diabetes,2025,2026,2030,624605,50326.805892565,0.345482643211606,0.423637556032157,0.423637556032157,0,21320.325051231,21320.325051231,0,inactive_at_baseline,0.15,0.15
bp_no_diabetes_only,Qatar,Male,htn_diabetes,2025,2026,2030,1924349,131787.523696535,0.224604101587566,0.328355055860808,0.328355055860808,0,43273.0997051332,43273.0997051332,0,inactive_at_baseline,0.15,0.15
bp_no_diabetes_only,Republic of Korea,Female,htn_diabetes,2025,2026,2030,22426609.5,2486855.29602692,0.369705426317884,0.66711272241747,0.66711272241747,0,1659012.80679082,1659012.80679082,0,inactive_at_baseline,0.15,0.15
bp_no_diabetes_only,Republic of Korea,Male,htn_diabetes,2025,2026,2030,22118759.5,2435427.81532135,0.31159103336558,0.601413995851493,0.601413995851493,0,1464700.37402029,1464700.37402029,0,inactive_at_baseline,0.15,0.15
bp_no_diabetes_only,Republic of Moldova,Female,htn_diabetes,2025,2026,2030,1255864.5,253727.719013624,0.390075896561165,0.182785866932435,0.182785866932435,0,46377.8410846943,46377.8410846943,0,inactive_at_baseline,0.15,0.15
bp_no_diabetes_only,Republic of Moldova,Male,htn_diabetes,2025,2026,2030,1000795,143927.071502451,0.293223710319472,0.180193443241867,0.180193443241867,0,25934.714589745,25934.714589745,0,inactive_at_baseline,0.15,0.15
bp_no_diabetes_only,Romania,Female,htn_diabetes,2025,2026,2030,7886118.5,1308176.82467213,0.322036073555643,0.467242678832211,0.467242678832211,0,611236.04394602,611236.04394602,0,inactive_at_baseline,0.15,0.15
bp_no_diabetes_only,Romania,Male,htn_diabetes,2025,2026,2030,7204556.5,941693.649615771,0.239308171612539,0.346557459763158,0.346557459763158,0,326350.959085939,326350.959085939,0,inactive_at_baseline,0.15,0.15
bp_no_diabetes_only,Russian Federation,Female,htn_diabetes,2025,2026,2030,62051986,12693481.116855,0.430391328434868,0.299040418992928,0.299040418992928,0,3795863.91166314,3795863.91166314,0,inactive_at_baseline,0.15,0.15
bp_no_diabetes_only,Russian Federation,Male,htn_diabetes,2025,2026,2030,50778735,7144280.07053247,0.299108165368558,0.246189972242018,0.246189972242018,0,1758850.11225359,1758850.11225359,0,inactive_at_baseline,0.15,0.15
bp_no_diabetes_only,Rwanda,Female,htn_diabetes,2025,2026,2030,4138857.5,244475.450303349,0.248453062251425,0.171042577993847,0.171042577993847,0,41815.7112760915,41815.7112760915,0,inactive_at_baseline,0.15,0.15
bp_no_diabetes_only,Rwanda,Male,htn_diabetes,2025,2026,2030,3762650,156438.857531228,0.181256705849676,0.181806733441622,0.181806733441622,0,28441.6376710919,28441.6376710919,0,inactive_at_baseline,0.15,0.15
bp_no_diabetes_only,Saint Lucia,Female,htn_diabetes,2025,2026,2030,71212,9814.89632492948,0.356429184247594,0.406085949219475,0.406085949219475,0,3985.69149059973,3985.69149059973,0,inactive_at_baseline,0.15,0.15
bp_no_diabetes_only,Saint Lucia,Male,htn_diabetes,2025,2026,2030,68083.5,7015.91012728503,0.285155964215153,0.227755775608727,0.227755775608727,0,1597.91405264093,1597.91405264093,0,inactive_at_baseline,0.15,0.15
bp_no_diabetes_only,Saint Vincent and the Grenadines,Female,htn_diabetes,2025,2026,2030,35855,6113.85526902857,0.406156750970933,0.343391056721316,0.343391056721316,0,2099.44322147291,2099.44322147291,0,inactive_at_baseline,0.15,0.15
bp_no_diabetes_only,Saint Vincent and the Grenadines,Male,htn_diabetes,2025,2026,2030,37098.5,5076.53817772519,0.370073700440224,0.247493290496447,0.247493290496447,0,1256.40913793605,1256.40913793605,0,inactive_at_baseline,0.15,0.15
bp_no_diabetes_only,Samoa,Female,htn_diabetes,2025,2026,2030,58425,8209.42829797604,0.417381643427851,0.187223537705163,0.187223537705163,0,1536.99820848395,1536.99820848395,0,inactive_at_baseline,0.15,0.15
bp_no_diabetes_only,Samoa,Male,htn_diabetes,2025,2026,2030,56902.5,7327.69124694789,0.370087767467223,0.193597338977146,0.193597338977146,0,1418.62152625523,1418.62152625523,0,inactive_at_baseline,0.15,0.15
bp_no_diabetes_only,Sao Tome and Principe,Female,htn_diabetes,2025,2026,2030,65055,6894.41904169694,0.271403185310548,0.223545152386055,0.223545152386055,0,1541.21395528946,1541.21395528946,0,inactive_at_baseline,0.15,0.15
bp_no_diabetes_only,Sao Tome and Principe,Male,htn_diabetes,2025,2026,2030,62914.5,4650.32749964988,0.214777720924124,0.187148966220692,0.187148966220692,0,870.303984147131,870.303984147131,0,inactive_at_baseline,0.15,0.15
bp_no_diabetes_only,Saudi Arabia,Female,htn_diabetes,2025,2026,2030,8701835.5,592079.470040186,0.34300597852858,0.354597447426646,0.354597447426646,0,209949.868749971,209949.868749971,0,inactive_at_baseline,0.15,0.15
bp_no_diabetes_only,Saudi Arabia,Male,htn_diabetes,2025,2026,2030,15708054.5,1062261.57410743,0.24975859990783,0.302052464089981,0.302052464089981,0,320858.72596725,320858.72596725,0,inactive_at_baseline,0.15,0.15
bp_no_diabetes_only,Senegal,Female,htn_diabetes,2025,2026,2030,5053659.5,451563.501540978,0.272735667684677,0.219686510493607,0.219686510493607,0,99202.4099198118,99202.4099198118,0,inactive_at_baseline,0.15,0.15
bp_no_diabetes_only,Senegal,Male,htn_diabetes,2025,2026,2030,5040091,330768.566842342,0.224024730681033,0.188112851897493,0.188112851897493,0,62221.8184267595,62221.8184267595,0,inactive_at_baseline,0.15,0.15
bp_no_diabetes_only,Serbia,Female,htn_diabetes,2025,2026,2030,2915084,632753.767855624,0.418371021039005,0.400508942148227,0.400508942148227,0,253423.542204161,253423.542204161,0,inactive_at_baseline,0.15,0.15
bp_no_diabetes_only,Serbia,Male,htn_diabetes,2025,2026,2030,2554939,437296.525327518,0.32088502084987,0.296368338316376,0.296368338316376,0,129600.844562841,129600.844562841,0,inactive_at_baseline,0.15,0.15
bp_no_diabetes_only,Seychelles,Female,htn_diabetes,2025,2026,2030,43593,6653.40063479678,0.381252173314952,0.450758389953701,0.450758389953701,0,2999.07615785793,2999.07615785793,0,inactive_at_baseline,0.15,0.15
bp_no_diabetes_only,Seychelles,Male,htn_diabetes,2025,2026,2030,56344.5,6992.98124746385,0.298746206866865,0.290479772408834,0.290479772408834,0,2031.31960122254,2031.31960122254,0,inactive_at_baseline,0.15,0.15
bp_no_diabetes_only,Sierra Leone,Female,htn_diabetes,2025,2026,2030,2385993.5,209477.303452265,0.255479541559211,0.216318147439701,0.216318147439701,0,45313.7422134582,45313.7422134582,0,inactive_at_baseline,0.15,0.15
bp_no_diabetes_only,Sierra Leone,Male,htn_diabetes,2025,2026,2030,2334667.5,135910.659218321,0.193602656141489,0.182760145985458,0.182760145985458,0,24839.0519197202,24839.0519197202,0,inactive_at_baseline,0.15,0.15
bp_no_diabetes_only,Singapore,Female,htn_diabetes,2025,2026,2030,2395676,247563.507051972,0.371503254726392,0.48944829443916,0.48944829443916,0,121169.536291965,121169.536291965,0,inactive_at_baseline,0.15,0.15
bp_no_diabetes_only,Singapore,Male,htn_diabetes,2025,2026,2030,2562175.5,246192.350116334,0.297868720081017,0.467607399398066,0.467607399398066,0,115121.364589597,115121.364589597,0,inactive_at_baseline,0.15,0.15
bp_no_diabetes_only,Slovakia,Female,htn_diabetes,2025,2026,2030,2275438,359561.86584607,0.349446185070638,0.503510325238567,0.503510325238567,0,181043.112015541,181043.112015541,0,inactive_at_baseline,0.15,0.15
bp_no_diabetes_only,Slovakia,Male,htn_diabetes,2025,2026,2030,2117869,276079.045920549,0.263143720936775,0.41075268042934,0.41075268042934,0,113400.20812224,113400.20812224,0,inactive_at_baseline,0.15,0.15
bp_no_diabetes_only,Slovenia,Female,htn_diabetes,2025,2026,2030,859407,153280.898096121,0.356416472902356,0.380533388214262,0.380533388214262,0,58328.4995010417,58328.4995010417,0,inactive_at_baseline,0.15,0.15
bp_no_diabetes_only,Slovenia,Male,htn_diabetes,2025,2026,2030,861169,126406.039694231,0.274331534142191,0.291725039807303,0.291725039807303,0,36875.8069616832,36875.8069616832,0,inactive_at_baseline,0.15,0.15
bp_no_diabetes_only,Solomon Islands,Female,htn_diabetes,2025,2026,2030,228074,24428.0483978929,0.424299705928496,0.160450994477478,0.160450994477478,0,3919.50465858587,3919.50465858587,0,inactive_at_baseline,0.15,0.15
bp_no_diabetes_only,Solomon Islands,Male,htn_diabetes,2025,2026,2030,234705.5,16446.6316792022,0.367283863757135,0.14263190239399,0.14263190239399,0,2345.81436437788,2345.81436437788,0,inactive_at_baseline,0.15,0.14263190239399
bp_no_diabetes_only,Somalia,Female,htn_diabetes,2025,2026,2030,4470604,308364.376614498,0.241471197041762,0.215385896939893,0.215385896939893,0,66417.3378414244,66417.3378414244,0,inactive_at_baseline,0.15,0.15
bp_no_diabetes_only,Somalia,Male,htn_diabetes,2025,2026,2030,4350733.5,218289.930625808,0.191475914198618,0.209630891466071,0.209630891466071,0,45760.3127551548,45760.3127551548,0,inactive_at_baseline,0.15,0.15
bp_no_diabetes_only,South Africa,Female,htn_diabetes,2025,2026,2030,22788012.5,3020840.9223067,0.341997697297961,0.397884084107648,0.397884084107648,0,1201944.52360691,1201944.52360691,0,inactive_at_baseline,0.15,0.15
bp_no_diabetes_only,South Africa,Male,htn_diabetes,2025,2026,2030,20943438,2179041.20969039,0.274838236095065,0.273153840537442,0.273153840537442,0,595213.475116285,595213.475116285,0,inactive_at_baseline,0.15,0.15
bp_no_diabetes_only,South Sudan,Female,htn_diabetes,2025,2026,2030,3278193.5,265428.31880609,0.284661785851502,0.239116556858166,0.239116556858166,0,63468.3056855638,63468.3056855638,0,inactive_at_baseline,0.15,0.15
bp_no_diabetes_only,South Sudan,Male,htn_diabetes,2025,2026,2030,3017458,154761.608132345,0.197279025071392,0.213156635511536,0.213156635511536,0,32988.4636958454,32988.4636958454,0,inactive_at_baseline,0.15,0.15
bp_no_diabetes_only,Spain,Female,htn_diabetes,2025,2026,2030,20446366.5,2288280.36352491,0.355179126396273,0.441921221859733,0.441921221859733,0,1011239.65420656,1011239.65420656,0,inactive_at_baseline,0.15,0.15
bp_no_diabetes_only,Spain,Male,htn_diabetes,2025,2026,2030,19337635.5,2192494.14632956,0.288945765414306,0.401769784876729,0.401769784876729,0,880877.901514315,880877.901514315,0,inactive_at_baseline,0.15,0.15
bp_no_diabetes_only,Sri Lanka,Female,htn_diabetes,2025,2026,2030,8807415.5,1311179.3222086,0.403182545366129,0.265304289826224,0.265304289826224,0,347861.498913383,347861.498913383,0,inactive_at_baseline,0.15,0.15
bp_no_diabetes_only,Sri Lanka,Male,htn_diabetes,2025,2026,2030,7935572.5,895979.740124977,0.340734110316281,0.228527551647341,0.228527551647341,0,204756.056336382,204756.056336382,0,inactive_at_baseline,0.15,0.15
bp_no_diabetes_only,Sudan,Female,htn_diabetes,2025,2026,2030,13583720,1184914.8702798,0.246149318468432,0.209834860706194,0.209834860706194,0,248636.446753861,248636.446753861,0,inactive_at_baseline,0.15,0.15
bp_no_diabetes_only,Sudan,Male,htn_diabetes,2025,2026,2030,12819208,776680.639033869,0.190670970782476,0.185431919418285,0.185431919418285,0,144021.38167107,144021.38167107,0,inactive_at_baseline,0.15,0.15
bp_no_diabetes_only,Suriname,Female,htn_diabetes,2025,2026,2030,219111,29524.1084301017,0.339029613763467,0.338453547936338,0.338453547936338,0,9992.53924782505,9992.53924782505,0,inactive_at_baseline,0.15,0.15
bp_no_diabetes_only,Suriname,Male,htn_diabetes,2025,2026,2030,214766.5,24845.1205403189,0.304872115663374,0.285676751654258,0.285676751654258,0,7097.67333041677,7097.67333041677,0,inactive_at_baseline,0.15,0.15
bp_no_diabetes_only,Sweden,Female,htn_diabetes,2025,2026,2030,4175905,522756.876232944,0.382115805819252,0.284852108868395,0.284852108868395,0,148908.398620409,148908.398620409,0,inactive_at_baseline,0.15,0.15
bp_no_diabetes_only,Sweden,Male,htn_diabetes,2025,2026,2030,4190666,602919.005405549,0.361102498203853,0.300536244696627,0.300536244696627,0,181199.013740809,181199.013740809,0,inactive_at_baseline,0.15,0.15
bp_no_diabetes_only,Switzerland,Female,htn_diabetes,2025,2026,2030,3688081,352492.369535524,0.383527517125472,0.486752980222715,0.486752980222715,0,171576.711377183,171576.711377183,0,inactive_at_baseline,0.15,0.15
bp_no_diabetes_only,Switzerland,Male,htn_diabetes,2025,2026,2030,3588272,411103.639229757,0.351857263970383,0.449054757586823,0.449054757586823,0,184608.045057379,184608.045057379,0,inactive_at_baseline,0.15,0.15
bp_no_diabetes_only,Syrian Arab Republic,Female,htn_diabetes,2025,2026,2030,8069505.5,771281.458041345,0.320993215492518,0.346998128113878,0.346998128113878,0,267633.222189289,267633.222189289,0,inactive_at_baseline,0.15,0.15
bp_no_diabetes_only,Syrian Arab Republic,Male,htn_diabetes,2025,2026,2030,7875258.5,596913.310855204,0.229186084508026,0.281180559564571,0.281180559564571,0,167840.418757807,167840.418757807,0,inactive_at_baseline,0.15,0.15
bp_no_diabetes_only,Tajikistan,Female,htn_diabetes,2025,2026,2030,3167650.5,326800.580931167,0.314158236598512,0.201150977173891,0.201150977173891,0,65736.2561952995,65736.2561952995,0,inactive_at_baseline,0.15,0.15
bp_no_diabetes_only,Tajikistan,Male,htn_diabetes,2025,2026,2030,2938682.5,318272.052849047,0.256311984585067,0.164129950909337,0.164129950909337,0,52237.9764099279,52237.9764099279,0,inactive_at_baseline,0.15,0.15
bp_no_diabetes_only,Tanzania,Female,htn_diabetes,2025,2026,2030,17724197,1088208.1190059,0.228976418407545,0.195656267177352,0.195656267177352,0,212914.738476782,212914.738476782,0,inactive_at_baseline,0.15,0.15
bp_no_diabetes_only,Tanzania,Male,htn_diabetes,2025,2026,2030,16793901.5,687139.623537503,0.17615636315443,0.183705031810134,0.183705031810134,0,126231.00639996,126231.00639996,0,inactive_at_baseline,0.15,0.15
bp_no_diabetes_only,Thailand,Female,htn_diabetes,2025,2026,2030,30139128.5,3488657.94503911,0.359212960743709,0.394569400110307,0.394569400110307,0,1376517.67256414,1376517.67256414,0,inactive_at_baseline,0.15,0.15
bp_no_diabetes_only,Thailand,Male,htn_diabetes,2025,2026,2030,27794681.5,2438427.77578518,0.294249039814907,0.325888502442416,0.325888502442416,0,794655.576164625,794655.576164625,0,inactive_at_baseline,0.15,0.15
bp_no_diabetes_only,Timor-Leste,Female,htn_diabetes,2025,2026,2030,411810,34260.8481443569,0.26495111080196,0.215626338722539,0.215626338722539,0,7387.54124689658,7387.54124689658,0,inactive_at_baseline,0.15,0.15
bp_no_diabetes_only,Timor-Leste,Male,htn_diabetes,2025,2026,2030,413587,28756.5739237481,0.243726977775872,0.232842591290669,0.232842591290669,0,6695.75518904719,6695.75518904719,0,inactive_at_baseline,0.15,0.15
bp_no_diabetes_only,Togo,Female,htn_diabetes,2025,2026,2030,2521841,186949.745575195,0.254204193872075,0.241856636324739,0.241856636324739,0,45215.0366265822,45215.0366265822,0,inactive_at_baseline,0.15,0.15
bp_no_diabetes_only,Togo,Male,htn_diabetes,2025,2026,2030,2542448,144076.71566795,0.204206971696529,0.17173340591008,0.17173340591008,0,24742.7850939952,24742.7850939952,0,inactive_at_baseline,0.15,0.15
bp_no_diabetes_only,Tonga,Female,htn_diabetes,2025,2026,2030,32313.5,6173.07983882532,0.463841232129796,0.196179819816976,0.196179819816976,0,1211.03369049656,1211.03369049656,0,inactive_at_baseline,0.15,0.15
bp_no_diabetes_only,Tonga,Male,htn_diabetes,2025,2026,2030,25702,3870.14503121515,0.412557253901722,0.15605455230616,0.15605455230616,0,603.953750206188,603.953750206188,0,inactive_at_baseline,0.15,0.15
bp_no_diabetes_only,Trinidad and Tobago,Female,htn_diabetes,2025,2026,2030,597491.5,99215.6608511008,0.391941177612257,0.335972018583834,0.335972018583834,0,33333.6858512734,33333.6858512734,0,inactive_at_baseline,0.15,0.15
bp_no_diabetes_only,Trinidad and Tobago,Male,htn_diabetes,2025,2026,2030,573181,88183.4265048088,0.364293832291484,0.268506254475395,0.268506254475395,0,23677.8015576125,23677.8015576125,0,inactive_at_baseline,0.15,0.15
bp_no_diabetes_only,Tunisia,Female,htn_diabetes,2025,2026,2030,4473072.5,581202.370687569,0.389003893040855,0.276942491695655,0.276942491695655,0,160959.632717637,160959.632717637,0,inactive_at_baseline,0.15,0.15
bp_no_diabetes_only,Tunisia,Male,htn_diabetes,2025,2026,2030,4220651,404285.769419736,0.295105345764179,0.208659262356082,0.208659262356082,0,84357.9704281832,84357.9704281832,0,inactive_at_baseline,0.15,0.15
bp_no_diabetes_only,Turkey,Female,htn_diabetes,2025,2026,2030,32397930.5,4177906.665772,0.390328541853969,0.450856895921297,0.450856895921297,0,1883638.03077886,1883638.03077886,0,inactive_at_baseline,0.15,0.15
bp_no_diabetes_only,Turkey,Male,htn_diabetes,2025,2026,2030,31751575.5,2699265.8745229,0.299578645604827,0.386936707508259,0.386936707508259,0,1044445.05017729,1044445.05017729,0,inactive_at_baseline,0.15,0.15
bp_no_diabetes_only,Turkmenistan,Female,htn_diabetes,2025,2026,2030,2480627.5,290921.823486391,0.342767814826483,0.237138586601707,0.237138586601707,0,68988.7900331541,68988.7900331541,0,inactive_at_baseline,0.15,0.15
bp_no_diabetes_only,Turkmenistan,Male,htn_diabetes,2025,2026,2030,2279282,190585.361243772,0.282153547156941,0.194228423858074,0.194228423858074,0,37017.0943247995,37017.0943247995,0,inactive_at_baseline,0.15,0.15
bp_no_diabetes_only,Uganda,Female,htn_diabetes,2025,2026,2030,12507067,653159.376298381,0.201765989315765,0.205517017018381,0.205517017018381,0,134235.36665443,134235.36665443,0,inactive_at_baseline,0.15,0.15
bp_no_diabetes_only,Uganda,Male,htn_diabetes,2025,2026,2030,11918712.5,474497.950327972,0.159288656667595,0.191056975067221,0.191056975067221,0,90656.1430652587,90656.1430652587,0,inactive_at_baseline,0.15,0.15
bp_no_diabetes_only,Ukraine,Female,htn_diabetes,2025,2026,2030,17369356.5,3376080.73890498,0.404214898532207,0.262036899916623,0.262036899916623,0,884657.730690883,884657.730690883,0,inactive_at_baseline,0.15,0.15
bp_no_diabetes_only,Ukraine,Male,htn_diabetes,2025,2026,2030,14484021.5,1982510.53649608,0.304594173667838,0.204977453467648,0.204977453467648,0,406369.961243749,406369.961243749,0,inactive_at_baseline,0.15,0.15
bp_no_diabetes_only,United Arab Emirates,Female,htn_diabetes,2025,2026,2030,3019650,208923.561722555,0.313102360298914,0.349023512412265,0.349023512412265,0,72919.2353380868,72919.2353380868,0,inactive_at_baseline,0.15,0.15
bp_no_diabetes_only,United Arab Emirates,Male,htn_diabetes,2025,2026,2030,6123736,449554.115252267,0.224000386510727,0.299626530277324,0.299626530277324,0,134698.339724929,134698.339724929,0,inactive_at_baseline,0.15,0.15
bp_no_diabetes_only,United Kingdom,Female,htn_diabetes,2025,2026,2030,27891787.5,2807489.29937555,0.339152177310694,0.391452175242281,0.391452175242281,0,1098997.79320999,1098997.79320999,0,inactive_at_baseline,0.15,0.15
bp_no_diabetes_only,United Kingdom,Male,htn_diabetes,2025,2026,2030,26469240,2516176.66967773,0.286448779558781,0.413376419248647,0.413376419248647,0,1040128.10190837,1040128.10190837,0,inactive_at_baseline,0.15,0.15
bp_no_diabetes_only,United States,Female,htn_diabetes,2025,2026,2030,135029185,18180635.9623282,0.389171959372562,0.601643470928305,0.601643470928305,0,10938260.9240591,10938260.9240591,0,inactive_at_baseline,0.15,0.15
bp_no_diabetes_only,United States,Male,htn_diabetes,2025,2026,2030,134681241,16558100.8039897,0.340960055004095,0.547308830637753,0.547308830637753,0,9062394.78861365,9062394.78861365,0,inactive_at_baseline,0.15,0.15
bp_no_diabetes_only,Uruguay,Female,htn_diabetes,2025,2026,2030,1356764.5,220273.693142473,0.377821852930059,0.427046412801424,0.427046412801424,0,94067.0904910146,94067.0904910146,0,inactive_at_baseline,0.15,0.15
bp_no_diabetes_only,Uruguay,Male,htn_diabetes,2025,2026,2030,1236352,160897.756900661,0.287580322374324,0.356196161420817,0.356196161420817,0,57311.1633892352,57311.1633892352,0,inactive_at_baseline,0.15,0.15
bp_no_diabetes_only,Uzbekistan,Female,htn_diabetes,2025,2026,2030,11620159,1550118.60348208,0.338181920783296,0.316498240788364,0.316498240788364,0,490609.811015392,490609.811015392,0,inactive_at_baseline,0.15,0.15
bp_no_diabetes_only,Uzbekistan,Male,htn_diabetes,2025,2026,2030,11464160.5,1309961.09551466,0.277202851087944,0.221356166151249,0.221356166151249,0,289967.965910416,289967.965910416,0,inactive_at_baseline,0.15,0.15
bp_no_diabetes_only,Vanuatu,Female,htn_diabetes,2025,2026,2030,91194,12371.0417067154,0.406000634618235,0.150532439955398,0.150532439955398,0,1862.24309290186,1862.24309290186,0,inactive_at_baseline,0.15,0.15
bp_no_diabetes_only,Vanuatu,Male,htn_diabetes,2025,2026,2030,89621,10087.5228531896,0.354766864802506,0.101513799476357,0.101513799476357,0,1024.02277213187,1024.02277213187,0,inactive_at_baseline,0.15,0.101513799476357
bp_no_diabetes_only,Venezuela (Bolivarian Republic of),Female,htn_diabetes,2025,2026,2030,9902077,1291418.07806309,0.34131774738841,0.494783111795857,0.494783111795857,0,638971.855293482,638971.855293482,0,inactive_at_baseline,0.15,0.15
bp_no_diabetes_only,Venezuela (Bolivarian Republic of),Male,htn_diabetes,2025,2026,2030,9309412.5,1037015.69836948,0.300106972892915,0.358383766520007,0.358383766520007,0,371649.591922028,371649.591922028,0,inactive_at_baseline,0.15,0.15
bp_no_diabetes_only,Viet Nam,Female,htn_diabetes,2025,2026,2030,37636568.5,3515934.32387011,0.363420553771913,0.245308553756167,0.245308553756167,0,862488.764090243,862488.764090243,0,inactive_at_baseline,0.15,0.15
bp_no_diabetes_only,Viet Nam,Male,htn_diabetes,2025,2026,2030,34682757,2959431.7466138,0.285044431161526,0.214462347736671,0.214462347736671,0,634686.680345233,634686.680345233,0,inactive_at_baseline,0.15,0.15
bp_no_diabetes_only,Yemen,Female,htn_diabetes,2025,2026,2030,10560059.5,564560.138934096,0.253409211824213,0.309956645296974,0.309956645296974,0,174989.166732406,174989.166732406,0,inactive_at_baseline,0.15,0.15
bp_no_diabetes_only,Yemen,Male,htn_diabetes,2025,2026,2030,10618497.5,405611.170635073,0.189009337915826,0.252953768824495,0.252953768824495,0,102600.874289457,102600.874289457,0,inactive_at_baseline,0.15,0.15
bp_no_diabetes_only,Zambia,Female,htn_diabetes,2025,2026,2030,5568342,305966.440679616,0.243249901627704,0.232765396494384,0.232765396494384,0,71218.3998787665,71218.3998787665,0,inactive_at_baseline,0.15,0.15
bp_no_diabetes_only,Zambia,Male,htn_diabetes,2025,2026,2030,5357895.5,221289.934715523,0.177489719818625,0.189448942053271,0.189448942053271,0,41923.1440188932,41923.1440188932,0,inactive_at_baseline,0.15,0.15
bp_no_diabetes_only,Zimbabwe,Female,htn_diabetes,2025,2026,2030,4675795.5,495752.676359461,0.286156172286157,0.296563404427426,0.296563404427426,0,147022.10145517,147022.10145517,0,inactive_at_baseline,0.15,0.15
bp_no_diabetes_only,Zimbabwe,Male,htn_diabetes,2025,2026,2030,3849027,260271.475511665,0.236198772602801,0.238414033167737,0.238414033167737,0,62052.3721952539,62052.3721952539,0,inactive_at_baseline,0.15,0.15
bp_diabetes_only,Afghanistan,Female,htn_no_diabetes,2025,2026,2030,10656400,2758312.57905498,0.288116944917646,0.130085711511268,0.130085711511268,0,358817.054416848,358817.054416848,0,inactive_at_baseline,0.15,0.15
bp_diabetes_only,Afghanistan,Male,htn_no_diabetes,2025,2026,2030,10584668.5,2239824.0290957,0.206915093397397,0.067564526875106,0.067564526875106,0,151332.650809345,151332.650809345,0,inactive_at_baseline,0.15,0.15
bp_diabetes_only,Albania,Female,htn_no_diabetes,2025,2026,2030,1119803,344300.42541648,0.296321263909921,0.0709776577476778,0.0709776577476778,0,24437.6377575908,24437.6377575908,0,inactive_at_baseline,0.15,0.15
bp_diabetes_only,Albania,Male,htn_no_diabetes,2025,2026,2030,1063013.5,347988.140399332,0.23311824821873,0.0182072758909353,0.0182072758909353,0,6335.91607902415,6335.91607902415,0,inactive_at_baseline,0.15,0.15
bp_diabetes_only,Algeria,Female,htn_no_diabetes,2025,2026,2030,14751664,2996350.05922519,0.378580542968894,0.147025627784635,0.147025627784635,0,440540.248520112,440540.248520112,0,inactive_at_baseline,0.15,0.15
bp_diabetes_only,Algeria,Male,htn_no_diabetes,2025,2026,2030,15328527.5,3434984.22066707,0.27594218781711,0.0695735713839626,0.0695735713839626,0,238984.119879365,238984.119879365,0,inactive_at_baseline,0.15,0.15
bp_diabetes_only,Andorra,Female,htn_no_diabetes,2025,2026,2030,34136.5,7496.5846599565,0.298406149800026,0.329783553948763,0.329783553948763,0,2472.25033163824,2472.25033163824,0,inactive_at_baseline,0.15,0.15
bp_diabetes_only,Andorra,Male,htn_no_diabetes,2025,2026,2030,35615.5,10238.8552138139,0.261162859582898,0.259103133669997,0.259103133669997,0,2652.91947109258,2652.91947109258,0,inactive_at_baseline,0.15,0.15
bp_diabetes_only,Angola,Female,htn_no_diabetes,2025,2026,2030,9454084.5,2197376.29436801,0.276026424413656,0.0927370092815696,0.0927370092815696,0,203778.105805907,203778.105805907,0,inactive_at_baseline,0.15,0.15
bp_diabetes_only,Angola,Male,htn_no_diabetes,2025,2026,2030,8954924.5,1835347.88723527,0.263834825544535,0.0529614614927065,0.0529614614927065,0,97202.7064555309,97202.7064555309,0,inactive_at_baseline,0.15,0.15
bp_diabetes_only,Antigua and Barbuda,Female,htn_no_diabetes,2025,2026,2030,38630,10968.1461042655,0.355415158778058,0.22070126115299,0.22070126115299,0,2420.68367772164,2420.68367772164,0,inactive_at_baseline,0.15,0.15
bp_diabetes_only,Antigua and Barbuda,Male,htn_no_diabetes,2025,2026,2030,33803.5,9609.05405586035,0.298166557675434,0.136628967501129,0.136628967501129,0,1312.87513431473,1312.87513431473,0,inactive_at_baseline,0.15,0.15
bp_diabetes_only,Argentina,Female,htn_no_diabetes,2025,2026,2030,16991234.5,4778029.74786443,0.315857537146284,0.147009872700032,0.147009872700032,0,702417.544990518,702417.544990518,0,inactive_at_baseline,0.15,0.15
bp_diabetes_only,Argentina,Male,htn_no_diabetes,2025,2026,2030,16332211,6309732.35914544,0.245154637778431,0.0731257388992433,0.0731257388992433,0,461403.841018976,461403.841018976,0,inactive_at_baseline,0.15,0.15
bp_diabetes_only,Armenia,Female,htn_no_diabetes,2025,2026,2030,1237586,349700.642120324,0.416766981424112,0.0380083099225272,0.0380083099225272,0,13291.5303858161,13291.5303858161,0,inactive_at_baseline,0.15,0.15
bp_diabetes_only,Armenia,Male,htn_no_diabetes,2025,2026,2030,999336.5,313322.614081779,0.328133741934919,0.0235537714835308,0.0235537714835308,0,7379.92925270475,7379.92925270475,0,inactive_at_baseline,0.15,0.15
bp_diabetes_only,Australia,Female,htn_no_diabetes,2025,2026,2030,10622094.5,2217823.97452115,0.328767459149663,0.221144439483557,0.221144439483557,0,490459.439718674,490459.439718674,0,inactive_at_baseline,0.15,0.15
bp_diabetes_only,Australia,Male,htn_no_diabetes,2025,2026,2030,10251233.5,2608461.97338969,0.265291708032925,0.20887749157973,0.20887749157973,0,544848.993882752,544848.993882752,0,inactive_at_baseline,0.15,0.15
bp_diabetes_only,Austria,Female,htn_no_diabetes,2025,2026,2030,3829405,989923.583204595,0.332288306457589,0.220946939248543,0.220946939248543,0,218720.585799005,218720.585799005,0,inactive_at_baseline,0.15,0.15
bp_diabetes_only,Austria,Male,htn_no_diabetes,2025,2026,2030,3647096.5,1096560.36239071,0.286684581934179,0.231940464922039,0.231940464922039,0,254336.720267981,254336.720267981,0,inactive_at_baseline,0.15,0.15
bp_diabetes_only,Azerbaijan,Female,htn_no_diabetes,2025,2026,2030,3950832,1004878.05415193,0.36572520475046,0.123234548410083,0.123234548410083,0,123835.693210616,123835.693210616,0,inactive_at_baseline,0.15,0.15
bp_diabetes_only,Azerbaijan,Male,htn_no_diabetes,2025,2026,2030,3600166,873264.569574518,0.323697792995275,0.0396143662099455,0.0396143662099455,0,34593.8224572954,34593.8224572954,0,inactive_at_baseline,0.15,0.15
bp_diabetes_only,Bahamas,Female,htn_no_diabetes,2025,2026,2030,164326,47897.4794380907,0.326027315326277,0.226475126470149,0.226475126470149,0,10847.587713343,10847.587713343,0,inactive_at_baseline,0.15,0.15
bp_diabetes_only,Bahamas,Male,htn_no_diabetes,2025,2026,2030,144907,45233.3146263358,0.288191586856383,0.126218217261114,0.126218217261114,0,5709.26833294715,5709.26833294715,0,inactive_at_baseline,0.15,0.15
bp_diabetes_only,Bahrain,Female,htn_no_diabetes,2025,2026,2030,439854,73100.2256530705,0.386080035007626,0.186712974582785,0.186712974582785,0,13648.7605743576,13648.7605743576,0,inactive_at_baseline,0.15,0.15
bp_diabetes_only,Bahrain,Male,htn_no_diabetes,2025,2026,2030,828704,191772.750831934,0.268169590441785,0.124074239993756,0.124074239993756,0,23794.0583109842,23794.0583109842,0,inactive_at_baseline,0.15,0.15
bp_diabetes_only,Bangladesh,Female,htn_no_diabetes,2025,2026,2030,59223138.5,13641075.5575192,0.219874659115649,0.117667144030192,0.117667144030192,0,1605106.40235334,1605106.40235334,0,inactive_at_baseline,0.15,0.15
bp_diabetes_only,Bangladesh,Male,htn_no_diabetes,2025,2026,2030,54363605,8806315.99863917,0.215322552979708,0.108153543737481,0.108153543737481,0,952434.282524899,952434.282524899,0,inactive_at_baseline,0.15,0.15
bp_diabetes_only,Barbados,Female,htn_no_diabetes,2025,2026,2030,116219.5,33685.3691628895,0.397122004010239,0.317851986363151,0.317851986363151,0,10706.9614998005,10706.9614998005,0,inactive_at_baseline,0.15,0.15
bp_diabetes_only,Barbados,Male,htn_no_diabetes,2025,2026,2030,103510.5,28483.1016797837,0.341958504975447,0.237384895347905,0.237384895347905,0,6761.45811143919,6761.45811143919,0,inactive_at_baseline,0.15,0.15
bp_diabetes_only,Belarus,Female,htn_no_diabetes,2025,2026,2030,3909680,1315356.34965957,0.380107069411175,0.0797914349113647,0.0797914349113647,0,104954.170559112,104954.170559112,0,inactive_at_baseline,0.15,0.15
bp_diabetes_only,Belarus,Male,htn_no_diabetes,2025,2026,2030,3241931.5,1209813.43165851,0.280198360573235,0.0239403892592678,0.0239403892592678,0,28963.4044849952,28963.4044849952,0,inactive_at_baseline,0.15,0.15
bp_diabetes_only,Belgium,Female,htn_no_diabetes,2025,2026,2030,4782953,1054896.60305826,0.363411341036508,0.368649991968676,0.368649991968676,0,388887.62424521,388887.62424521,0,inactive_at_baseline,0.15,0.15
bp_diabetes_only,Belgium,Male,htn_no_diabetes,2025,2026,2030,4571695.5,1215748.91503935,0.308042053060249,0.300976051202218,0.300976051202218,0,365911.307701924,365911.307701924,0,inactive_at_baseline,0.15,0.15
bp_diabetes_only,Belize,Female,htn_no_diabetes,2025,2026,2030,140619,29880.4507119797,0.304688567556802,0.221386629728861,0.221386629728861,0,6615.13227790452,6615.13227790452,0,inactive_at_baseline,0.15,0.15
bp_diabetes_only,Belize,Male,htn_no_diabetes,2025,2026,2030,141068,33958.6655836703,0.24518325621494,0.122433270720606,0.122433270720606,0,4157.67049671603,4157.67049671603,0,inactive_at_baseline,0.15,0.15
bp_diabetes_only,Benin,Female,htn_no_diabetes,2025,2026,2030,3738262,604953.322453641,0.300504265431333,0.0571435262733831,0.0571435262733831,0,34569.1660758001,34569.1660758001,0,inactive_at_baseline,0.15,0.15
bp_diabetes_only,Benin,Male,htn_no_diabetes,2025,2026,2030,3683484.5,657343.172812682,0.21200580430093,0.0491184658253721,0.0491184658253721,0,32287.6881693414,32287.6881693414,0,inactive_at_baseline,0.15,0.15
bp_diabetes_only,Bhutan,Female,htn_no_diabetes,2025,2026,2030,267843.5,76163.29133124,0.230571096323801,0.0726189313713038,0.0726189313713038,0,5530.89682619594,5530.89682619594,0,inactive_at_baseline,0.15,0.15
bp_diabetes_only,Bhutan,Male,htn_no_diabetes,2025,2026,2030,314056.5,98223.854913506,0.20223139413412,0.0390414278312598,0.0390414278312598,0,3834.79954291378,3834.79954291378,0,inactive_at_baseline,0.15,0.15
bp_diabetes_only,Bolivia,Female,htn_no_diabetes,2025,2026,2030,3989287,609573.14461524,0.288227077816936,0.293758218319368,0.293758218319368,0,179067.120897507,179067.120897507,0,inactive_at_baseline,0.15,0.15
bp_diabetes_only,Bolivia,Male,htn_no_diabetes,2025,2026,2030,3933289,725874.361307111,0.233818868809144,0.158020611299355,0.158020611299355,0,114703.110300279,114703.110300279,0,inactive_at_baseline,0.15,0.15
bp_diabetes_only,Bosnia and Herzegovina,Female,htn_no_diabetes,2025,2026,2030,1388219.5,420347.407066761,0.425453090826479,0.150863642284951,0.150863642284951,0,63415.1408551266,63415.1408551266,0,inactive_at_baseline,0.15,0.15
bp_diabetes_only,Bosnia and Herzegovina,Male,htn_no_diabetes,2025,2026,2030,1220047.5,410112.214819973,0.336845171043919,0.0667683505255211,0.0667683505255211,0,27382.5161138977,27382.5161138977,0,inactive_at_baseline,0.15,0.15
bp_diabetes_only,Botswana,Female,htn_no_diabetes,2025,2026,2030,782811.5,207594.677842983,0.293933190652956,0.180188575844868,0.180188575844868,0,37406.1893535012,37406.1893535012,0,inactive_at_baseline,0.15,0.15
bp_diabetes_only,Botswana,Male,htn_no_diabetes,2025,2026,2030,766563.5,190009.397851541,0.246620828656797,0.0960467104251353,0.0960467104251353,0,18249.7776135013,18249.7776135013,0,inactive_at_baseline,0.15,0.15
bp_diabetes_only,Brazil,Female,htn_no_diabetes,2025,2026,2030,82212314,25230752.8649264,0.257009028781802,0.350893876411035,0.350893876411035,0,8853316.67754283,8853316.67754283,0,inactive_at_baseline,0.15,0.15
bp_diabetes_only,Brazil,Male,htn_no_diabetes,2025,2026,2030,77657112,28534883.3458372,0.194808957901381,0.251572145666599,0.251572145666599,0,7178581.82965837,7178581.82965837,0,inactive_at_baseline,0.15,0.15
bp_diabetes_only,Brunei Darussalam,Female,htn_no_diabetes,2025,2026,2030,160698,41980.1082343351,0.356302839443615,0.296359015102259,0.296359015102259,0,12441.1835302138,12441.1835302138,0,inactive_at_baseline,0.15,0.15
bp_diabetes_only,Brunei Darussalam,Male,htn_no_diabetes,2025,2026,2030,184517.5,51967.1577794433,0.324077136517538,0.207018799684744,0.207018799684744,0,10758.1786265281,10758.1786265281,0,inactive_at_baseline,0.15,0.15
bp_diabetes_only,Bulgaria,Female,htn_no_diabetes,2025,2026,2030,2859678,920975.794401197,0.361934847598705,0.226625499307954,0.226625499307954,0,208716.599256711,208716.599256711,0,inactive_at_baseline,0.15,0.15
bp_diabetes_only,Bulgaria,Male,htn_no_diabetes,2025,2026,2030,2608251.5,1003358.39649747,0.272241196030903,0.1433680679864,0.1433680679864,0,143849.554803774,143849.554803774,0,inactive_at_baseline,0.15,0.15
bp_diabetes_only,Burkina Faso,Female,htn_no_diabetes,2025,2026,2030,6083031.5,1068253.29577812,0.252946997604433,0.0736244991109181,0.0736244991109181,0,78649.6138252513,78649.6138252513,0,inactive_at_baseline,0.15,0.15
bp_diabetes_only,Burkina Faso,Male,htn_no_diabetes,2025,2026,2030,5816630.5,1010369.36416648,0.193321346416144,0.0301935190658199,0.0301935190658199,0,30506.6066604808,30506.6066604808,0,inactive_at_baseline,0.15,0.15
bp_diabetes_only,Burundi,Female,htn_no_diabetes,2025,2026,2030,3398525,681521.010767101,0.231856717435163,0.0980385664986786,0.0980385664986786,0,66815.3429343371,66815.3429343371,0,inactive_at_baseline,0.15,0.15
bp_diabetes_only,Burundi,Male,htn_no_diabetes,2025,2026,2030,3266953,669405.384353913,0.184630148223236,0.0644758593666175,0.0644758593666175,0,43160.4874208594,43160.4874208594,0,inactive_at_baseline,0.15,0.15
bp_diabetes_only,Cabo Verde,Female,htn_no_diabetes,2025,2026,2030,177016,41117.6807120882,0.346833969216931,0.142446078994336,0.142446078994336,0,5857.05239477802,5857.05239477802,0,inactive_at_baseline,0.15,0.15
bp_diabetes_only,Cabo Verde,Male,htn_no_diabetes,2025,2026,2030,181185,55957.3929878444,0.227310649083238,0.0514624425871585,0.0514624425871585,0,2879.704123964,2879.704123964,0,inactive_at_baseline,0.15,0.15
bp_diabetes_only,Cambodia,Female,htn_no_diabetes,2025,2026,2030,5871047,868408.998586203,0.314526753106943,0.218429312744207,0.218429312744207,0,189685.980742069,189685.980742069,0,inactive_at_baseline,0.15,0.15
bp_diabetes_only,Cambodia,Male,htn_no_diabetes,2025,2026,2030,5384942,852358.703778167,0.259523574134363,0.125471480681264,0.125471480681264,0,106946.708634609,106946.708634609,0,inactive_at_baseline,0.15,0.15
bp_diabetes_only,Cameroon,Female,htn_no_diabetes,2025,2026,2030,7586438,1576156.08141369,0.259906861178751,0.0636523405194033,0.0636523405194033,0,100326.023605873,100326.023605873,0,inactive_at_baseline,0.15,0.15
bp_diabetes_only,Cameroon,Male,htn_no_diabetes,2025,2026,2030,7383628,1487301.3677411,0.206691765282523,0.0123528952911169,0.0123528952911169,0,18372.4780620408,18372.4780620408,0,inactive_at_baseline,0.15,0.15
bp_diabetes_only,Canada,Female,htn_no_diabetes,2025,2026,2030,16404298,2842177.02881736,0.334144775627451,0.518762446381986,0.518762446381986,0,1474414.70851998,1474414.70851998,0,inactive_at_baseline,0.15,0.15
bp_diabetes_only,Canada,Male,htn_no_diabetes,2025,2026,2030,15954765.5,3082816.22309171,0.328321706513712,0.591223735382266,0.591223735382266,0,1822634.12291333,1822634.12291333,0,inactive_at_baseline,0.15,0.15
bp_diabetes_only,Central African Republic,Female,htn_no_diabetes,2025,2026,2030,1259422.5,260999.951941085,0.284233435526141,0.0188815531670765,0.0188815531670765,0,4928.08446918002,4928.08446918002,0,inactive_at_baseline,0.15,0.15
bp_diabetes_only,Central African Republic,Male,htn_no_diabetes,2025,2026,2030,1023279,196866.622996662,0.254410682726743,0.0113147426240444,0.0113147426240444,0,2227.49517047201,2227.49517047201,0,inactive_at_baseline,0.15,0.15
bp_diabetes_only,Chad,Female,htn_no_diabetes,2025,2026,2030,4796415,1120021.13766975,0.23183112488282,0.093661496995815,0.093661496995815,0,104902.856421105,104902.856421105,0,inactive_at_baseline,0.15,0.15
bp_diabetes_only,Chad,Male,htn_no_diabetes,2025,2026,2030,4708514,1000660.57272875,0.187383149158477,0.0624266518497673,0.0624266518497673,0,62467.8891935267,62467.8891935267,0,inactive_at_baseline,0.15,0.15
bp_diabetes_only,Chile,Female,htn_no_diabetes,2025,2026,2030,7894715.5,1788841.51388559,0.348833623919168,0.36580439624623,0.36580439624623,0,654366.089967111,654366.089967111,0,inactive_at_baseline,0.15,0.15
bp_diabetes_only,Chile,Male,htn_no_diabetes,2025,2026,2030,7695890.5,2125482.39114202,0.287596475883708,0.223607807723518,0.223607807723518,0,475274.457838207,475274.457838207,0,inactive_at_baseline,0.15,0.15
bp_diabetes_only,China,Female,htn_no_diabetes,2025,2026,2030,561666473.5,112039071.494368,0.279017013042484,0.136267154715485,0.136267154715485,0,15267245.4895024,15267245.4895024,0,inactive_at_baseline,0.15,0.15
bp_diabetes_only,China,Male,htn_no_diabetes,2025,2026,2030,567724824.5,138055481.0977,0.211370620410247,0.107311200727386,0.107311200727386,0,14814899.4435911,14814899.4435911,0,inactive_at_baseline,0.15,0.15
bp_diabetes_only,Colombia,Female,htn_no_diabetes,2025,2026,2030,20313225.5,4031543.73239613,0.310723657653871,0.363357975437904,0.363357975437904,0,1464893.56849283,1464893.56849283,0,inactive_at_baseline,0.15,0.15
bp_diabetes_only,Colombia,Male,htn_no_diabetes,2025,2026,2030,19322909,4071535.62934468,0.255416227628668,0.201408012490324,0.201408012490324,0,820039.898889851,820039.898889851,0,inactive_at_baseline,0.15,0.15
bp_diabetes_only,Comoros,Female,htn_no_diabetes,2025,2026,2030,242865,51113.0443925684,0.273836630393999,0.0877751296230911,0.0877751296230911,0,4486.4540969885,4486.4540969885,0,inactive_at_baseline,0.15,0.15
bp_diabetes_only,Comoros,Male,htn_no_diabetes,2025,2026,2030,241785,45349.5800302653,0.230894086205327,0.0594474073536223,0.0594474073536223,0,2695.91495737488,2695.91495737488,0,inactive_at_baseline,0.15,0.15
bp_diabetes_only,Congo,Female,htn_no_diabetes,2025,2026,2030,1672142,380913.904490861,0.305887249921217,0.0660642735898534,0.0660642735898534,0,25164.8004004635,25164.8004004635,0,inactive_at_baseline,0.15,0.15
bp_diabetes_only,Congo,Male,htn_no_diabetes,2025,2026,2030,1643888.5,363845.57026389,0.26320878521085,0.0366780527740554,0.0366780527740554,0,13345.1470277452,13345.1470277452,0,inactive_at_baseline,0.15,0.15
bp_diabetes_only,Costa Rica,Female,htn_no_diabetes,2025,2026,2030,2003858.5,536312.410641273,0.316282718030832,0.487839373152721,0.487839373152721,0,261634.310221263,261634.310221263,0,inactive_at_baseline,0.15,0.15
bp_diabetes_only,Costa Rica,Male,htn_no_diabetes,2025,2026,2030,1915980,471091.477483947,0.290939940673689,0.410853931577756,0.410853931577756,0,193549.785657054,193549.785657054,0,inactive_at_baseline,0.15,0.15
bp_diabetes_only,Croatia,Female,htn_no_diabetes,2025,2026,2030,1654357,573026.299371736,0.37788833582198,0.190257256025617,0.190257256025617,0,109022.41134898,109022.41134898,0,inactive_at_baseline,0.15,0.15
bp_diabetes_only,Croatia,Male,htn_no_diabetes,2025,2026,2030,1500058.5,583874.966347651,0.305518894683859,0.100483186360695,0.100483186360695,0,58669.6170548556,58669.6170548556,0,inactive_at_baseline,0.15,0.15
bp_diabetes_only,Cuba,Female,htn_no_diabetes,2025,2026,2030,4518655,1394620.10038441,0.312976207672578,0.333208194863444,0.333208194863444,0,464698.846169365,464698.846169365,0,inactive_at_baseline,0.15,0.15
bp_diabetes_only,Cuba,Male,htn_no_diabetes,2025,2026,2030,4302829,1342043.83397356,0.265753667467407,0.236015792791651,0.236015792791651,0,316743.539436415,316743.539436415,0,inactive_at_baseline,0.15,0.15
bp_diabetes_only,Cyprus,Female,htn_no_diabetes,2025,2026,2030,546996,103589.414307097,0.345841095625722,0.324426614975156,0.324426614975156,0,33607.1630309105,33607.1630309105,0,inactive_at_baseline,0.15,0.15
bp_diabetes_only,Cyprus,Male,htn_no_diabetes,2025,2026,2030,548979.5,133330.891747355,0.309330234923672,0.253802695391808,0.253802695391808,0,33839.7397044721,33839.7397044721,0,inactive_at_baseline,0.15,0.15
bp_diabetes_only,Czechia,Female,htn_no_diabetes,2025,2026,2030,4364241,1111620.54827909,0.401682676165208,0.363738203534813,0.363738203534813,0,404338.861243419,404338.861243419,0,inactive_at_baseline,0.15,0.15
bp_diabetes_only,Czechia,Male,htn_no_diabetes,2025,2026,2030,4169023,1477260.0922614,0.332700647659766,0.256818993566408,0.256818993566408,0,379388.450130391,379388.450130391,0,inactive_at_baseline,0.15,0.15
bp_diabetes_only,Democratic People's Republic of Korea,Female,htn_no_diabetes,2025,2026,2030,10332960,1973809.82811395,0.286444265141714,0.205440426352842,0.205440426352842,0,405500.332627159,405500.332627159,0,inactive_at_baseline,0.15,0.15
bp_diabetes_only,Democratic People's Republic of Korea,Male,htn_no_diabetes,2025,2026,2030,9905557,2114061.55121175,0.231720860397241,0.169578982563928,0.169578982563928,0,358500.406932008,358500.406932008,0,inactive_at_baseline,0.15,0.15
bp_diabetes_only,Democratic Republic of the Congo,Female,htn_no_diabetes,2025,2026,2030,26154326,4998965.24121037,0.289445099044984,0.0804396920504304,0.0804396920504304,0,402115.224573768,402115.224573768,0,inactive_at_baseline,0.15,0.15
bp_diabetes_only,Democratic Republic of the Congo,Male,htn_no_diabetes,2025,2026,2030,25180274,4509609.91763201,0.263259663626323,0.0671138759757295,0.0671138759757295,0,302657.400710874,302657.400710874,0,inactive_at_baseline,0.15,0.15
bp_diabetes_only,Denmark,Female,htn_no_diabetes,2025,2026,2030,2427793.5,514258.795292684,0.402385369159417,0.0417745380820924,0.0417745380820924,0,21482.9236280052,21482.9236280052,0,inactive_at_baseline,0.15,0.15
bp_diabetes_only,Denmark,Male,htn_no_diabetes,2025,2026,2030,2360863,696626.004393742,0.371672521095329,0.0324272989189179,0.0324272989189179,0,22589.6996791673,22589.6996791673,0,inactive_at_baseline,0.15,0.15
bp_diabetes_only,Djibouti,Female,htn_no_diabetes,2025,2026,2030,383455.5,81557.4756613691,0.27680932201004,0.09125187459889,0.09125187459889,0,7442.27254165328,7442.27254165328,0,inactive_at_baseline,0.15,0.15
bp_diabetes_only,Djibouti,Male,htn_no_diabetes,2025,2026,2030,368267.5,78640.6228778812,0.221229095301794,0.0580908111561765,0.0580908111561765,0,4568.29757280309,4568.29757280309,0,inactive_at_baseline,0.15,0.15
bp_diabetes_only,Dominica,Female,htn_no_diabetes,2025,2026,2030,25408,8184.24758255382,0.350850916143688,0.154285991103406,0.154285991103406,0,1262.71474970997,1262.71474970997,0,inactive_at_baseline,0.15,0.15
bp_diabetes_only,Dominica,Male,htn_no_diabetes,2025,2026,2030,25388,7864.18666182486,0.314750869207997,0.0963132299772194,0.0963132299772194,0,757.425218544119,757.425218544119,0,inactive_at_baseline,0.15,0.15
bp_diabetes_only,Dominican Republic,Female,htn_no_diabetes,2025,2026,2030,3926344,1284419.96505112,0.26712551076232,0.210582921413092,0.210582921413092,0,270476.908561767,270476.908561767,0,inactive_at_baseline,0.15,0.15
bp_diabetes_only,Dominican Republic,Male,htn_no_diabetes,2025,2026,2030,3783715.5,1287591.44277389,0.225845968059066,0.145218406536115,0.145218406536115,0,186981.977589162,186981.977589162,0,inactive_at_baseline,0.15,0.15
bp_diabetes_only,Ecuador,Female,htn_no_diabetes,2025,2026,2030,6408365.5,984540.953992139,0.309798931795456,0.35395204706217,0.35395204706217,0,348480.286082059,348480.286082059,0,inactive_at_baseline,0.15,0.15
bp_diabetes_only,Ecuador,Male,htn_no_diabetes,2025,2026,2030,6234871,1215598.10382928,0.244297231111955,0.145832534915114,0.145832534915114,0,177273.752919429,177273.752919429,0,inactive_at_baseline,0.15,0.15
bp_diabetes_only,Egypt,Female,htn_no_diabetes,2025,2026,2030,36007823.5,7849232.9005112,0.352799430384255,0.175763291766237,0.175763291766237,0,1379607.0124337,1379607.0124337,0,inactive_at_baseline,0.15,0.15
bp_diabetes_only,Egypt,Male,htn_no_diabetes,2025,2026,2030,36056804,7726674.25374586,0.271902389278726,0.100844387965576,0.100844387965576,0,779191.736128376,779191.736128376,0,inactive_at_baseline,0.15,0.15
bp_diabetes_only,El Salvador,Female,htn_no_diabetes,2025,2026,2030,2370154.5,469991.160977871,0.34008790279236,0.432076447341718,0.432076447341718,0,203072.111117328,203072.111117328,0,inactive_at_baseline,0.15,0.15
bp_diabetes_only,El Salvador,Male,htn_no_diabetes,2025,2026,2030,1996053,370760.430124952,0.284331324546486,0.223347037039495,0.223347037039495,0,82808.2435198968,82808.2435198968,0,inactive_at_baseline,0.15,0.15
bp_diabetes_only,Equatorial Guinea,Female,htn_no_diabetes,2025,2026,2030,485181.5,104514.037172325,0.324763942625213,0.0844562535949291,0.0844562535949291,0,8826.8640276557,8826.8640276557,0,inactive_at_baseline,0.15,0.15
bp_diabetes_only,Equatorial Guinea,Male,htn_no_diabetes,2025,2026,2030,581382.5,120479.295055217,0.300750839856779,0.0504675534549369,0.0504675534549369,0,6080.29526341228,6080.29526341228,0,inactive_at_baseline,0.15,0.15
bp_diabetes_only,Eritrea,Female,htn_no_diabetes,2025,2026,2030,983070,129759.573298736,0.291641569681166,0.0920441841180802,0.0920441841180802,0,11943.6140557924,11943.6140557924,0,inactive_at_baseline,0.15,0.15
bp_diabetes_only,Eritrea,Male,htn_no_diabetes,2025,2026,2030,922724,127490.564967127,0.21899856651553,0.0818741039161966,0.0818741039161966,0,10438.1757644532,10438.1757644532,0,inactive_at_baseline,0.15,0.15
bp_diabetes_only,Estonia,Female,htn_no_diabetes,2025,2026,2030,574042.5,131306.745240137,0.46231273042044,0.11989516124322,0.11989516124322,0,15743.0433928887,15743.0433928887,0,inactive_at_baseline,0.15,0.15
bp_diabetes_only,Estonia,Male,htn_no_diabetes,2025,2026,2030,501928,157742.847891207,0.329991304100448,0.0805898992916959,0.0805898992916959,0,12712.4802255377,12712.4802255377,0,inactive_at_baseline,0.15,0.15
bp_diabetes_only,Eswatini,Female,htn_no_diabetes,2025,2026,2030,380862,91280.5337397489,0.363766597427567,0.0946092290777669,0.0946092290777669,0,8635.98092692474,8635.98092692474,0,inactive_at_baseline,0.15,0.15
bp_diabetes_only,Eswatini,Male,htn_no_diabetes,2025,2026,2030,356199,72905.1268466408,0.313400021181568,0.0437152903124231,0.0437152903124231,0,3187.06878536494,3187.06878536494,0,inactive_at_baseline,0.15,0.15
bp_diabetes_only,Ethiopia,Female,htn_no_diabetes,2025,2026,2030,35970402,6803202.97202898,0.210520909368734,0.0344133462775504,0.0344133462775504,0,234120.979672893,234120.979672893,0,inactive_at_baseline,0.15,0.15
bp_diabetes_only,Ethiopia,Male,htn_no_diabetes,2025,2026,2030,35070456.5,5540483.27252469,0.170320704513198,0.0308812894392514,0.0308812894392514,0,171097.267572166,171097.267572166,0,inactive_at_baseline,0.15,0.15
bp_diabetes_only,Fiji,Female,htn_no_diabetes,2025,2026,2030,313980.5,50518.2133971298,0.54203193321103,0.0747128645951785,0.0747128645951785,0,3774.36043713009,3774.36043713009,0,inactive_at_baseline,0.15,0.15
bp_diabetes_only,Fiji,Male,htn_no_diabetes,2025,2026,2030,302381,49287.6488121072,0.492705678460059,0.0166834893941113,0.0166834893941113,0,822.289966217471,822.289966217471,0,inactive_at_baseline,0.15,0.15
bp_diabetes_only,Finland,Female,htn_no_diabetes,2025,2026,2030,2322957.5,591212.576885801,0.380996713163128,0.234000661680596,0.234000661680596,0,138344.134185168,138344.134185168,0,inactive_at_baseline,0.15,0.15
bp_diabetes_only,Finland,Male,htn_no_diabetes,2025,2026,2030,2236322,677220.580039496,0.328869867679374,0.220546721374735,0.220546721374735,0,149358.778575207,149358.778575207,0,inactive_at_baseline,0.15,0.15
bp_diabetes_only,France,Female,htn_no_diabetes,2025,2026,2030,27438934,6288030.8241896,0.332739327167017,0.296398182073188,0.296398182073188,0,1863760.90510997,1863760.90510997,0,inactive_at_baseline,0.15,0.15
bp_diabetes_only,France,Male,htn_no_diabetes,2025,2026,2030,25084977,7228599.77513889,0.289469955307648,0.190311149882939,0.190311149882939,0,1375683.13525024,1375683.13525024,0,inactive_at_baseline,0.15,0.15
bp_diabetes_only,Gabon,Female,htn_no_diabetes,2025,2026,2030,711171,151683.928285865,0.313769239626865,0.108437947346675,0.108437947346675,0,16448.2938287994,16448.2938287994,0,inactive_at_baseline,0.15,0.15
bp_diabetes_only,Gabon,Male,htn_no_diabetes,2025,2026,2030,742372,152748.593867902,0.294246591890731,0.0636226954339074,0.0636226954339074,0,9718.27726561517,9718.27726561517,0,inactive_at_baseline,0.15,0.15
bp_diabetes_only,Gambia,Female,htn_no_diabetes,2025,2026,2030,735656.5,165254.575704669,0.265826804510019,0.0693579427047221,0.0693579427047221,0,11461.7173934176,11461.7173934176,0,inactive_at_baseline,0.15,0.15
bp_diabetes_only,Gambia,Male,htn_no_diabetes,2025,2026,2030,710660.5,147040.322873075,0.20873731407688,0.0481946090445981,0.0481946090445981,0,7086.5508746593,7086.5508746593,0,inactive_at_baseline,0.15,0.15
bp_diabetes_only,Georgia,Female,htn_no_diabetes,2025,2026,2030,1556374,414110.040482519,0.441590506580716,0.138302038375412,0.138302038375412,0,57272.2627104567,57272.2627104567,0,inactive_at_baseline,0.15,0.15
bp_diabetes_only,Georgia,Male,htn_no_diabetes,2025,2026,2030,1269845,377250.21321571,0.3527858145814,0.0780222013960831,0.0780222013960831,0,29433.8921122314,29433.8921122314,0,inactive_at_baseline,0.15,0.15
bp_diabetes_only,Germany,Female,htn_no_diabetes,2025,2026,2030,35374920.5,8144682.35777255,0.366761533281133,0.425212597779344,0.425212597779344,0,3463221.54343606,3463221.54343606,0,inactive_at_baseline,0.15,0.15
bp_diabetes_only,Germany,Male,htn_no_diabetes,2025,2026,2030,33936157,9594339.63602567,0.314064670179833,0.384616954935718,0.384616954935718,0,3690145.69542726,3690145.69542726,0,inactive_at_baseline,0.15,0.15
bp_diabetes_only,Ghana,Female,htn_no_diabetes,2025,2026,2030,9992432.5,2020827.60866457,0.282186428133914,0.194458429471919,0.194458429471919,0,392966.963014405,392966.963014405,0,inactive_at_baseline,0.15,0.15
bp_diabetes_only,Ghana,Male,htn_no_diabetes,2025,2026,2030,9768229.5,1861777.41581409,0.237427910093424,0.0992559576703524,0.0992559576703524,0,184792.500375661,184792.500375661,0,inactive_at_baseline,0.15,0.15
bp_diabetes_only,Greece,Female,htn_no_diabetes,2025,2026,2030,4294046.5,1067632.89400291,0.360776694605514,0.34278925949777,0.34278925949777,0,365973.089150718,365973.089150718,0,inactive_at_baseline,0.15,0.15
bp_diabetes_only,Greece,Male,htn_no_diabetes,2025,2026,2030,3936732,1209908.32460522,0.294949613902908,0.239325263551048,0.239325263551048,0,289561.628658751,289561.628658751,0,inactive_at_baseline,0.15,0.15
bp_diabetes_only,Grenada,Female,htn_no_diabetes,2025,2026,2030,44202.5,12115.2875708855,0.378759060492131,0.181227050933645,0.181227050933645,0,2195.61783768463,2195.61783768463,0,inactive_at_baseline,0.15,0.15
bp_diabetes_only,Grenada,Male,htn_no_diabetes,2025,2026,2030,43848.5,14012.3448478002,0.300158138088589,0.102010863210062,0.102010863210062,0,1429.41139352116,1429.41139352116,0,inactive_at_baseline,0.15,0.15
bp_diabetes_only,Guatemala,Female,htn_no_diabetes,2025,2026,2030,5813615,933975.564486294,0.334332019118772,0.176374421214983,0.176374421214983,0,164729.399615207,164729.399615207,0,inactive_at_baseline,0.15,0.15
bp_diabetes_only,Guatemala,Male,htn_no_diabetes,2025,2026,2030,5557549,975411.967259228,0.275039008896646,0.105979886206962,0.105979886206962,0,103374.049295042,103374.049295042,0,inactive_at_baseline,0.15,0.15
bp_diabetes_only,Guinea,Female,htn_no_diabetes,2025,2026,2030,3948011,903976.297418921,0.273263191201654,0.0407286144631911,0.0407286144631911,0,36817.7021014382,36817.7021014382,0,inactive_at_baseline,0.15,0.15
bp_diabetes_only,Guinea,Male,htn_no_diabetes,2025,2026,2030,3697759.5,885718.484306753,0.18855607010449,0.0289956022970833,0.0289956022970833,0,25681.940918134,25681.940918134,0,inactive_at_baseline,0.15,0.15
bp_diabetes_only,Guinea-Bissau,Female,htn_no_diabetes,2025,2026,2030,613006.5,133461.637232792,0.284460836649085,0.0898062128471162,0.0898062128471162,0,11985.6842002528,11985.6842002528,0,inactive_at_baseline,0.15,0.15
bp_diabetes_only,Guinea-Bissau,Male,htn_no_diabetes,2025,2026,2030,575337.5,123756.202808966,0.211318746627846,0.0540597536326857,0.0540597536326857,0,6690.22983436937,6690.22983436937,0,inactive_at_baseline,0.15,0.15
bp_diabetes_only,Guyana,Female,htn_no_diabetes,2025,2026,2030,280777.5,66443.1727646911,0.35312398685549,0.184403168874619,0.184403168874619,0,12252.3316078928,12252.3316078928,0,inactive_at_baseline,0.15,0.15
bp_diabetes_only,Guyana,Male,htn_no_diabetes,2025,2026,2030,253862.5,57914.7805138598,0.301350514454377,0.118620424339392,0.118620424339392,0,6869.87584007682,6869.87584007682,0,inactive_at_baseline,0.15,0.15
bp_diabetes_only,Haiti,Female,htn_no_diabetes,2025,2026,2030,3730412.5,1103790.1449225,0.272939185719831,0.045315958595283,0.045315958595283,0,50019.3085051896,50019.3085051896,0,inactive_at_baseline,0.15,0.15
bp_diabetes_only,Haiti,Male,htn_no_diabetes,2025,2026,2030,3567236.5,822179.319118725,0.233983303140571,0.0397232964075908,0.0397232964075908,0,32659.6727935443,32659.6727935443,0,inactive_at_baseline,0.15,0.15
bp_diabetes_only,Honduras,Female,htn_no_diabetes,2025,2026,2030,3424439,616933.09550219,0.293739724168292,0.345579096008197,0.345579096008197,0,213199.181441186,213199.181441186,0,inactive_at_baseline,0.15,0.15
bp_diabetes_only,Honduras,Male,htn_no_diabetes,2025,2026,2030,3399955,656724.373933119,0.235795758721754,0.218848270394322,0.218848270394322,0,143722.993361057,143722.993361057,0,inactive_at_baseline,0.15,0.15
bp_diabetes_only,Hungary,Female,htn_no_diabetes,2025,2026,2030,4136902,1240348.09542025,0.391446502189376,0.224423657236674,0.224423657236674,0,278363.455820755,278363.455820755,0,inactive_at_baseline,0.15,0.15
bp_diabetes_only,Hungary,Male,htn_no_diabetes,2025,2026,2030,3713031.5,1509497.15129335,0.29504839164842,0.137762360069394,0.137762360069394,0,207951.890080199,207951.890080199,0,inactive_at_baseline,0.15,0.15
bp_diabetes_only,Iceland,Female,htn_no_diabetes,2025,2026,2030,150391.5,27501.6663450531,0.347173528415816,0.47707988543649,0.47707988543649,0,13120.4918292105,13120.4918292105,0,inactive_at_baseline,0.15,0.15
bp_diabetes_only,Iceland,Male,htn_no_diabetes,2025,2026,2030,157657.5,33928.6068695135,0.324794536710406,0.460769851660778,0.460769851660778,0,15633.2791543226,15633.2791543226,0,inactive_at_baseline,0.15,0.15
bp_diabetes_only,India,Female,htn_no_diabetes,2025,2026,2030,491067719.5,93306852.519568,0.278286758752894,0.143534758437124,0.143534758437124,0,13392776.5369246,13392776.5369246,0,inactive_at_baseline,0.15,0.15
bp_diabetes_only,India,Male,htn_no_diabetes,2025,2026,2030,517391827.5,113133611.78545,0.228140370877104,0.0788161338037464,0.0788161338037464,0,8916753.8841831,8916753.8841831,0,inactive_at_baseline,0.15,0.15
bp_diabetes_only,Indonesia,Female,htn_no_diabetes,2025,2026,2030,99248267.5,27129992.0712277,0.333725873972023,0.00115551277328112,0.00115551277328112,0,31349.052377319,31349.052377319,0,inactive_at_baseline,0.15,0.15
bp_diabetes_only,Indonesia,Male,htn_no_diabetes,2025,2026,2030,98257064.5,21882876.8961732,0.303695243752526,0,0,0,0,0,0,inactive_at_baseline,0.15,0.117995758491803
bp_diabetes_only,Iran (Islamic Republic of),Female,htn_no_diabetes,2025,2026,2030,33018523,4160097.18765544,0.442109208632395,0.231275169366952,0.231275169366952,0,962127.181657991,962127.181657991,0,inactive_at_baseline,0.15,0.15
bp_diabetes_only,Iran (Islamic Republic of),Male,htn_no_diabetes,2025,2026,2030,33793549.5,5461480.38019208,0.312797495003773,0.139309317347294,0.139309317347294,0,760835.103470198,760835.103470198,0,inactive_at_baseline,0.15,0.15
bp_diabetes_only,Iraq,Female,htn_no_diabetes,2025,2026,2030,13199444,3379322.16676228,0.319155115166309,0.104075997554513,0.104075997554513,0,351706.325563861,351706.325563861,0,inactive_at_baseline,0.15,0.15
bp_diabetes_only,Iraq,Male,htn_no_diabetes,2025,2026,2030,12884739,3676608.85658726,0.247420681196176,0.0754592961999465,0.0754592961999465,0,277434.316720565,277434.316720565,0,inactive_at_baseline,0.15,0.15
bp_diabetes_only,Ireland,Female,htn_no_diabetes,2025,2026,2030,2065887,413093.187663318,0.344817119042794,0.223948735114901,0.223948735114901,0,92511.6968617825,92511.6968617825,0,inactive_at_baseline,0.15,0.15
bp_diabetes_only,Ireland,Male,htn_no_diabetes,2025,2026,2030,1983779.5,544921.403823617,0.309904223055538,0.164814334843663,0.164814334843663,0,89810.8587132646,89810.8587132646,0,inactive_at_baseline,0.15,0.15
bp_diabetes_only,Israel,Female,htn_no_diabetes,2025,2026,2030,3215370,555611.069128115,0.368276963557944,0.25521534904879,0.25521534904879,0,141800.472942904,141800.472942904,0,inactive_at_baseline,0.15,0.15
bp_diabetes_only,Israel,Male,htn_no_diabetes,2025,2026,2030,3096917.5,670718.180409091,0.309527611242818,0.194073532484281,0.194073532484281,0,130168.646573422,130168.646573422,0,inactive_at_baseline,0.15,0.15
bp_diabetes_only,Italy,Female,htn_no_diabetes,2025,2026,2030,25747141.5,7034280.1798175,0.354538738001506,0.275490236585091,0.275490236585091,0,1937875.51094374,1937875.51094374,0,inactive_at_baseline,0.15,0.15
bp_diabetes_only,Italy,Male,htn_no_diabetes,2025,2026,2030,24194124.5,7890736.17482657,0.298263990507482,0.200834343649373,0.200834343649373,0,1584730.82058166,1584730.82058166,0,inactive_at_baseline,0.15,0.15
bp_diabetes_only,Ivory Coast,Female,htn_no_diabetes,2025,2026,2030,8116524.5,1682354.5961169,0.25823797450917,0.0713421202239025,0.0713421202239025,0,120022.743855407,120022.743855407,0,inactive_at_baseline,0.15,0.15
bp_diabetes_only,Ivory Coast,Male,htn_no_diabetes,2025,2026,2030,8460925,1864034.27964909,0.214421711773133,0.0320867093497102,0.0320867093497102,0,59810.7261489968,59810.7261489968,0,inactive_at_baseline,0.15,0.15
bp_diabetes_only,Jamaica,Female,htn_no_diabetes,2025,2026,2030,1095492,313262.936236439,0.343807619214443,0.183932105050295,0.183932105050295,0,57619.1112962045,57619.1112962045,0,inactive_at_baseline,0.15,0.15
bp_diabetes_only,Jamaica,Male,htn_no_diabetes,2025,2026,2030,1051201,296523.501112197,0.287374948704212,0.0970236221177762,0.0970236221177762,0,28769.7841209498,28769.7841209498,0,inactive_at_baseline,0.15,0.15
bp_diabetes_only,Japan,Female,htn_no_diabetes,2025,2026,2030,54153209.5,12085307.0566719,0.387670996120826,0.244953962281618,0.244953962281618,0,2960343.84892178,2960343.84892178,0,inactive_at_baseline,0.15,0.15
bp_diabetes_only,Japan,Male,htn_no_diabetes,2025,2026,2030,50614221,16995238.3878625,0.308228695846672,0.194692566731517,0.194692566731517,0,3308846.58394696,3308846.58394696,0,inactive_at_baseline,0.15,0.15
bp_diabetes_only,Jordan,Female,htn_no_diabetes,2025,2026,2030,3409904,568816.208564051,0.376210575892645,0.303039977735398,0.303039977735398,0,172374.051178784,172374.051178784,0,inactive_at_baseline,0.15,0.15
bp_diabetes_only,Jordan,Male,htn_no_diabetes,2025,2026,2030,3686978.5,860586.764129497,0.282360005740886,0.244311722964503,0.244311722964503,0,210251.435104924,210251.435104924,0,inactive_at_baseline,0.15,0.15
bp_diabetes_only,Kazakhstan,Female,htn_no_diabetes,2025,2026,2030,7041423,1908844.64601722,0.347461068491617,0.29243460138847,0.29243460138847,0,558212.223170559,558212.223170559,0,inactive_at_baseline,0.15,0.15
bp_diabetes_only,Kazakhstan,Male,htn_no_diabetes,2025,2026,2030,6344958.5,1701092.42265303,0.267866866421074,0.213823586820636,0.213823586820636,0,363733.683325076,363733.683325076,0,inactive_at_baseline,0.15,0.15
bp_diabetes_only,Kenya,Female,htn_no_diabetes,2025,2026,2030,15894936,3052427.91308587,0.242896422343497,0.0405749067221498,0.0405749067221498,0,123851.977849545,123851.977849545,0,inactive_at_baseline,0.15,0.15
bp_diabetes_only,Kenya,Male,htn_no_diabetes,2025,2026,2030,15394425,3157381.05190246,0.191313138708501,0.015986206458864,0.015986206458864,0,50474.5453650181,50474.5453650181,0,inactive_at_baseline,0.15,0.15
bp_diabetes_only,Kiribati,Female,htn_no_diabetes,2025,2026,2030,41714,8990.38870466017,0.445223021192829,0.0100492841591966,0.0100492841591966,0,90.3469707947615,90.3469707947615,0,inactive_at_baseline,0.15,0.15
bp_diabetes_only,Kiribati,Male,htn_no_diabetes,2025,2026,2030,37216,7066.15678830962,0.463903929127528,0,0,0,0,0,0,inactive_at_baseline,0.15,0.113459033988326
bp_diabetes_only,Kuwait,Female,htn_no_diabetes,2025,2026,2030,1399821.5,251637.468250639,0.316641901304126,0.338828478055826,0.338828478055826,0,85261.9403891854,85261.9403891854,0,inactive_at_baseline,0.15,0.15
bp_diabetes_only,Kuwait,Male,htn_no_diabetes,2025,2026,2030,2487099,703017.849451374,0.227172203625408,0.237651997939601,0.237651997939601,0,167073.596509321,167073.596509321,0,inactive_at_baseline,0.15,0.15
bp_diabetes_only,Kyrgyzstan,Female,htn_no_diabetes,2025,2026,2030,2301109,606011.594792715,0.29261628264471,0.0695770950518486,0.0695770950518486,0,42164.5263334151,42164.5263334151,0,inactive_at_baseline,0.15,0.15
bp_diabetes_only,Kyrgyzstan,Male,htn_no_diabetes,2025,2026,2030,2139278,507757.761144298,0.244281415069817,0.0504797942277135,0.0504797942277135,0,25631.5073000887,25631.5073000887,0,inactive_at_baseline,0.15,0.15
bp_diabetes_only,Lao People's Democratic Republic,Female,htn_no_diabetes,2025,2026,2030,2473129,439328.54853177,0.306101553656261,0.108660102594601,0.108660102594601,0,47737.4851561992,47737.4851561992,0,inactive_at_baseline,0.15,0.15
bp_diabetes_only,Lao People's Democratic Republic,Male,htn_no_diabetes,2025,2026,2030,2454795,341326.764460602,0.284060258066315,0.0857855499812478,0.0857855499812478,0,29280.9042125726,29280.9042125726,0,inactive_at_baseline,0.15,0.15
bp_diabetes_only,Latvia,Female,htn_no_diabetes,2025,2026,2030,816735,220190.400950877,0.455255373184327,0.131065747473401,0.131065747473401,0,28859.4194870946,28859.4194870946,0,inactive_at_baseline,0.15,0.15
bp_diabetes_only,Latvia,Male,htn_no_diabetes,2025,2026,2030,671929,228381.279099766,0.329320067890574,0.098192425587868,0.098192425587868,0,22425.3117536659,22425.3117536659,0,inactive_at_baseline,0.15,0.15
bp_diabetes_only,Lebanon,Female,htn_no_diabetes,2025,2026,2030,2065431.5,391217.424199639,0.429240175896245,0.253970793310936,0.253970793310936,0,99357.7995810433,99357.7995810433,0,inactive_at_baseline,0.15,0.15
bp_diabetes_only,Lebanon,Male,htn_no_diabetes,2025,2026,2030,1856413.5,502438.345297492,0.32035100671235,0.181486243009649,0.181486243009649,0,91185.6476320264,91185.6476320264,0,inactive_at_baseline,0.15,0.15
bp_diabetes_only,Lesotho,Female,htn_no_diabetes,2025,2026,2030,711619,173763.003973085,0.320516494752863,0.160056614767377,0.160056614767377,0,27811.9181877422,27811.9181877422,0,inactive_at_baseline,0.15,0.15
bp_diabetes_only,Lesotho,Male,htn_no_diabetes,2025,2026,2030,647169,111509.860479994,0.279931860843214,0.0970645570247269,0.0970645570247269,0,10823.6552113797,10823.6552113797,0,inactive_at_baseline,0.15,0.15
bp_diabetes_only,Liberia,Female,htn_no_diabetes,2025,2026,2030,1501036.5,355466.19547794,0.272477063623803,0.046844278896267,0.046844278896267,0,16651.5575991636,16651.5575991636,0,inactive_at_baseline,0.15,0.15
bp_diabetes_only,Liberia,Male,htn_no_diabetes,2025,2026,2030,1459337,314527.22003735,0.226379360416357,0.0445479001829116,0.0445479001829116,0,14011.5272030325,14011.5272030325,0,inactive_at_baseline,0.15,0.15
bp_diabetes_only,Libya,Female,htn_no_diabetes,2025,2026,2030,2424836,456223.386938986,0.420058920299141,0.0876132459537929,0.0876132459537929,0,39971.2118097578,39971.2118097578,0,inactive_at_baseline,0.15,0.15
bp_diabetes_only,Libya,Male,htn_no_diabetes,2025,2026,2030,2480000.5,694673.51229934,0.290834564396042,0.0326654334389463,0.0326654334389463,0,22691.8113778131,22691.8113778131,0,inactive_at_baseline,0.15,0.15
bp_diabetes_only,Lithuania,Female,htn_no_diabetes,2025,2026,2030,1238027,365584.52374279,0.416484703158129,0.0960240286801737,0.0960240286801737,0,35104.8987929054,35104.8987929054,0,inactive_at_baseline,0.15,0.15
bp_diabetes_only,Lithuania,Male,htn_no_diabetes,2025,2026,2030,1067852,403271.032963828,0.303550194166519,0.0539353098817959,0.0539353098817959,0,21750.548129256,21750.548129256,0,inactive_at_baseline,0.15,0.15
bp_diabetes_only,Luxembourg,Female,htn_no_diabetes,2025,2026,2030,271462.5,47105.7803646549,0.390355947548064,0.278908294907237,0.278908294907237,0,13138.1928817807,13138.1928817807,0,inactive_at_baseline,0.15,0.15
bp_diabetes_only,Luxembourg,Male,htn_no_diabetes,2025,2026,2030,273239,69174.6381381052,0.333626349230839,0.218021289654506,0.218021289654506,0,15081.5438182535,15081.5438182535,0,inactive_at_baseline,0.15,0.15
bp_diabetes_only,Madagascar,Female,htn_no_diabetes,2025,2026,2030,8628068.5,2056562.25434769,0.227994669475543,0.0364117176855195,0.0364117176855195,0,74882.9642080038,74882.9642080038,0,inactive_at_baseline,0.15,0.15
bp_diabetes_only,Madagascar,Male,htn_no_diabetes,2025,2026,2030,8535210.5,1975174.74043063,0.185641298775803,0.0291226942918068,0.0291226942918068,0,57522.4101384601,57522.4101384601,0,inactive_at_baseline,0.15,0.15
bp_diabetes_only,Malawi,Female,htn_no_diabetes,2025,2026,2030,5840676.5,827055.372104666,0.285718398951329,0.0963384687710956,0.0963384687710956,0,79677.2481374721,79677.2481374721,0,inactive_at_baseline,0.15,0.15
bp_diabetes_only,Malawi,Male,htn_no_diabetes,2025,2026,2030,5323356.5,765917.898872189,0.218586694640194,0.0312186890215597,0.0312186890215597,0,23910.9527009373,23910.9527009373,0,inactive_at_baseline,0.15,0.15
bp_diabetes_only,Malaysia,Female,htn_no_diabetes,2025,2026,2030,12380612,2907359.85710957,0.334886565508153,0.140311575171226,0.140311575171226,0,407936.241140634,407936.241140634,0,inactive_at_baseline,0.15,0.15
bp_diabetes_only,Malaysia,Male,htn_no_diabetes,2025,2026,2030,13718883,3426214.31449877,0.280254620632837,0.154441322493462,0.154441322493462,0,529149.069877219,529149.069877219,0,inactive_at_baseline,0.15,0.15
bp_diabetes_only,Maldives,Female,htn_no_diabetes,2025,2026,2030,142044,27263.2065007896,0.317779216847266,0.10649244659831,0.10649244659831,0,2903.32556238404,2903.32556238404,0,inactive_at_baseline,0.15,0.15
bp_diabetes_only,Maldives,Male,htn_no_diabetes,2025,2026,2030,258169.5,46694.1170535657,0.246056214797691,0.102733185115963,0.102733185115963,0,4797.03537109043,4797.03537109043,0,inactive_at_baseline,0.15,0.15
bp_diabetes_only,Mali,Female,htn_no_diabetes,2025,2026,2030,5621822,1186788.76280562,0.244071263985698,0.127107971972547,0.127107971972547,0,150850.312800031,150850.312800031,0,inactive_at_baseline,0.15,0.15
bp_diabetes_only,Mali,Male,htn_no_diabetes,2025,2026,2030,5693095.5,942288.07994711,0.202040244030959,0.0879988471014101,0.0879988471014101,0,82920.264672747,82920.264672747,0,inactive_at_baseline,0.15,0.15
bp_diabetes_only,Malta,Female,htn_no_diabetes,2025,2026,2030,219267,37984.4843297211,0.457250242967715,0.41141382767603,0.41141382767603,0,15627.3420903907,15627.3420903907,0,inactive_at_baseline,0.15,0.15
bp_diabetes_only,Malta,Male,htn_no_diabetes,2025,2026,2030,236970.5,51068.6667771157,0.400512254400495,0.368436960940189,0.368436960940189,0,18815.5843866277,18815.5843866277,0,inactive_at_baseline,0.15,0.15
bp_diabetes_only,Marshall Islands,Female,htn_no_diabetes,2025,2026,2030,9961,1403.09492111591,0.503490321888102,0.0941783064956826,0.0941783064956826,0,132.14110352339,132.14110352339,0,inactive_at_baseline,0.15,0.15
bp_diabetes_only,Marshall Islands,Male,htn_no_diabetes,2025,2026,2030,10231.5,1607.15246883852,0.426844183829351,0.0585383193197544,0.0585383193197544,0,94.080004416401,94.080004416401,0,inactive_at_baseline,0.15,0.15
bp_diabetes_only,Mauritania,Female,htn_no_diabetes,2025,2026,2030,1359016,297108.355376606,0.278548444293722,0.0894971783162857,0.0894971783162857,0,26590.3594603984,26590.3594603984,0,inactive_at_baseline,0.15,0.15
bp_diabetes_only,Mauritania,Male,htn_no_diabetes,2025,2026,2030,1230444.5,272891.387423749,0.209458292605656,0.0541587004917751,0.0541587004917751,0,14779.4429182678,14779.4429182678,0,inactive_at_baseline,0.15,0.15
bp_diabetes_only,Mauritius,Female,htn_no_diabetes,2025,2026,2030,510568.5,80443.922714601,0.529564103830693,0.307820829805246,0.307820829805246,0,24762.3150427976,24762.3150427976,0,inactive_at_baseline,0.15,0.15
bp_diabetes_only,Mauritius,Male,htn_no_diabetes,2025,2026,2030,509941.5,88993.4867721285,0.482759306112331,0.232271418039206,0.232271418039206,0,20670.6433688156,20670.6433688156,0,inactive_at_baseline,0.15,0.15
bp_diabetes_only,Mexico,Female,htn_no_diabetes,2025,2026,2030,47957189,7815761.41673937,0.421593978731021,0.273318324342355,0.273318324342355,0,2136190.81388283,2136190.81388283,0,inactive_at_baseline,0.15,0.15
bp_diabetes_only,Mexico,Male,htn_no_diabetes,2025,2026,2030,43276512,8070048.87102594,0.365934943389934,0.157061211093659,0.157061211093659,0,1267491.64926835,1267491.64926835,0,inactive_at_baseline,0.15,0.15
bp_diabetes_only,Micronesia (Federated States of),Female,htn_no_diabetes,2025,2026,2030,35235,5157.02549346782,0.49256534035737,0.0780256539477745,0.0780256539477745,0,402.380286553171,402.380286553171,0,inactive_at_baseline,0.15,0.15
bp_diabetes_only,Micronesia (Federated States of),Male,htn_no_diabetes,2025,2026,2030,33241.5,4697.14615205312,0.445139607245069,0.0506956294368456,0.0506956294368456,0,238.12478073519,238.12478073519,0,inactive_at_baseline,0.15,0.15
bp_diabetes_only,Mongolia,Female,htn_no_diabetes,2025,2026,2030,1105387.5,288589.796190486,0.281515696054494,0.285019834496928,0.285019834496928,0,82253.8159477146,82253.8159477146,0,inactive_at_baseline,0.15,0.15
bp_diabetes_only,Mongolia,Male,htn_no_diabetes,2025,2026,2030,1054536,314504.613390677,0.23245226635595,0.152534270378228,0.152534270378228,0,47972.7317341334,47972.7317341334,0,inactive_at_baseline,0.15,0.15
bp_diabetes_only,Montenegro,Female,htn_no_diabetes,2025,2026,2030,257898.5,74258.2012581919,0.388205020621064,0.226572996647215,0.226572996647215,0,16824.9031847006,16824.9031847006,0,inactive_at_baseline,0.15,0.15
bp_diabetes_only,Montenegro,Male,htn_no_diabetes,2025,2026,2030,229208.5,81310.8860781612,0.30011412403235,0.137049285981721,0.137049285981721,0,11143.598879553,11143.598879553,0,inactive_at_baseline,0.15,0.15
bp_diabetes_only,Morocco,Female,htn_no_diabetes,2025,2026,2030,13054904.5,2520747.42673923,0.397838470197435,0.0753516272318718,0.0753516272318718,0,189942.420445354,189942.420445354,0,inactive_at_baseline,0.15,0.15
bp_diabetes_only,Morocco,Male,htn_no_diabetes,2025,2026,2030,13064778,2944788.45480557,0.28236898066235,0.0211916007704574,0.0211916007704574,0,62404.7812876918,62404.7812876918,0,inactive_at_baseline,0.15,0.15
bp_diabetes_only,Mozambique,Female,htn_no_diabetes,2025,2026,2030,8896152,2272006.41604291,0.230198503294698,0.0571609320302738,0.0571609320302738,0,129870.004319775,129870.004319775,0,inactive_at_baseline,0.15,0.15
bp_diabetes_only,Mozambique,Male,htn_no_diabetes,2025,2026,2030,7797436.5,1716266.46030926,0.182020935290685,0.0216876554425559,0.0216876554425559,0,37221.7956388023,37221.7956388023,0,inactive_at_baseline,0.15,0.15
bp_diabetes_only,Myanmar,Female,htn_no_diabetes,2025,2026,2030,19418948,4679531.1935253,0.341659655670073,0.114874230849723,0.114874230849723,0,537557.546593506,537557.546593506,0,inactive_at_baseline,0.15,0.15
bp_diabetes_only,Myanmar,Male,htn_no_diabetes,2025,2026,2030,18725651.5,4199914.19163234,0.284234399865979,0.0858382206049292,0.0858382206049292,0,360513.16090311,360513.16090311,0,inactive_at_baseline,0.15,0.15
bp_diabetes_only,Namibia,Female,htn_no_diabetes,2025,2026,2030,894811.5,245330.979355079,0.27134521959292,0.204094294133036,0.204094294133036,0,50070.6530604412,50070.6530604412,0,inactive_at_baseline,0.15,0.15
bp_diabetes_only,Namibia,Male,htn_no_diabetes,2025,2026,2030,827884.5,222108.280507904,0.233305228989732,0.141987894228428,0.141987894228428,0,31536.6870400144,31536.6870400144,0,inactive_at_baseline,0.15,0.15
bp_diabetes_only,Nepal,Female,htn_no_diabetes,2025,2026,2030,10301668,2273804.50216928,0.235476090105348,0.0494132460134734,0.0494132460134734,0,112356.061252234,112356.061252234,0,inactive_at_baseline,0.15,0.15
bp_diabetes_only,Nepal,Male,htn_no_diabetes,2025,2026,2030,8691972.5,2515431.28364962,0.19943442028634,0.0290393979861246,0.0290393979861246,0,73046.6101526497,73046.6101526497,0,inactive_at_baseline,0.15,0.15
bp_diabetes_only,Netherlands,Female,htn_no_diabetes,2025,2026,2030,7502166.5,1506455.73415781,0.386264314108795,0.206630251154147,0.206630251154147,0,311279.326701633,311279.326701633,0,inactive_at_baseline,0.15,0.15
bp_diabetes_only,Netherlands,Male,htn_no_diabetes,2025,2026,2030,7304633,1963217.66453487,0.347756513608739,0.153213806352788,0.153213806352788,0,300792.051082418,300792.051082418,0,inactive_at_baseline,0.15,0.15
bp_diabetes_only,New Zealand,Female,htn_no_diabetes,2025,2026,2030,2052205,448254.03356785,0.322767906529278,0.25403678918314,0.25403678918314,0,113873.015425968,113873.015425968,0,inactive_at_baseline,0.15,0.15
bp_diabetes_only,New Zealand,Male,htn_no_diabetes,2025,2026,2030,1988544.5,545620.265405863,0.239367976593581,0.213320676823035,0.213320676823035,0,116392.084304743,116392.084304743,0,inactive_at_baseline,0.15,0.15
bp_diabetes_only,Nicaragua,Female,htn_no_diabetes,2025,2026,2030,2322963,492437.456988806,0.301194650733699,0.372457365062107,0.372457365062107,0,183411.957687935,183411.957687935,0,inactive_at_baseline,0.15,0.15
bp_diabetes_only,Nicaragua,Male,htn_no_diabetes,2025,2026,2030,2173558.5,446499.807609542,0.26269182575696,0.218805785066636,0.218805785066636,0,97696.7409361078,97696.7409361078,0,inactive_at_baseline,0.15,0.15
bp_diabetes_only,Niger,Female,htn_no_diabetes,2025,2026,2030,6123544.5,1545698.04111668,0.229668588151707,0.0452710492272363,0.0452710492272363,0,69975.3721098361,69975.3721098361,0,inactive_at_baseline,0.15,0.15
bp_diabetes_only,Niger,Male,htn_no_diabetes,2025,2026,2030,6297322.5,1655157.36318239,0.183116961177767,0.0126051050430706,0.0126051050430706,0,20863.4324257258,20863.4324257258,0,inactive_at_baseline,0.15,0.15
bp_diabetes_only,Nigeria,Female,htn_no_diabetes,2025,2026,2030,59237693.5,13032889.2227279,0.245824009146945,0.0712667490096473,0.0712667490096473,0,928811.645106683,928811.645106683,0,inactive_at_baseline,0.15,0.15
bp_diabetes_only,Nigeria,Male,htn_no_diabetes,2025,2026,2030,60254455,12046947.1749413,0.188100379780023,0.0861900081690945,0.0861900081690945,0,1038326.47542084,1038326.47542084,0,inactive_at_baseline,0.15,0.15
bp_diabetes_only,North Macedonia,Female,htn_no_diabetes,2025,2026,2030,743658.5,215789.319404566,0.378993254217173,0.224385519685091,0.224385519685091,0,48419.9985770858,48419.9985770858,0,inactive_at_baseline,0.15,0.15
bp_diabetes_only,North Macedonia,Male,htn_no_diabetes,2025,2026,2030,686092.5,241969.347160105,0.311356298040161,0.136391391868193,0.136391391868193,0,33002.5360486047,33002.5360486047,0,inactive_at_baseline,0.15,0.15
bp_diabetes_only,Norway,Female,htn_no_diabetes,2025,2026,2030,2219621.5,452946.284790481,0.357206023429605,0.233286423286196,0.233286423286196,0,105666.218719542,105666.218719542,0,inactive_at_baseline,0.15,0.15
bp_diabetes_only,Norway,Male,htn_no_diabetes,2025,2026,2030,2233943.5,590013.300766088,0.321193939157066,0.240222237942314,0.240222237942314,0,141734.315525761,141734.315525761,0,inactive_at_baseline,0.15,0.15
bp_diabetes_only,Oman,Female,htn_no_diabetes,2025,2026,2030,1282955,234710.560325664,0.333635021076256,0.14911446010094,0.14911446010094,0,34998.7384829504,34998.7384829504,0,inactive_at_baseline,0.15,0.15
bp_diabetes_only,Oman,Male,htn_no_diabetes,2025,2026,2030,2614687.5,795644.788847642,0.20350177676119,0.0825448620815665,0.0825448620815665,0,65676.3893613457,65676.3893613457,0,inactive_at_baseline,0.15,0.15
bp_diabetes_only,Pakistan,Female,htn_no_diabetes,2025,2026,2030,69794301,19648010.3888061,0.262179445414686,0.101770431424987,0.101770431424987,0,1999586.49391142,1999586.49391142,0,inactive_at_baseline,0.15,0.15
bp_diabetes_only,Pakistan,Male,htn_no_diabetes,2025,2026,2030,70647171,20923137.716937,0.20758396245162,0.0524381924633862,0.0524381924633862,0,1097171.52253868,1097171.52253868,0,inactive_at_baseline,0.15,0.15
bp_diabetes_only,Panama,Female,htn_no_diabetes,2025,2026,2030,1594428,354691.174063325,0.329011757760125,0.308200821538107,0.308200821538107,0,109316.111238632,109316.111238632,0,inactive_at_baseline,0.15,0.15
bp_diabetes_only,Panama,Male,htn_no_diabetes,2025,2026,2030,1559269.5,387817.123799067,0.271584849954231,0.173250516730644,0.173250516730644,0,67189.5170951805,67189.5170951805,0,inactive_at_baseline,0.15,0.15
bp_diabetes_only,Papua New Guinea,Female,htn_no_diabetes,2025,2026,2030,3108214,442804.653028453,0.387741503301747,0.055159361296208,0.055159361296208,0,24424.8218400384,24424.8218400384,0,inactive_at_baseline,0.15,0.15
bp_diabetes_only,Papua New Guinea,Male,htn_no_diabetes,2025,2026,2030,3233710.5,430080.423620856,0.342513109886119,0.0346512513967467,0.0346512513967467,0,14902.8248797056,14902.8248797056,0,inactive_at_baseline,0.15,0.15
bp_diabetes_only,Paraguay,Female,htn_no_diabetes,2025,2026,2030,2292318,736451.79557675,0.273570538151416,0.138398260210573,0.138398260210573,0,101923.647236774,101923.647236774,0,inactive_at_baseline,0.15,0.15
bp_diabetes_only,Paraguay,Male,htn_no_diabetes,2025,2026,2030,2254791.5,989363.431457171,0.214655910496796,0.0520384567112499,0.0520384567112499,0,51484.9460995776,51484.9460995776,0,inactive_at_baseline,0.15,0.15
bp_diabetes_only,Peru,Female,htn_no_diabetes,2025,2026,2030,12239247,1465520.08482726,0.292172617623618,0.266954438656076,0.266954438656076,0,391227.091584266,391227.091584266,0,inactive_at_baseline,0.15,0.15
bp_diabetes_only,Peru,Male,htn_no_diabetes,2025,2026,2030,11865319,1927801.71008354,0.224876754931192,0.107154997194444,0.107154997194444,0,206573.586835446,206573.586835446,0,inactive_at_baseline,0.15,0.15
bp_diabetes_only,Philippines,Female,htn_no_diabetes,2025,2026,2030,38493517.5,6842588.64926682,0.34672138774085,0.156176948053522,0.156176948053522,0,1068654.61202816,1068654.61202816,0,inactive_at_baseline,0.15,0.15
bp_diabetes_only,Philippines,Male,htn_no_diabetes,2025,2026,2030,37386490,8121749.77336818,0.264131283017936,0.0948485717785315,0.0948485717785315,0,770336.366346584,770336.366346584,0,inactive_at_baseline,0.15,0.15
bp_diabetes_only,Poland,Female,htn_no_diabetes,2025,2026,2030,16173722.5,5318961.35367983,0.345383075651939,0.32241186237092,0.32241186237092,0,1714896.23591887,1714896.23591887,0,inactive_at_baseline,0.15,0.15
bp_diabetes_only,Poland,Male,htn_no_diabetes,2025,2026,2030,14780781,6147862.68287833,0.269096370940597,0.243026783197947,0.243026783197947,0,1494095.29136262,1494095.29136262,0,inactive_at_baseline,0.15,0.15
bp_diabetes_only,Portugal,Female,htn_no_diabetes,2025,2026,2030,4606381,1057216.53175016,0.433689451714741,0.454829284627558,0.454829284627558,0,480853.038832354,480853.038832354,0,inactive_at_baseline,0.15,0.15
bp_diabetes_only,Portugal,Male,htn_no_diabetes,2025,2026,2030,4073228.5,1100643.67678928,0.384251126165352,0.325908346523538,0.325908346523538,0,358708.960813982,358708.960813982,0,inactive_at_baseline,0.15,0.15
bp_diabetes_only,Qatar,Female,htn_no_diabetes,2025,2026,2030,624605,95344.2050292199,0.345482643211606,0.273637556032157,0.273637556032157,0,26089.7552460246,26089.7552460246,0,inactive_at_baseline,0.15,0.15
bp_diabetes_only,Qatar,Male,htn_no_diabetes,2025,2026,2030,1924349,454967.227285405,0.224604101587566,0.178355055860808,0.178355055860808,0,81145.7052373253,81145.7052373253,0,inactive_at_baseline,0.15,0.15
bp_diabetes_only,Republic of Korea,Female,htn_no_diabetes,2025,2026,2030,22426609.5,4239730.57206539,0.369705426317884,0.51711272241747,0.51711272241747,0,2192418.61843731,2192418.61843731,0,inactive_at_baseline,0.15,0.15
bp_diabetes_only,Republic of Korea,Male,htn_no_diabetes,2025,2026,2030,22118759.5,5380675.84149969,0.31159103336558,0.451413995851493,0.451413995851493,0,2428912.38199297,2428912.38199297,0,inactive_at_baseline,0.15,0.15
bp_diabetes_only,Republic of Moldova,Female,htn_no_diabetes,2025,2026,2030,1255864.5,396729.592628647,0.390075896561165,0.0327858669324345,0.0327858669324345,0,13007.1236320818,13007.1236320818,0,inactive_at_baseline,0.15,0.15
bp_diabetes_only,Republic of Moldova,Male,htn_no_diabetes,2025,2026,2030,1000795,346916.835170853,0.293223710319472,0.0301934432418669,0.0301934432418669,0,10474.6137723792,10474.6137723792,0,inactive_at_baseline,0.15,0.15
bp_diabetes_only,Romania,Female,htn_no_diabetes,2025,2026,2030,7886118.5,2754029.03390879,0.322036073555643,0.317242678832211,0.317242678832211,0,873695.548298909,873695.548298909,0,inactive_at_baseline,0.15,0.15
bp_diabetes_only,Romania,Male,htn_no_diabetes,2025,2026,2030,7204556.5,2993373.18604772,0.239308171612539,0.196557459763158,0.196557459763158,0,588369.829572692,588369.829572692,0,inactive_at_baseline,0.15,0.15
bp_diabetes_only,Russian Federation,Female,htn_no_diabetes,2025,2026,2030,62051986,16799401.9368423,0.430391328434868,0.149040418992928,0.149040418992928,0,2503789.90349758,2503789.90349758,0,inactive_at_baseline,0.15,0.15
bp_diabetes_only,Russian Federation,Male,htn_no_diabetes,2025,2026,2030,50778735,16740992.5422341,0.299108165368558,0.0961899722420183,0.0961899722420183,0,1610315.60794133,1610315.60794133,0,inactive_at_baseline,0.15,0.15
bp_diabetes_only,Rwanda,Female,htn_no_diabetes,2025,2026,2030,4138857.5,739515.039038856,0.248453062251425,0.0210425779938471,0.0210425779938471,0,15561.302886598,15561.302886598,0,inactive_at_baseline,0.15,0.15
bp_diabetes_only,Rwanda,Male,htn_no_diabetes,2025,2026,2030,3762650,706640.148555145,0.181256705849676,0.0318067334416219,0.0318067334416219,0,22475.9148442416,22475.9148442416,0,inactive_at_baseline,0.15,0.15
bp_diabetes_only,Saint Lucia,Female,htn_no_diabetes,2025,2026,2030,71212,17721.8396066366,0.356429184247594,0.256085949219475,0.256085949219475,0,4538.31411758081,4538.31411758081,0,inactive_at_baseline,0.15,0.15
bp_diabetes_only,Saint Lucia,Male,htn_no_diabetes,2025,2026,2030,68083.5,17587.8541551673,0.285155964215153,0.0777557756087271,0.0777557756087271,0,1367.55724112821,1367.55724112821,0,inactive_at_baseline,0.15,0.15
bp_diabetes_only,Saint Vincent and the Grenadines,Female,htn_no_diabetes,2025,2026,2030,35855,8939.08981784533,0.406156750970933,0.193391056721316,0.193391056721316,0,1728.74002599987,1728.74002599987,0,inactive_at_baseline,0.15,0.15
bp_diabetes_only,Saint Vincent and the Grenadines,Male,htn_no_diabetes,2025,2026,2030,37098.5,8641.10285347036,0.370073700440224,0.0974932904964474,0.0974932904964474,0,842.449550703066,842.449550703066,0,inactive_at_baseline,0.15,0.15
bp_diabetes_only,Samoa,Female,htn_no_diabetes,2025,2026,2030,58425,11459.4489208543,0.417381643427851,0.0372235377051629,0.0372235377051629,0,426.56122898581,426.56122898581,0,inactive_at_baseline,0.15,0.15
bp_diabetes_only,Samoa,Male,htn_no_diabetes,2025,2026,2030,56902.5,12472.1829750416,0.370087767467223,0.0435973389771457,0.0435973389771457,0,543.753988947873,543.753988947873,0,inactive_at_baseline,0.15,0.15
bp_diabetes_only,Sao Tome and Principe,Female,htn_no_diabetes,2025,2026,2030,65055,18508.4480389091,0.271403185310548,0.0735451523860548,0.0735451523860548,0,1361.20663145095,1361.20663145095,0,inactive_at_baseline,0.15,0.15
bp_diabetes_only,Sao Tome and Principe,Male,htn_no_diabetes,2025,2026,2030,62914.5,17001.487593838,0.214777720924124,0.0371489662206919,0.0371489662206919,0,631.587688325,631.587688325,0,inactive_at_baseline,0.15,0.15
bp_diabetes_only,Saudi Arabia,Female,htn_no_diabetes,2025,2026,2030,8701835.5,1134069.65593154,0.34300597852858,0.204597447426646,0.204597447426646,0,232027.756807608,232027.756807608,0,inactive_at_baseline,0.15,0.15
bp_diabetes_only,Saudi Arabia,Male,htn_no_diabetes,2025,2026,2030,15708054.5,3190891.5685649,0.24975859990783,0.152052464089981,0.152052464089981,0,485182.925644236,485182.925644236,0,inactive_at_baseline,0.15,0.15
bp_diabetes_only,Senegal,Female,htn_no_diabetes,2025,2026,2030,5053659.5,1204118.37305363,0.272735667684677,0.0696865104936065,0.0696865104936065,0,83910.8076393464,83910.8076393464,0,inactive_at_baseline,0.15,0.15
bp_diabetes_only,Senegal,Male,htn_no_diabetes,2025,2026,2030,5040091,1145713.81006671,0.224024730681033,0.0381128518974928,0.0381128518974928,0,43666.4207599848,43666.4207599848,0,inactive_at_baseline,0.15,0.15
bp_diabetes_only,Serbia,Female,htn_no_diabetes,2025,2026,2030,2915084,879668.785418285,0.418371021039005,0.250508942148227,0.250508942148227,0,220364.896875951,220364.896875951,0,inactive_at_baseline,0.15,0.15
bp_diabetes_only,Serbia,Male,htn_no_diabetes,2025,2026,2030,2554939,925486.081879669,0.32088502084987,0.146368338316376,0.146368338316376,0,135461.85993966,135461.85993966,0,inactive_at_baseline,0.15,0.15
bp_diabetes_only,Seychelles,Female,htn_no_diabetes,2025,2026,2030,43593,10798.0425319296,0.381252173314952,0.300758389953701,0.300758389953701,0,3247.60188655472,3247.60188655472,0,inactive_at_baseline,0.15,0.15
bp_diabetes_only,Seychelles,Male,htn_no_diabetes,2025,2026,2030,56344.5,16414.7845642047,0.298746206866865,0.140479772408834,0.140479772408834,0,2305.94519971951,2305.94519971951,0,inactive_at_baseline,0.15,0.15
bp_diabetes_only,Sierra Leone,Female,htn_no_diabetes,2025,2026,2030,2385993.5,610460.37990903,0.255479541559211,0.0663181474397014,0.0663181474397014,0,40484.6014809031,40484.6014809031,0,inactive_at_baseline,0.15,0.15
bp_diabetes_only,Sierra Leone,Male,htn_no_diabetes,2025,2026,2030,2334667.5,566097.577275063,0.193602656141489,0.0327601459854579,0.0327601459854579,0,18545.4392735451,18545.4392735451,0,inactive_at_baseline,0.15,0.15
bp_diabetes_only,Singapore,Female,htn_no_diabetes,2025,2026,2030,2395676,418819.637381849,0.371503254726392,0.33944829443916,0.33944829443916,0,142167.611586896,142167.611586896,0,inactive_at_baseline,0.15,0.15
bp_diabetes_only,Singapore,Male,htn_no_diabetes,2025,2026,2030,2562175.5,580320.585009491,0.297868720081017,0.317607399398066,0.317607399398066,0,184314.111822029,184314.111822029,0,inactive_at_baseline,0.15,0.15
bp_diabetes_only,Slovakia,Female,htn_no_diabetes,2025,2026,2030,2275438,669385.884072523,0.349446185070638,0.353510325238567,0.353510325238567,0,236634.821588584,236634.821588584,0,inactive_at_baseline,0.15,0.15
bp_diabetes_only,Slovakia,Male,htn_no_diabetes,2025,2026,2030,2117869,773077.836629128,0.263143720936775,0.26075268042934,0.26075268042934,0,201582.11808156,201582.11808156,0,inactive_at_baseline,0.15,0.15
bp_diabetes_only,Slovenia,Female,htn_no_diabetes,2025,2026,2030,859407,276780.307683539,0.356416472902356,0.230533388214262,0.230533388214262,0,63807.1021212721,63807.1021212721,0,inactive_at_baseline,0.15,0.15
bp_diabetes_only,Slovenia,Male,htn_no_diabetes,2025,2026,2030,861169,334372.339610544,0.274331534142191,0.141725039807303,0.141725039807303,0,47388.9331417654,47388.9331417654,0,inactive_at_baseline,0.15,0.15
bp_diabetes_only,Solomon Islands,Female,htn_no_diabetes,2025,2026,2030,228074,33144.5778768224,0.424299705928496,0.0104509944774776,0.0104509944774776,0,346.393800348998,346.393800348998,0,inactive_at_baseline,0.15,0.15
bp_diabetes_only,Solomon Islands,Male,htn_no_diabetes,2025,2026,2030,234705.5,28332.4433146219,0.367283863757135,0,0,0,0,0,0,inactive_at_baseline,0.15,0.14263190239399
bp_diabetes_only,Somalia,Female,htn_no_diabetes,2025,2026,2030,4470604,968659.05471908,0.241471197041762,0.0653858969398927,0.0653858969398927,0,63336.6411217556,63336.6411217556,0,inactive_at_baseline,0.15,0.15
bp_diabetes_only,Somalia,Male,htn_no_diabetes,2025,2026,2030,4350733.5,921748.656156317,0.191475914198618,0.0596308914660705,0.0596308914660705,0,54964.6940742537,54964.6940742537,0,inactive_at_baseline,0.15,0.15
bp_diabetes_only,South Africa,Female,htn_no_diabetes,2025,2026,2030,22788012.5,5812086.74408878,0.341997697297961,0.247884084107648,0.247884084107648,0,1440723.79931265,1440723.79931265,0,inactive_at_baseline,0.15,0.15
bp_diabetes_only,South Africa,Male,htn_no_diabetes,2025,2026,2030,20943438,5749408.77838433,0.274838236095065,0.123153840537442,0.123153840537442,0,708061.771877714,708061.771877714,0,inactive_at_baseline,0.15,0.15
bp_diabetes_only,South Sudan,Female,htn_no_diabetes,2025,2026,2030,3278193.5,667005.650200747,0.284661785851502,0.0891165568581657,0.0891165568581657,0,59441.2469508327,59441.2469508327,0,inactive_at_baseline,0.15,0.15
bp_diabetes_only,South Sudan,Male,htn_no_diabetes,2025,2026,2030,3017458,629719.19552298,0.197279025071392,0.0631566355115362,0.0631566355115362,0,39770.9457062626,39770.9457062626,0,inactive_at_baseline,0.15,0.15
bp_diabetes_only,Spain,Female,htn_no_diabetes,2025,2026,2030,20446366.5,4154328.99458213,0.355179126396273,0.291921221859733,0.291921221859733,0,1212736.79610573,1212736.79610573,0,inactive_at_baseline,0.15,0.15
bp_diabetes_only,Spain,Male,htn_no_diabetes,2025,2026,2030,19337635.5,5395414.7582562,0.288945765414306,0.251769784876729,0.251769784876729,0,1358402.41300689,1358402.41300689,0,inactive_at_baseline,0.15,0.15
bp_diabetes_only,Sri Lanka,Female,htn_no_diabetes,2025,2026,2030,8807415.5,1940894.30369185,0.403182545366129,0.115304289826224,0.115304289826224,0,223793.439314952,223793.439314952,0,inactive_at_baseline,0.15,0.15
bp_diabetes_only,Sri Lanka,Male,htn_no_diabetes,2025,2026,2030,7935572.5,1733577.18710282,0.340734110316281,0.0785275516473409,0.0785275516473409,0,136133.572094869,136133.572094869,0,inactive_at_baseline,0.15,0.15
bp_diabetes_only,Sudan,Female,htn_no_diabetes,2025,2026,2030,13583720,3628890.33402657,0.246149318468432,0.059834860706194,0.059834860706194,0,217134.147654534,217134.147654534,0,inactive_at_baseline,0.15,0.15
bp_diabetes_only,Sudan,Male,htn_no_diabetes,2025,2026,2030,12819208,3296727.26279053,0.190670970782476,0.035431919418285,0.035431919418285,0,116809.374719257,116809.374719257,0,inactive_at_baseline,0.15,0.15
bp_diabetes_only,Suriname,Female,htn_no_diabetes,2025,2026,2030,219111,57560.0495063197,0.339029613763467,0.188453547936338,0.188453547936338,0,10847.3955488572,10847.3955488572,0,inactive_at_baseline,0.15,0.15
bp_diabetes_only,Suriname,Male,htn_no_diabetes,2025,2026,2030,214766.5,56648.4607478816,0.304872115663374,0.135676751654258,0.135676751654258,0,7685.87914048631,7685.87914048631,0,inactive_at_baseline,0.15,0.15
bp_diabetes_only,Sweden,Female,htn_no_diabetes,2025,2026,2030,4175905,845301.88572316,0.382115805819252,0.134852108868395,0.134852108868395,0,113990.741920199,113990.741920199,0,inactive_at_baseline,0.15,0.15
bp_diabetes_only,Sweden,Male,htn_no_diabetes,2025,2026,2030,4190666,1066742.67903172,0.361102498203853,0.150536244696627,0.150536244696627,0,160583.436959054,160583.436959054,0,inactive_at_baseline,0.15,0.15
bp_diabetes_only,Switzerland,Female,htn_no_diabetes,2025,2026,2030,3688081,566587.367369522,0.383527517125472,0.336752980222715,0.336752980222715,0,190799.984518229,190799.984518229,0,inactive_at_baseline,0.15,0.15
bp_diabetes_only,Switzerland,Male,htn_no_diabetes,2025,2026,2030,3588272,757278.205700297,0.351857263970383,0.299054757586823,0.299054757586823,0,226467.650231487,226467.650231487,0,inactive_at_baseline,0.15,0.15
bp_diabetes_only,Syrian Arab Republic,Female,htn_no_diabetes,2025,2026,2030,8069505.5,1631515.30156594,0.320993215492518,0.196998128113878,0.196998128113878,0,321405.46039764,321405.46039764,0,inactive_at_baseline,0.15,0.15
bp_diabetes_only,Syrian Arab Republic,Male,htn_no_diabetes,2025,2026,2030,7875258.5,2007578.6334814,0.229186084508026,0.131180559564571,0.131180559564571,0,263355.288509968,263355.288509968,0,inactive_at_baseline,0.15,0.15
bp_diabetes_only,Tajikistan,Female,htn_no_diabetes,2025,2026,2030,3167650.5,713441.382703269,0.314158236598512,0.0511509771738909,0.0511509771738909,0,36493.223881564,36493.223881564,0,inactive_at_baseline,0.15,0.15
bp_diabetes_only,Tajikistan,Male,htn_no_diabetes,2025,2026,2030,2938682.5,923464.86149885,0.256311984585067,0.014129950909337,0.014129950909337,0,13048.5131594764,13048.5131594764,0,inactive_at_baseline,0.15,0.15
bp_diabetes_only,Tanzania,Female,htn_no_diabetes,2025,2026,2030,17724197,3664281.79490764,0.228976418407545,0.0456562671773516,0.0456562671773516,0,167297.428641409,167297.428641409,0,inactive_at_baseline,0.15,0.15
bp_diabetes_only,Tanzania,Male,htn_no_diabetes,2025,2026,2030,16793901.5,3213597.26290192,0.17615636315443,0.033705031810134,0.033705031810134,0,108314.397971069,108314.397971069,0,inactive_at_baseline,0.15,0.15
bp_diabetes_only,Thailand,Female,htn_no_diabetes,2025,2026,2030,30139128.5,6223291.0275599,0.359212960743709,0.244569400110307,0.244569400110307,0,1522026.55332218,1522026.55332218,0,inactive_at_baseline,0.15,0.15
bp_diabetes_only,Thailand,Male,htn_no_diabetes,2025,2026,2030,27794681.5,5848524.58714874,0.294249039814907,0.175888502442416,0.175888502442416,0,1028688.23113124,1028688.23113124,0,inactive_at_baseline,0.15,0.15
bp_diabetes_only,Timor-Leste,Female,htn_no_diabetes,2025,2026,2030,411810,95049.2273660097,0.26495111080196,0.065626338722539,0.065626338722539,0,6237.73279043738,6237.73279043738,0,inactive_at_baseline,0.15,0.15
bp_diabetes_only,Timor-Leste,Male,htn_no_diabetes,2025,2026,2030,413587,89230.2578425418,0.243726977775872,0.0828425912906692,0.0828425912906692,0,7392.06578121072,7392.06578121072,0,inactive_at_baseline,0.15,0.15
bp_diabetes_only,Togo,Female,htn_no_diabetes,2025,2026,2030,2521841,548481.652025092,0.254204193872075,0.0918566363247387,0.0918566363247387,0,50381.6796408607,50381.6796408607,0,inactive_at_baseline,0.15,0.15
bp_diabetes_only,Togo,Male,htn_no_diabetes,2025,2026,2030,2542448,561465.874141675,0.204206971696529,0.0217334059100803,0.0217334059100803,0,12202.5657473791,12202.5657473791,0,inactive_at_baseline,0.15,0.15
bp_diabetes_only,Tonga,Female,htn_no_diabetes,2025,2026,2030,32313.5,7135.52537179966,0.463841232129796,0.0461798198169756,0.0461798198169756,0,329.517275969166,329.517275969166,0,inactive_at_baseline,0.15,0.15
bp_diabetes_only,Tonga,Male,htn_no_diabetes,2025,2026,2030,25702,5510.72270196276,0.412557253901722,0.00605455230615962,0.00605455230615962,0,33.3649588437748,33.3649588437748,0,inactive_at_baseline,0.15,0.15
bp_diabetes_only,Trinidad and Tobago,Female,htn_no_diabetes,2025,2026,2030,597491.5,153923.500120788,0.391941177612257,0.185972018583834,0.185972018583834,0,28625.464024952,28625.464024952,0,inactive_at_baseline,0.15,0.15
bp_diabetes_only,Trinidad and Tobago,Male,htn_no_diabetes,2025,2026,2030,573181,153883.330294549,0.364293832291484,0.118506254475395,0.118506254475395,0,18236.1370994071,18236.1370994071,0,inactive_at_baseline,0.15,0.15
bp_diabetes_only,Tunisia,Female,htn_no_diabetes,2025,2026,2030,4473072.5,912876.174759093,0.389003893040855,0.126942491695655,0.126942491695655,0,115882.776233517,115882.776233517,0,inactive_at_baseline,0.15,0.15
bp_diabetes_only,Tunisia,Male,htn_no_diabetes,2025,2026,2030,4220651,965685.243381922,0.295105345764179,0.0586592623560821,0.0586592623560821,0,56646.3840449371,56646.3840449371,0,inactive_at_baseline,0.15,0.15
bp_diabetes_only,Turkey,Female,htn_no_diabetes,2025,2026,2030,32397930.5,6525657.6852435,0.390328541853969,0.300856895921297,0.300856895921297,0,1963289.11502731,1963289.11502731,0,inactive_at_baseline,0.15,0.15
bp_diabetes_only,Turkey,Male,htn_no_diabetes,2025,2026,2030,31751575.5,6310942.00953132,0.299578645604827,0.236936707508259,0.236936707508259,0,1495293.82101391,1495293.82101391,0,inactive_at_baseline,0.15,0.15
bp_diabetes_only,Turkmenistan,Female,htn_no_diabetes,2025,2026,2030,2480627.5,557821.293289791,0.342767814826483,0.0871385866017075,0.0871385866017075,0,48607.7590736089,48607.7590736089,0,inactive_at_baseline,0.15,0.15
bp_diabetes_only,Turkmenistan,Male,htn_no_diabetes,2025,2026,2030,2279282,484881.465823135,0.282153547156941,0.0442284238580741,0.0442284238580741,0,21445.5429913499,21445.5429913499,0,inactive_at_baseline,0.15,0.15
bp_diabetes_only,Uganda,Female,htn_no_diabetes,2025,2026,2030,12507067,2584053.09203385,0.201765989315765,0.055517017018381,0.055517017018381,0,143458.919486843,143458.919486843,0,inactive_at_baseline,0.15,0.15
bp_diabetes_only,Uganda,Male,htn_no_diabetes,2025,2026,2030,11918712.5,2504357.92211597,0.159288656667595,0.0410569750672208,0.0410569750672208,0,102821.360767712,102821.360767712,0,inactive_at_baseline,0.15,0.15
bp_diabetes_only,Ukraine,Female,htn_no_diabetes,2025,2026,2030,17369356.5,4976111.99610867,0.404214898532207,0.112036899916623,0.112036899916623,0,557508.161681934,557508.161681934,0,inactive_at_baseline,0.15,0.15
bp_diabetes_only,Ukraine,Male,htn_no_diabetes,2025,2026,2030,14484021.5,4526184.33649918,0.304594173667838,0.0549774534676483,0.0549774534676483,0,248838.088745882,248838.088745882,0,inactive_at_baseline,0.15,0.15
bp_diabetes_only,United Arab Emirates,Female,htn_no_diabetes,2025,2026,2030,3019650,458345.639068839,0.313102360298914,0.199023512412265,0.199023512412265,0,91221.5589863245,91221.5589863245,0,inactive_at_baseline,0.15,0.15
bp_diabetes_only,United Arab Emirates,Male,htn_no_diabetes,2025,2026,2030,6123736,1557380.43631262,0.224000386510727,0.149626530277324,0.149626530277324,0,233025.431007242,233025.431007242,0,inactive_at_baseline,0.15,0.15
bp_diabetes_only,United Kingdom,Female,htn_no_diabetes,2025,2026,2030,27891787.5,5470474.06691485,0.339152177310694,0.241452175242281,0.241452175242281,0,1320857.86306308,1320857.86306308,0,inactive_at_baseline,0.15,0.15
bp_diabetes_only,United Kingdom,Male,htn_no_diabetes,2025,2026,2030,26469240,6267860.30039913,0.286448779558781,0.263376419248647,0.263376419248647,0,1650806.60226987,1650806.60226987,0,inactive_at_baseline,0.15,0.15
bp_diabetes_only,United States,Female,htn_no_diabetes,2025,2026,2030,135029185,28535566.2831771,0.389171959372562,0.451643470928305,0.451643470928305,0,12887902.2010388,12887902.2010388,0,inactive_at_baseline,0.15,0.15
bp_diabetes_only,United States,Male,htn_no_diabetes,2025,2026,2030,134681241,32005068.2856882,0.340960055004095,0.397308830637753,0.397308830637753,0,12715896.2550682,12715896.2550682,0,inactive_at_baseline,0.15,0.15
bp_diabetes_only,Uruguay,Female,htn_no_diabetes,2025,2026,2030,1356764.5,362735.710454012,0.377821852930059,0.277046412801424,0.277046412801424,0,100494.62737626,100494.62737626,0,inactive_at_baseline,0.15,0.15
bp_diabetes_only,Uruguay,Male,htn_no_diabetes,2025,2026,2030,1236352,398590.303938325,0.287580322374324,0.206196161420817,0.206196161420817,0,82187.7906516395,82187.7906516395,0,inactive_at_baseline,0.15,0.15
bp_diabetes_only,Uzbekistan,Female,htn_no_diabetes,2025,2026,2030,11620159,3033564.04842225,0.338181920783296,0.166498240788364,0.166498240788364,0,505083.077381131,505083.077381131,0,inactive_at_baseline,0.15,0.15
bp_diabetes_only,Uzbekistan,Male,htn_no_diabetes,2025,2026,2030,11464160.5,3415679.67756334,0.277202851087944,0.0713561661512494,0.0713561661512494,0,243729.806591656,243729.806591656,0,inactive_at_baseline,0.15,0.15
bp_diabetes_only,Vanuatu,Female,htn_no_diabetes,2025,2026,2030,91194,18099.4567405295,0.406000634618235,0.000532439955398353,0.000532439955398353,0,9.63687393966195,9.63687393966195,0,inactive_at_baseline,0.15,0.15
bp_diabetes_only,Vanuatu,Male,htn_no_diabetes,2025,2026,2030,89621,18346.707775438,0.354766864802506,0,0,0,0,0,0,inactive_at_baseline,0.15,0.101513799476357
bp_diabetes_only,Venezuela (Bolivarian Republic of),Female,htn_no_diabetes,2025,2026,2030,9902077,2492206.09016247,0.34131774738841,0.344783111795857,0.344783111795857,0,859270.5710028,859270.5710028,0,inactive_at_baseline,0.15,0.15
bp_diabetes_only,Venezuela (Bolivarian Republic of),Male,htn_no_diabetes,2025,2026,2030,9309412.5,2418471.15144626,0.300106972892915,0.208383766520007,0.208383766520007,0,503970.12775835,503970.12775835,0,inactive_at_baseline,0.15,0.15
bp_diabetes_only,Viet Nam,Female,htn_no_diabetes,2025,2026,2030,37636568.5,6158626.69745492,0.363420553771913,0.095308553756167,0.095308553756167,0,586969.803658548,586969.803658548,0,inactive_at_baseline,0.15,0.15
bp_diabetes_only,Viet Nam,Male,htn_no_diabetes,2025,2026,2030,34682757,7422920.6977207,0.285044431161526,0.0644623477366712,0.0644623477366712,0,478498.895238205,478498.895238205,0,inactive_at_baseline,0.15,0.15
bp_diabetes_only,Yemen,Female,htn_no_diabetes,2025,2026,2030,10560059.5,1663299.43598035,0.253409211824213,0.159956645296974,0.159956645296974,0,266055.797903766,266055.797903766,0,inactive_at_baseline,0.15,0.15
bp_diabetes_only,Yemen,Male,htn_no_diabetes,2025,2026,2030,10618497.5,1740373.65269523,0.189009337915826,0.102953768824495,0.102953768824495,0,179178.026707827,179178.026707827,0,inactive_at_baseline,0.15,0.15
bp_diabetes_only,Zambia,Female,htn_no_diabetes,2025,2026,2030,5568342,951861.16225977,0.243249901627704,0.0827653964943844,0.0827653964943844,0,78781.1665020355,78781.1665020355,0,inactive_at_baseline,0.15,0.15
bp_diabetes_only,Zambia,Male,htn_no_diabetes,2025,2026,2030,5357895.5,1025486.13176121,0.177489719818625,0.039448942053271,0.039448942053271,0,40454.342988281,40454.342988281,0,inactive_at_baseline,0.15,0.15
bp_diabetes_only,Zimbabwe,Female,htn_no_diabetes,2025,2026,2030,4675795.5,1236702.27087721,0.286156172286157,0.146563404427426,0.146563404427426,0,181255.295082893,181255.295082893,0,inactive_at_baseline,0.15,0.15
bp_diabetes_only,Zimbabwe,Male,htn_no_diabetes,2025,2026,2030,3849027,841645.662514051,0.236198772602801,0.0884140331677369,0.0884140331677369,0,74413.2875209992,74413.2875209992,0,inactive_at_baseline,0.15,0.15
bp_diabetes_only,Afghanistan,Female,htn_diabetes,2025,2026,2030,10656400,1116358.35089978,0.288116944917646,0.280085711511268,0.396445652173071,0.0232719881323605,312676.02301331,442575.414481315,129899.391468006,joint_shared_proportional_scale_cap_diabetes_0.80,0.15,0.15
bp_diabetes_only,Afghanistan,Male,htn_diabetes,2025,2026,2030,10584668.5,584367.946377141,0.206915093397397,0.217564526875106,0.307950413754887,0.0180771773759562,127137.73577452,179956.350871934,52818.6150974142,joint_shared_proportional_scale_cap_diabetes_0.80,0.15,0.15
bp_diabetes_only,Albania,Female,htn_diabetes,2025,2026,2030,1119803,144985.960199705,0.296321263909921,0.220977657747678,0.312781509519922,0.0183607703544487,32038.6578912289,45348.927490459,13310.2695992302,joint_shared_proportional_scale_cap_diabetes_0.80,0.15,0.15
bp_diabetes_only,Albania,Male,htn_diabetes,2025,2026,2030,1063013.5,105782.130690109,0.23311824821873,0.168207275890935,0.238087986820258,0.0139761421858646,17793.3240413221,25185.4545375654,7392.13049624334,joint_shared_proportional_scale_cap_diabetes_0.80,0.15,0.15
bp_diabetes_only,Algeria,Female,htn_diabetes,2025,2026,2030,14751664,1825433.40011571,0.378580542968894,0.297025627784635,0.420423155768365,0.0246795055967461,542200.501648409,767454.470721623,225253.969073214,joint_shared_proportional_scale_cap_diabetes_0.80,0.15,0.15
bp_diabetes_only,Algeria,Male,htn_diabetes,2025,2026,2030,15328527.5,1309090.30331503,0.27594218781711,0.219573571383963,0.310794103839114,0.0182441064910304,287441.633162997,406857.54766327,119415.914500274,joint_shared_proportional_scale_cap_diabetes_0.80,0.15,0.15
bp_diabetes_only,Andorra,Female,htn_diabetes,2025,2026,2030,34136.5,3188.49283583364,0.298406149800026,0.479783553948763,0.679106773854398,0.039864643981127,1529.78642451643,2165.32708320084,635.54065868441,joint_shared_proportional_scale_cap_diabetes_0.80,0.15,0.15
bp_diabetes_only,Andorra,Male,htn_diabetes,2025,2026,2030,35615.5,3619.21262510616,0.261162859582898,0.409103133669997,0.579062593942155,0.0339918920544315,1480.63122634895,2095.75065072217,615.119424373221,joint_shared_proportional_scale_cap_diabetes_0.80,0.15,0.15
bp_diabetes_only,Angola,Female,htn_diabetes,2025,2026,2030,9454084.5,837784.612697362,0.276026424413656,0.24273700928157,0.343580654050255,0.0201687289537371,203361.331308276,287846.585183799,84485.2538755235,joint_shared_proportional_scale_cap_diabetes_0.80,0.15,0.15
bp_diabetes_only,Angola,Male,htn_diabetes,2025,2026,2030,8954924.5,657771.796934606,0.263834825544535,0.202961461492706,0.287280591834969,0.0168638260684525,133502.325234531,188965.071115725,55462.7458811934,joint_shared_proportional_scale_cap_diabetes_0.80,0.15,0.15
bp_diabetes_only,Antigua and Barbuda,Female,htn_diabetes,2025,2026,2030,38630,6047.68393522648,0.355415158778058,0.37070126115299,0.524706892208832,0.0308011262111684,2241.88406184314,3173.26144271397,931.377380870831,joint_shared_proportional_scale_cap_diabetes_0.80,0.15,0.15
bp_diabetes_only,Antigua and Barbuda,Male,htn_diabetes,2025,2026,2030,33803.5,4082.30556934343,0.298166557675434,0.286628967501129,0.405707264892402,0.0238156594782546,1170.10703036502,1656.22102699334,486.113996628327,joint_shared_proportional_scale_cap_diabetes_0.80,0.15,0.15
bp_diabetes_only,Argentina,Female,htn_diabetes,2025,2026,2030,16991234.5,2205939.24586557,0.315857537146284,0.297009872700032,0.420400855327702,0.0246781965255338,655185.734598537,927378.745762829,272193.011164292,joint_shared_proportional_scale_cap_diabetes_0.80,0.15,0.15
bp_diabetes_only,Argentina,Male,htn_diabetes,2025,2026,2030,16332211,2049241.11401124,0.245154637778431,0.223125738899243,0.315821998191972,0.0185392518585456,457238.437746466,647195.423404171,189956.985657705,joint_shared_proportional_scale_cap_diabetes_0.80,0.15,0.15
bp_diabetes_only,Armenia,Female,htn_diabetes,2025,2026,2030,1237586,249889.283316695,0.416766981424112,0.188008309922527,0.266115242505666,0.0156213865166277,46981.2618241233,66499.3472293892,19518.0854052659,joint_shared_proportional_scale_cap_diabetes_0.80,0.15,0.15
bp_diabetes_only,Armenia,Male,htn_diabetes,2025,2026,2030,999336.5,153024.088585091,0.328133741934919,0.173553771483531,0.245655652163164,0.0144203761359267,26557.9077017725,37591.2322780444,11033.3245762719,joint_shared_proportional_scale_cap_diabetes_0.80,0.15,0.15
bp_diabetes_only,Australia,Female,htn_diabetes,2025,2026,2030,10622094.5,1086282.78363981,0.328767459149663,0.371144439483557,0.52533418633727,0.0308379493707426,403167.814854633,570661.482275602,167493.667420969,joint_shared_proportional_scale_cap_diabetes_0.80,0.15,0.15
bp_diabetes_only,Australia,Male,htn_diabetes,2025,2026,2030,10251233.5,941874.945234041,0.265291708032925,0.35887749157973,0.507971007988524,0.0298187032817587,338017.717727388,478445.165329671,140427.447602283,joint_shared_proportional_scale_cap_diabetes_0.80,0.15,0.15
bp_diabetes_only,Austria,Female,htn_diabetes,2025,2026,2030,3829405,492637.816840316,0.332288306457589,0.370946939248543,0.525054635805927,0.0308215393114769,182742.490314999,258661.769505319,75919.2791903198,joint_shared_proportional_scale_cap_diabetes_0.80,0.15,0.15
bp_diabetes_only,Austria,Male,htn_diabetes,2025,2026,2030,3647096.5,440712.398885178,0.286684581934179,0.381940464922039,0.540615356243233,0.0317349782642388,168325.898527112,238255.890524121,69929.9919970083,joint_shared_proportional_scale_cap_diabetes_0.80,0.15,0.15
bp_diabetes_only,Azerbaijan,Female,htn_diabetes,2025,2026,2030,3950832,579416.421488688,0.36572520475046,0.273234548410083,0.386748214166905,0.0227027331513643,158316.584266848,224088.266269728,65771.6820028806,joint_shared_proportional_scale_cap_diabetes_0.80,0.15,0.15
bp_diabetes_only,Azerbaijan,Male,htn_diabetes,2025,2026,2030,3600166,417969.67530858,0.323697792995275,0.189614366209945,0.268388525312049,0.0157548318204207,79253.0550786131,112178.264781226,32925.2097026127,joint_shared_proportional_scale_cap_diabetes_0.80,0.15,0.15
bp_diabetes_only,Bahamas,Female,htn_diabetes,2025,2026,2030,164326,23169.9102756013,0.326027315326277,0.376475126470149,0.532879475482965,0.0312808698025631,8722.89490130901,12346.7696346498,3623.87473334077,joint_shared_proportional_scale_cap_diabetes_0.80,0.15,0.15
bp_diabetes_only,Bahamas,Male,htn_diabetes,2025,2026,2030,144907,18313.721052223,0.288191586856383,0.276218217261114,0.390971430471417,0.0229506426420607,5058.58338046237,7160.14171704214,2101.55833657977,joint_shared_proportional_scale_cap_diabetes_0.80,0.15,0.15
bp_diabetes_only,Bahrain,Female,htn_diabetes,2025,2026,2030,439854,45971.0374129199,0.386080035007626,0.336712974582785,0.47659837441667,0.027977079966777,15479.0447519607,21909.7217012455,6430.67694928477,joint_shared_proportional_scale_cap_diabetes_0.80,0.15,0.15
bp_diabetes_only,Bahrain,Male,htn_diabetes,2025,2026,2030,828704,70272.592361309,0.268169590441785,0.274074239993756,0.387936750617827,0.0227725021248141,19259.9073438168,27261.3211381373,8001.41379432051,joint_shared_proportional_scale_cap_diabetes_0.80,0.15,0.15
bp_diabetes_only,Bangladesh,Female,htn_diabetes,2025,2026,2030,59223138.5,3844673.00444349,0.219874659115649,0.267667144030192,0.37886786479675,0.0222401441533116,1029092.64282936,1456623.05203521,427530.409205844,joint_shared_proportional_scale_cap_diabetes_0.80,0.15,0.15
bp_diabetes_only,Bangladesh,Male,htn_diabetes,2025,2026,2030,54363605,2416532.36036487,0.215322552979708,0.258153543737481,0.365401895925268,0.0214496704375573,623836.392384492,883005.506042087,259169.113657596,joint_shared_proportional_scale_cap_diabetes_0.80,0.15,0.15
bp_diabetes_only,Barbados,Female,htn_diabetes,2025,2026,2030,116219.5,22188.9028904259,0.397122004010239,0.467851986363151,0.66221830757955,0.0388732642432797,10381.1222925048,14693.8977191448,4312.77542663999,joint_shared_proportional_scale_cap_diabetes_0.80,0.15,0.15
bp_diabetes_only,Barbados,Male,htn_diabetes,2025,2026,2030,103510.5,14801.5572591194,0.341958504975447,0.387384895347905,0.548321642862593,0.0321873495029376,5733.89970981,8116.0141932451,2382.1144834351,joint_shared_proportional_scale_cap_diabetes_0.80,0.15,0.15
bp_diabetes_only,Belarus,Female,htn_diabetes,2025,2026,2030,3909680,806552.587759894,0.380107069411175,0.229791434911365,0.325256917911561,0.0190930966000393,185338.876472821,262336.808828377,76997.9323555564,joint_shared_proportional_scale_cap_diabetes_0.80,0.15,0.15
bp_diabetes_only,Belarus,Male,htn_diabetes,2025,2026,2030,3241931.5,470946.05177637,0.280198360573235,0.173940389259268,0.246202887991142,0.0144524997463749,81916.539566097,115948.278035368,34031.7384692713,joint_shared_proportional_scale_cap_diabetes_0.80,0.15,0.15
bp_diabetes_only,Belgium,Female,htn_diabetes,2025,2026,2030,4782953,602212.093750547,0.363411341036508,0.518649991968676,0.734120042061865,0.0430940100186378,312337.297587161,442095.967594315,129758.670007155,joint_shared_proportional_scale_cap_diabetes_0.80,0.15,0.15
bp_diabetes_only,Belgium,Male,htn_diabetes,2025,2026,2030,4571695.5,541220.450535704,0.308042053060249,0.450976051202218,0.638331365668778,0.0374710628933121,244077.461612477,345477.989318327,101400.52770585,joint_shared_proportional_scale_cap_diabetes_0.80,0.15,0.15
bp_diabetes_only,Belize,Female,htn_diabetes,2025,2026,2030,140619,13093.7466300447,0.304688567556802,0.371386629728861,0.525676993077505,0.0308580726697288,4862.84243145594,6883.08135660062,2020.23892514468,joint_shared_proportional_scale_cap_diabetes_0.80,0.15,0.15
bp_diabetes_only,Belize,Male,htn_diabetes,2025,2026,2030,141068,11030.6193828808,0.24518325621494,0.272433270720606,0.38561405043373,0.0226361559426248,3005.10771655233,4253.56181902549,1248.45410247315,joint_shared_proportional_scale_cap_diabetes_0.80,0.15,0.15
bp_diabetes_only,Benin,Female,htn_diabetes,2025,2026,2030,3738262,259888.723833711,0.300504265431333,0.207143526273383,0.293200070520474,0.0172113088494182,53834.2666936044,76199.3921555202,22365.1254619158,joint_shared_proportional_scale_cap_diabetes_0.80,0.15,0.15
bp_diabetes_only,Benin,Male,htn_diabetes,2025,2026,2030,3683484.5,176854.815447268,0.21200580430093,0.199118465825372,0.281841046506455,0.0165445161362166,35215.0595256894,49844.9462653641,14629.8867396747,joint_shared_proportional_scale_cap_diabetes_0.80,0.15,0.15
bp_diabetes_only,Bhutan,Female,htn_diabetes,2025,2026,2030,267843.5,22823.4909008089,0.230571096323801,0.222618931371304,0.315104640495086,0.0184971418247565,5080.94115450075,7191.78789514226,2110.84674064151,joint_shared_proportional_scale_cap_diabetes_0.80,0.15,0.15
bp_diabetes_only,Bhutan,Male,htn_diabetes,2025,2026,2030,314056.5,24899.3843206277,0.20223139413412,0.18904142783126,0.267577563096349,0.0157072270530179,4707.01516409073,6662.516579113,1955.50141502226,joint_shared_proportional_scale_cap_diabetes_0.80,0.15,0.15
bp_diabetes_only,Bolivia,Female,htn_diabetes,2025,2026,2030,3989287,246842.048513533,0.288227077816936,0.443758218319368,0.628114927104033,0.0368713417569332,109538.187654668,155045.175308288,45506.9876536197,joint_shared_proportional_scale_cap_diabetes_0.80,0.15,0.15
bp_diabetes_only,Bolivia,Male,htn_diabetes,2025,2026,2030,3933289,221518.274398891,0.233818868809144,0.308020611299355,0.435985939698349,0.0255930656797986,68232.1942943248,96578.8530241572,28346.6587298324,joint_shared_proportional_scale_cap_diabetes_0.80,0.15,0.15
bp_diabetes_only,Bosnia and Herzegovina,Female,htn_diabetes,2025,2026,2030,1388219.5,311268.063063303,0.425453090826479,0.300863642284951,0.425855650533691,0.024998401649748,93649.2431802073,132555.263486185,38906.0203059777,joint_shared_proportional_scale_cap_diabetes_0.80,0.15,0.15
bp_diabetes_only,Bosnia and Herzegovina,Male,htn_diabetes,2025,2026,2030,1220047.5,208313.825243039,0.336845171043919,0.216768350525521,0.306823470682879,0.0180110240314716,45155.8442895952,63915.570852296,18759.7265627008,joint_shared_proportional_scale_cap_diabetes_0.80,0.15,0.15
bp_diabetes_only,Botswana,Female,htn_diabetes,2025,2026,2030,782811.5,86420.9522571804,0.293933190652956,0.330188575844868,0.467363453082288,0.0274349754474841,28535.2111489557,40389.9946655754,11854.7835166197,joint_shared_proportional_scale_cap_diabetes_0.80,0.15,0.15
bp_diabetes_only,Botswana,Male,htn_diabetes,2025,2026,2030,766563.5,62200.1203818507,0.246620828656797,0.246046710425135,0.348265350821394,0.0204437280792516,15304.1350080018,21662.1467459182,6358.01173791637,joint_shared_proportional_scale_cap_diabetes_0.80,0.15,0.15
bp_diabetes_only,Brazil,Female,htn_diabetes,2025,2026,2030,82212314,8727604.42649317,0.257009028781802,0.500893876411035,0.708987254050912,0.0416186755279756,4371603.61296827,6187760.29678198,1816156.68381371,joint_shared_proportional_scale_cap_diabetes_0.80,0.15,0.15
bp_diabetes_only,Brazil,Male,htn_diabetes,2025,2026,2030,77657112,6903766.43281035,0.194808957901381,0.401572145666599,0.568402901827176,0.0333661512321154,2772360.29960469,3924120.87394645,1151760.57434176,joint_shared_proportional_scale_cap_diabetes_0.80,0.15,0.15
bp_diabetes_only,Brunei Darussalam,Female,htn_diabetes,2025,2026,2030,160698,23237.0634525017,0.356302839443615,0.446359015102259,0.631796209420077,0.0370874388635637,10372.0727565273,14681.0886073444,4309.01585081703,joint_shared_proportional_scale_cap_diabetes_0.80,0.15,0.15
bp_diabetes_only,Brunei Darussalam,Male,htn_diabetes,2025,2026,2030,184517.5,24916.1089171443,0.324077136517538,0.357018799684744,0.505340133616102,0.0296642667862716,8895.51929841322,12591.1098093831,3695.59051096985,joint_shared_proportional_scale_cap_diabetes_0.80,0.15,0.15
bp_diabetes_only,Bulgaria,Female,htn_diabetes,2025,2026,2030,2859678,522412.535043212,0.361934847598705,0.376625499307954,0.533092319820618,0.0312933641025327,196753.881855384,278494.110209555,81740.2283541717,joint_shared_proportional_scale_cap_diabetes_0.80,0.15,0.15
bp_diabetes_only,Bulgaria,Male,htn_diabetes,2025,2026,2030,2608251.5,375337.939466163,0.272241196030903,0.2933680679864,0.415246084536315,0.024375603309983,110112.166143184,155857.609741252,45745.443598068,joint_shared_proportional_scale_cap_diabetes_0.80,0.15,0.15
bp_diabetes_only,Burkina Faso,Female,htn_diabetes,2025,2026,2030,6083031.5,361703.203094868,0.252946997604433,0.223624499110918,0.31652796536298,0.0185806932504123,80885.6976189045,114489.178940891,33603.4813219866,joint_shared_proportional_scale_cap_diabetes_0.80,0.15,0.15
bp_diabetes_only,Burkina Faso,Male,htn_diabetes,2025,2026,2030,5816630.5,242136.029000526,0.193321346416144,0.18019351906582,0.255053843332296,0.0149720648532952,43631.3431582283,61757.7248058045,18126.3816475762,joint_shared_proportional_scale_cap_diabetes_0.80,0.15,0.15
bp_diabetes_only,Burundi,Female,htn_diabetes,2025,2026,2030,3398525,205710.611556662,0.231856717435163,0.248038566498679,0.351084711637231,0.0206092290277104,51024.1652040808,72221.8507390889,21197.6855350081,joint_shared_proportional_scale_cap_diabetes_0.80,0.15,0.15
bp_diabetes_only,Burundi,Male,htn_diabetes,2025,2026,2030,3266953,151578.348237154,0.184630148223236,0.214475859366617,0.303578577726046,0.0178205436718857,32509.8964995361,46015.9393718986,13506.0428723626,joint_shared_proportional_scale_cap_diabetes_0.80,0.15,0.15
bp_diabetes_only,Cabo Verde,Female,htn_diabetes,2025,2026,2030,177016,21833.6651544336,0.346833969216931,0.292446078994336,0.413941060708849,0.0242989963429025,6385.16976448936,9037.85051318806,2652.6807486987,joint_shared_proportional_scale_cap_diabetes_0.80,0.15,0.15
bp_diabetes_only,Cabo Verde,Male,htn_diabetes,2025,2026,2030,181185,16461.6107443197,0.227310649083238,0.201462442587158,0.285158814453241,0.0167392743732166,3316.39630946965,4694.17340384093,1377.77709437128,joint_shared_proportional_scale_cap_diabetes_0.80,0.15,0.15
bp_diabetes_only,Cambodia,Female,htn_diabetes,2025,2026,2030,5871047,398466.116558424,0.314526753106943,0.368429312744207,0.521491076365304,0.0306123527242194,146806.597475473,207796.524019155,60989.9265436821,joint_shared_proportional_scale_cap_diabetes_0.80,0.15,0.15
bp_diabetes_only,Cambodia,Male,htn_diabetes,2025,2026,2030,5384942,298736.285885733,0.259523574134363,0.275471480681264,0.389914466627018,0.0228885971891509,82293.3270061643,116481.599573272,34188.2725671079,joint_shared_proportional_scale_cap_diabetes_0.80,0.15,0.15
bp_diabetes_only,Cameroon,Female,htn_diabetes,2025,2026,2030,7586438,553516.52158334,0.259906861178751,0.213652340519403,0.302412932878621,0.0177521184718434,118260.100352439,167390.55468879,49130.4543363507,joint_shared_proportional_scale_cap_diabetes_0.80,0.15,0.15
bp_diabetes_only,Cameroon,Male,htn_diabetes,2025,2026,2030,7383628,387507.568624948,0.206691765282523,0.162352895291117,0.229801438668833,0.0134897086755432,62912.9757134814,89049.7967650744,26136.821051593,joint_shared_proportional_scale_cap_diabetes_0.80,0.15,0.15
bp_diabetes_only,Canada,Female,htn_diabetes,2025,2026,2030,16404298,1426283.92903667,0.334144775627451,0.668762446381986,0.8,0.0262475107236028,953845.129617876,1141027.14322934,187182.013611462,joint_shared_proportional_scale_cap_diabetes_0.80,0.15,0.15
bp_diabetes_only,Canada,Male,htn_diabetes,2025,2026,2030,15954765.5,1506905.1554132,0.328321706513712,0.741223735382266,0.8,0.0117552529235468,1116953.86816217,1205524.12433056,88570.2561683939,joint_shared_proportional_scale_cap_diabetes_0.80,0.15,0.15
bp_diabetes_only,Central African Republic,Female,htn_diabetes,2025,2026,2030,1259422.5,103644.004476381,0.284233435526141,0.168881553167077,0.239042388574789,0.0140321670815425,17503.5604524266,24775.3103914902,7271.74993906355,joint_shared_proportional_scale_cap_diabetes_0.80,0.15,0.15
bp_diabetes_only,Central African Republic,Male,htn_diabetes,2025,2026,2030,1023279,67175.0128420001,0.254410682726743,0.161314742624044,0.228331991659444,0.0134034498070799,10836.3199073741,15338.2044719626,4501.88456458849,joint_shared_proportional_scale_cap_diabetes_0.80,0.15,0.15
bp_diabetes_only,Chad,Female,htn_diabetes,2025,2026,2030,4796415,338019.110965549,0.23183112488282,0.243661496995815,0.344889214679151,0.0202455435366672,82362.2425910602,116579.145727453,34216.9031363929,joint_shared_proportional_scale_cap_diabetes_0.80,0.15,0.15
bp_diabetes_only,Chad,Male,htn_diabetes,2025,2026,2030,4708514,230744.574349477,0.187383149158477,0.212426651849767,0.300678039151364,0.0176502774603194,49016.297361559,69379.8261602168,20363.5287986578,joint_shared_proportional_scale_cap_diabetes_0.80,0.15,0.15
bp_diabetes_only,Chile,Female,htn_diabetes,2025,2026,2030,7894715.5,958292.827804582,0.348833623919168,0.51580439624623,0.730092260544847,0.0428575728597233,494291.653472835,699642.176915761,205350.523442926,joint_shared_proportional_scale_cap_diabetes_0.80,0.15,0.15
bp_diabetes_only,Chile,Male,htn_diabetes,2025,2026,2030,7695890.5,858054.774509422,0.287596475883708,0.373607807723518,0.528820946240745,0.0310426277034455,320575.963211163,453757.337782462,133181.374571299,joint_shared_proportional_scale_cap_diabetes_0.80,0.15,0.15
bp_diabetes_only,China,Female,htn_diabetes,2025,2026,2030,561666473.5,43358591.8640464,0.279017013042484,0.286267154715485,0.405195139139913,0.0237855968848856,12412140.7253905,17568690.663263,5156549.93787243,joint_shared_proportional_scale_cap_diabetes_0.80,0.15,0.15
bp_diabetes_only,China,Male,htn_diabetes,2025,2026,2030,567724824.5,37002010.6350033,0.211370620410247,0.257311200727386,0.364209606528609,0.0213796811602446,9521031.78582019,13476487.7341419,3955455.94832174,joint_shared_proportional_scale_cap_diabetes_0.80,0.15,0.15
bp_diabetes_only,Colombia,Female,htn_diabetes,2025,2026,2030,20313225.5,1817407.52955163,0.310723657653871,0.513357975437904,0.726629488782541,0.0426543026689274,932980.64991623,1320581.90410764,387601.254191415,joint_shared_proportional_scale_cap_diabetes_0.80,0.15,0.15
bp_diabetes_only,Colombia,Male,htn_diabetes,2025,2026,2030,19322909,1396667.9233298,0.255416227628668,0.351408012490324,0.497398378299509,0.0291980731618371,490800.299046311,694700.360087184,203900.061040872,joint_shared_proportional_scale_cap_diabetes_0.80,0.15,0.15
bp_diabetes_only,Comoros,Female,htn_diabetes,2025,2026,2030,242865,19274.7588648462,0.273836630393999,0.237775129623091,0.336557391040529,0.0197564522834876,4583.05828754262,6487.06255648794,1904.00426894532,joint_shared_proportional_scale_cap_diabetes_0.80,0.15,0.15
bp_diabetes_only,Comoros,Male,htn_diabetes,2025,2026,2030,241785,13614.4445817886,0.230894086205327,0.209447407353622,0.296461085273624,0.0174027355840002,2851.5101202152,4036.15301611466,1184.64289589946,joint_shared_proportional_scale_cap_diabetes_0.80,0.15,0.15
bp_diabetes_only,Congo,Female,htn_diabetes,2025,2026,2030,1672142,167864.236304891,0.305887249921217,0.216064273589853,0.305826889177758,0.017952523117581,36269.4642789318,51337.397193325,15067.9329143932,joint_shared_proportional_scale_cap_diabetes_0.80,0.15,0.15
bp_diabetes_only,Congo,Male,htn_diabetes,2025,2026,2030,1643888.5,129978.952831181,0.26320878521085,0.186678052774055,0.26423233794785,0.0155108570347588,24264.2178161356,34344.6425905962,10080.4247744605,joint_shared_proportional_scale_cap_diabetes_0.80,0.15,0.15
bp_diabetes_only,Costa Rica,Female,htn_diabetes,2025,2026,2030,2003858.5,248094.280230493,0.316282718030832,0.637839373152721,0.8,0.0324321253694558,158244.300184993,198475.424184394,40231.1239994012,joint_shared_proportional_scale_cap_diabetes_0.80,0.15,0.15
bp_diabetes_only,Costa Rica,Male,htn_diabetes,2025,2026,2030,1915980,193297.203400911,0.290939940673689,0.560853931577756,0.793857357015618,0.0466006850875724,108411.496490386,153450.407010357,45038.9105199714,joint_shared_proportional_scale_cap_diabetes_0.80,0.15,0.15
bp_diabetes_only,Croatia,Female,htn_diabetes,2025,2026,2030,1654357,348072.487819243,0.37788833582198,0.340257256025617,0.481615106475249,0.0282715700899263,118434.189603386,167636.968282169,49202.7786787838,joint_shared_proportional_scale_cap_diabetes_0.80,0.15,0.15
bp_diabetes_only,Croatia,Male,htn_diabetes,2025,2026,2030,1500058.5,256860.601370725,0.305518894683859,0.250483186360695,0.354544934260809,0.0208123495800228,64339.2618818635,91068.6250271756,26729.3631453121,joint_shared_proportional_scale_cap_diabetes_0.80,0.15,0.15
bp_diabetes_only,Cuba,Female,htn_diabetes,2025,2026,2030,4518655,635324.300318036,0.312976207672578,0.483208194863444,0.683954161439983,0.0401491933153077,306993.908309559,434532.699066466,127538.790756907,joint_shared_proportional_scale_cap_diabetes_0.80,0.15,0.15
bp_diabetes_only,Cuba,Male,htn_diabetes,2025,2026,2030,4302829,485740.350313104,0.265753667467407,0.386015792791651,0.546383754803694,0.0320735924024086,187503.446417007,265400.636463735,77897.1900467283,joint_shared_proportional_scale_cap_diabetes_0.80,0.15,0.15
bp_diabetes_only,Cyprus,Female,htn_diabetes,2025,2026,2030,546996,54765.7095235315,0.345841095625722,0.474426614975156,0.67152432649004,0.0394195423029768,25982.3101859617,36776.5062025386,10794.1960165769,joint_shared_proportional_scale_cap_diabetes_0.80,0.15,0.15
bp_diabetes_only,Cyprus,Male,htn_diabetes,2025,2026,2030,548979.5,59714.9001625024,0.309330234923672,0.403802695391808,0.571560120150609,0.0335514849517601,24113.0376406712,34130.6555116615,10017.6178709903,joint_shared_proportional_scale_cap_diabetes_0.80,0.15,0.15
bp_diabetes_only,Czechia,Female,htn_diabetes,2025,2026,2030,4364241,746290.804102259,0.401682676165208,0.513738203534813,0.727167680377679,0.0426858953685732,383398.097014046,542678.552906232,159280.455892187,joint_shared_proportional_scale_cap_diabetes_0.80,0.15,0.15
bp_diabetes_only,Czechia,Male,htn_diabetes,2025,2026,2030,4169023,736529.097074113,0.332700647659766,0.406818993566408,0.575829521436828,0.0338021055740839,299634.026004066,424115.197492485,124481.171488419,joint_shared_proportional_scale_cap_diabetes_0.80,0.15,0.15
bp_diabetes_only,Democratic People's Republic of Korea,Female,htn_diabetes,2025,2026,2030,10332960,792350.867806955,0.286444265141714,0.355440426352842,0.503106034484225,0.0295331216262766,281633.530274348,398636.503022491,117002.972748143,joint_shared_proportional_scale_cap_diabetes_0.80,0.15,0.15
bp_diabetes_only,Democratic People's Republic of Korea,Male,htn_diabetes,2025,2026,2030,9905557,637622.624809001,0.231720860397241,0.319578982563928,0.452346167463333,0.0265534369798809,203770.789696202,288426.150620262,84655.3609240604,joint_shared_proportional_scale_cap_diabetes_0.80,0.15,0.15
bp_diabetes_only,Democratic Republic of the Congo,Female,htn_diabetes,2025,2026,2030,26154326,2036332.43176542,0.289445099044984,0.23043969205043,0.326174489618044,0.0191469595135226,469251.818488328,664199.691623756,194947.873135428,joint_shared_proportional_scale_cap_diabetes_0.80,0.15,0.15
bp_diabetes_only,Democratic Republic of the Congo,Male,htn_diabetes,2025,2026,2030,25180274,1611420.37620102,0.263259663626323,0.217113875975729,0.307312542623433,0.0180397333295408,349861.723703271,495209.693045544,145347.969342273,joint_shared_proportional_scale_cap_diabetes_0.80,0.15,0.15
bp_diabetes_only,Denmark,Female,htn_diabetes,2025,2026,2030,2427793.5,346260.289672399,0.402385369159417,0.191774538082092,0.271446127722534,0.0159343179280883,66403.9071080958,93991.0148156556,27587.1077075598,joint_shared_proportional_scale_cap_diabetes_0.80,0.15,0.15
bp_diabetes_only,Denmark,Male,htn_diabetes,2025,2026,2030,2360863,412072.926947176,0.371672521095329,0.182427298918918,0.25821563372101,0.0151576669604184,75173.3510205859,106403.671970937,31230.3209503506,joint_shared_proportional_scale_cap_diabetes_0.80,0.15,0.15
bp_diabetes_only,Djibouti,Female,htn_diabetes,2025,2026,2030,383455.5,31217.0361562478,0.27680932201004,0.24125187459889,0.341478529009092,0.0200453308820404,7531.16849211611,10659.9475866591,3128.77909454303,joint_shared_proportional_scale_cap_diabetes_0.80,0.15,0.15
bp_diabetes_only,Djibouti,Male,htn_diabetes,2025,2026,2030,368267.5,22339.80975443,0.221229095301794,0.208090811156177,0.294540899265812,0.0172900176219271,4648.709132874,6579.98765449696,1931.27852162296,joint_shared_proportional_scale_cap_diabetes_0.80,0.15,0.15
bp_diabetes_only,Dominica,Female,htn_diabetes,2025,2026,2030,25408,4423.4072475736,0.350850916143688,0.304285991103406,0.430699793785324,0.0252827605363836,1345.98085838192,1905.16058935846,559.179730976535,joint_shared_proportional_scale_cap_diabetes_0.80,0.15,0.15
bp_diabetes_only,Dominica,Male,htn_diabetes,2025,2026,2030,25388,3612.20390686587,0.314750869207997,0.246313229977219,0.348642594334005,0.0204658728713572,889.733611636464,1259.36814135315,369.634529716683,joint_shared_proportional_scale_cap_diabetes_0.80,0.15,0.15
bp_diabetes_only,Dominican Republic,Female,htn_diabetes,2025,2026,2030,3926344,468158.387603981,0.26712551076232,0.360582921413092,0.510384948488646,0.0299604054151108,168809.919086286,238940.994541785,70131.0754554992,joint_shared_proportional_scale_cap_diabetes_0.80,0.15,0.15
bp_diabetes_only,Dominican Republic,Male,htn_diabetes,2025,2026,2030,3783715.5,375632.398540587,0.225845968059066,0.295218406536115,0.417865135215926,0.0245293457359621,110893.598140491,156963.683007645,46070.0848671539,joint_shared_proportional_scale_cap_diabetes_0.80,0.15,0.15
bp_diabetes_only,Ecuador,Female,htn_diabetes,2025,2026,2030,6408365.5,441914.320198144,0.309798931795456,0.50395204706217,0.713315923484651,0.0418727752844963,222703.626289942,315224.521413231,92520.895123289,joint_shared_proportional_scale_cap_diabetes_0.80,0.15,0.15
bp_diabetes_only,Ecuador,Male,htn_diabetes,2025,2026,2030,6234871,392968.324500649,0.244297231111955,0.295832534915114,0.418734399572242,0.0245803729314256,116252.815578372,164549.355410689,48296.5398323171,joint_shared_proportional_scale_cap_diabetes_0.80,0.15,0.15
bp_diabetes_only,Egypt,Female,htn_diabetes,2025,2026,2030,36007823.5,4278742.98364391,0.352799430384255,0.325763291766237,0.461099711090104,0.0270672838647735,1393857.39897353,1972927.15358702,579069.754613487,joint_shared_proportional_scale_cap_diabetes_0.80,0.15,0.15
bp_diabetes_only,Egypt,Male,htn_diabetes,2025,2026,2030,36056804,2885466.39878505,0.271902389278726,0.250844387965576,0.355056194921128,0.0208423613911103,723803.052798471,1024502.72012539,300699.667326918,joint_shared_proportional_scale_cap_diabetes_0.80,0.15,0.15
bp_diabetes_only,El Salvador,Female,htn_diabetes,2025,2026,2030,2370154.5,242211.514145979,0.34008790279236,0.582076447341718,0.8,0.0435847105316564,140985.617659349,193769.211316783,52783.5936574334,joint_shared_proportional_scale_cap_diabetes_0.80,0.15,0.15
bp_diabetes_only,El Salvador,Male,htn_diabetes,2025,2026,2030,1996053,147301.129422843,0.284331324546486,0.373347037039495,0.528451839929191,0.0310209605779391,54994.4402225896,77841.5528671492,22847.1126445596,joint_shared_proportional_scale_cap_diabetes_0.80,0.15,0.15
bp_diabetes_only,Equatorial Guinea,Female,htn_diabetes,2025,2026,2030,485181.5,50267.4441049919,0.324763942625213,0.234456253594929,0.331859707733634,0.0194806908277411,11785.5166226489,16681.7393091994,4896.22268655051,joint_shared_proportional_scale_cap_diabetes_0.80,0.15,0.15
bp_diabetes_only,Equatorial Guinea,Male,htn_diabetes,2025,2026,2030,581382.5,51818.7954144809,0.300750839856779,0.200467553454937,0.283750604556581,0.0166566102203287,10387.9871397229,14703.6145262527,4315.62738652983,joint_shared_proportional_scale_cap_diabetes_0.80,0.15,0.15
bp_diabetes_only,Eritrea,Female,htn_diabetes,2025,2026,2030,983070,53423.9221533205,0.291641569681166,0.24204418411808,0.342599998799048,0.0201111629361936,12930.9496499883,18303.0356655681,5372.08601557977,joint_shared_proportional_scale_cap_diabetes_0.80,0.15,0.15
bp_diabetes_only,Eritrea,Male,htn_diabetes,2025,2026,2030,922724,35749.2954238105,0.21899856651553,0.231874103916197,0.32820481935011,0.0192661430867828,8289.33584203144,11733.0910464654,3443.755204434,joint_shared_proportional_scale_cap_diabetes_0.80,0.15,0.15
bp_diabetes_only,Estonia,Female,htn_diabetes,2025,2026,2030,574042.5,112899.790173676,0.46231273042044,0.26989516124322,0.382021498490899,0.0224252674495359,30471.1070732499,43130.1470214557,12659.0399482058,joint_shared_proportional_scale_cap_diabetes_0.80,0.15,0.15
bp_diabetes_only,Estonia,Male,htn_diabetes,2025,2026,2030,501928,77691.1828259941,0.329991304100448,0.230589899291696,0.326387099563061,0.019159440054273,17914.8020236987,25357.3998241997,7442.59780050099,joint_shared_proportional_scale_cap_diabetes_0.80,0.15,0.15
bp_diabetes_only,Eswatini,Female,htn_diabetes,2025,2026,2030,380862,52189.666615469,0.363766597427567,0.244609229077767,0.346230676409874,0.0203242894664215,12766.0741166355,18069.6635738797,5303.58945724413,joint_shared_proportional_scale_cap_diabetes_0.80,0.15,0.15
bp_diabetes_only,Eswatini,Male,htn_diabetes,2025,2026,2030,356199,33277.700266321,0.313400021181568,0.193715290312423,0.274193153907869,0.0160955727190893,6446.39936802017,9124.51759082331,2678.11822280313,joint_shared_proportional_scale_cap_diabetes_0.80,0.15,0.15
bp_diabetes_only,Ethiopia,Female,htn_diabetes,2025,2026,2030,35970402,1814128.44657662,0.210520909368734,0.18441334627755,0.261026772625923,0.0153226852696746,334549.497410488,473536.093538774,138986.596128286,joint_shared_proportional_scale_cap_diabetes_0.80,0.15,0.15
bp_diabetes_only,Ethiopia,Male,htn_diabetes,2025,2026,2030,35070456.5,1137378.04408668,0.170320704513198,0.180881289439251,0.256027343811021,0.015029210874354,205730.407194292,291199.879536487,85469.472342195,joint_shared_proportional_scale_cap_diabetes_0.80,0.15,0.15
bp_diabetes_only,Fiji,Female,htn_diabetes,2025,2026,2030,313980.5,59791.2537046635,0.54203193321103,0.224712864595178,0.31806848580539,0.0186711242420424,13435.863897712,19017.7135302483,5581.84963253625,joint_shared_proportional_scale_cap_diabetes_0.80,0.15,0.15
bp_diabetes_only,Fiji,Male,htn_diabetes,2025,2026,2030,302381,47870.2469484638,0.492705678460059,0.166683489394111,0.235931152298974,0.0138495325809726,7979.17979952776,11294.0825233875,3314.90272385976,joint_shared_proportional_scale_cap_diabetes_0.80,0.15,0.15
bp_diabetes_only,Finland,Female,htn_diabetes,2025,2026,2030,2322957.5,363891.522652858,0.380996713163128,0.384000661680596,0.543531449474637,0.0319061575588081,139734.585478657,197786.48675904,58051.9012803834,joint_shared_proportional_scale_cap_diabetes_0.80,0.15,0.15
bp_diabetes_only,Finland,Male,htn_diabetes,2025,2026,2030,2236322,331854.333193517,0.328869867679374,0.370546721374735,0.524488149800137,0.0307882856850803,122967.535138857,174053.665219826,51086.1300809693,joint_shared_proportional_scale_cap_diabetes_0.80,0.15,0.15
bp_diabetes_only,France,Female,htn_diabetes,2025,2026,2030,27438934,3135618.85306855,0.332739327167017,0.446398182073188,0.6318516480758,0.0370906932005226,1399734.55568421,1981245.94004892,581511.384364701,joint_shared_proportional_scale_cap_diabetes_0.80,0.15,0.15
bp_diabetes_only,France,Male,htn_diabetes,2025,2026,2030,25084977,2944931.70201174,0.289469955307648,0.340311149882939,0.481691390214604,0.028276048066333,1002193.09383834,1418548.2456291,416355.15179076,joint_shared_proportional_scale_cap_diabetes_0.80,0.15,0.15
bp_diabetes_only,Gabon,Female,htn_diabetes,2025,2026,2030,711171,69355.3154277037,0.313769239626865,0.258437947346675,0.365804453319999,0.0214733011946647,17924.0453567169,25370.4832448672,7446.43788815029,joint_shared_proportional_scale_cap_diabetes_0.80,0.15,0.15
bp_diabetes_only,Gabon,Male,htn_diabetes,2025,2026,2030,742372,63684.7837294083,0.294246591890731,0.213622695433907,0.302370971918921,0.0177496552970027,13604.5151584017,19256.4299527075,5651.91479430583,joint_shared_proportional_scale_cap_diabetes_0.80,0.15,0.15
bp_diabetes_only,Gambia,Female,htn_diabetes,2025,2026,2030,735656.5,59834.7856610502,0.265826804510019,0.219357942704722,0.310488893509364,0.0182261901609284,13125.235484786,18578.0363932694,5452.80090848346,joint_shared_proportional_scale_cap_diabetes_0.80,0.15,0.15
bp_diabetes_only,Gambia,Male,htn_diabetes,2025,2026,2030,710660.5,38789.6492575223,0.20873731407688,0.198194609044598,0.280533378928583,0.016467753976797,7687.89936957171,10881.7913736673,3193.89200409562,joint_shared_proportional_scale_cap_diabetes_0.80,0.15,0.15
bp_diabetes_only,Georgia,Female,htn_diabetes,2025,2026,2030,1556374,327478.427053764,0.441590506580716,0.288302038375412,0.408075403096625,0.0239546729442426,94412.6980435738,133635.891125414,39223.1930818397,joint_shared_proportional_scale_cap_diabetes_0.80,0.15,0.15
bp_diabetes_only,Georgia,Male,htn_diabetes,2025,2026,2030,1269845,205632.890577379,0.3527858145814,0.228022201396083,0.322752666869879,0.0189460930947592,46888.8643888939,66368.5638300112,19479.6994411173,joint_shared_proportional_scale_cap_diabetes_0.80,0.15,0.15
bp_diabetes_only,Germany,Female,htn_diabetes,2025,2026,2030,35374920.5,4717269.00152234,0.366761533281133,0.575212597779344,0.8,0.0449574804441312,2713432.55678964,3773815.20121787,1060382.64442823,joint_shared_proportional_scale_cap_diabetes_0.80,0.15,0.15
bp_diabetes_only,Germany,Male,htn_diabetes,2025,2026,2030,33936157,4392896.79709556,0.314064670179833,0.534616954935718,0.756720384694615,0.0444206859517794,2348517.1090101,3324194.5542219,975677.445211799,joint_shared_proportional_scale_cap_diabetes_0.80,0.15,0.15
bp_diabetes_only,Ghana,Female,htn_diabetes,2025,2026,2030,9992432.5,794426.501690384,0.282186428133914,0.344458429471919,0.487561632407702,0.0286206405871566,273646.90510314,387331.881992103,113684.976888963,joint_shared_proportional_scale_cap_diabetes_0.80,0.15,0.15
bp_diabetes_only,Ghana,Male,htn_diabetes,2025,2026,2030,9768229.5,579667.059346519,0.237427910093424,0.249255957670352,0.352807860720416,0.0207103806100127,144485.468007374,204511.09513814,60025.6271307663,joint_shared_proportional_scale_cap_diabetes_0.80,0.15,0.15
bp_diabetes_only,Greece,Female,htn_diabetes,2025,2026,2030,4294046.5,602570.437122569,0.360776694605514,0.49278925949777,0.697515622311987,0.0409452725628435,296940.239504878,420302.293436355,123362.053931477,joint_shared_proportional_scale_cap_diabetes_0.80,0.15,0.15
bp_diabetes_only,Greece,Male,htn_diabetes,2025,2026,2030,3936732,506151.049963514,0.294949613902908,0.389325263551048,0.551068125478933,0.032348572385577,197057.390923685,278923.710312587,81866.3193889027,joint_shared_proportional_scale_cap_diabetes_0.80,0.15,0.15
bp_diabetes_only,Grenada,Female,htn_diabetes,2025,2026,2030,44202.5,7386.46577538127,0.378759060492131,0.331227050933645,0.46883335646156,0.0275212611055828,2446.59727560184,3463.02154186044,1016.4242662586,joint_shared_proportional_scale_cap_diabetes_0.80,0.15,0.15
bp_diabetes_only,Grenada,Male,htn_diabetes,2025,2026,2030,43848.5,6009.81388607379,0.300158138088589,0.252010863210062,0.356707275358429,0.0209392824296734,1514.53838516127,2143.74433671263,629.205951551362,joint_shared_proportional_scale_cap_diabetes_0.80,0.15,0.15
bp_diabetes_only,Guatemala,Female,htn_diabetes,2025,2026,2030,5813615,469089.614118021,0.334332019118772,0.326374421214983,0.461964730628456,0.0271180618826946,153098.851305729,216702.857226638,63604.0059209091,joint_shared_proportional_scale_cap_diabetes_0.80,0.15,0.15
bp_diabetes_only,Guatemala,Male,htn_diabetes,2025,2026,2030,5557549,370056.243071235,0.275039008896646,0.255979886206962,0.362325205319961,0.0212690638225997,94726.9549915505,134080.704250718,39353.7492591678,joint_shared_proportional_scale_cap_diabetes_0.80,0.15,0.15
bp_diabetes_only,Guinea,Female,htn_diabetes,2025,2026,2030,3948011,339907.714612394,0.273263191201654,0.190728614463191,0.269965681365663,0.0158474133804943,64830.1274533717,91763.4177767802,26933.2903234085,joint_shared_proportional_scale_cap_diabetes_0.80,0.15,0.15
bp_diabetes_only,Guinea,Male,htn_diabetes,2025,2026,2030,3697759.5,205815.325578062,0.18855607010449,0.178995602297083,0.253358259176759,0.0148725313759351,36840.0381638154,52145.0126003555,15304.9744365401,joint_shared_proportional_scale_cap_diabetes_0.80,0.15,0.15
bp_diabetes_only,Guinea-Bissau,Female,htn_diabetes,2025,2026,2030,613006.5,53057.3460298193,0.284460836649085,0.239806212847116,0.33943227569288,0.0199252125691527,12723.4812151299,18009.3757051261,5285.89448999619,joint_shared_proportional_scale_cap_diabetes_0.80,0.15,0.15
bp_diabetes_only,Guinea-Bissau,Male,htn_diabetes,2025,2026,2030,575337.5,33159.1572047571,0.211318746627846,0.204059753632686,0.288835162903094,0.0169550818540817,6766.44944987022,9577.53057296532,2811.0811230951,joint_shared_proportional_scale_cap_diabetes_0.80,0.15,0.15
bp_diabetes_only,Guyana,Female,htn_diabetes,2025,2026,2030,280777.5,36270.7498643243,0.35312398685549,0.334403168874619,0.473328973684209,0.0277851609619179,12129.0536920887,17167.9968080373,5038.94311594855,joint_shared_proportional_scale_cap_diabetes_0.80,0.15,0.15
bp_diabetes_only,Guyana,Male,htn_diabetes,2025,2026,2030,253862.5,24980.5507102521,0.301350514454377,0.268620424339392,0.380217179732687,0.0223193510786589,6710.28613201962,9498.03453922141,2787.74840720179,joint_shared_proportional_scale_cap_diabetes_0.80,0.15,0.15
bp_diabetes_only,Haiti,Female,htn_diabetes,2025,2026,2030,3730412.5,414363.664556717,0.272939185719831,0.195315958595283,0.276458810295292,0.0162285703400017,80931.8363499495,114554.485732947,33622.6493829977,joint_shared_proportional_scale_cap_diabetes_0.80,0.15,0.15
bp_diabetes_only,Haiti,Male,htn_diabetes,2025,2026,2030,3567236.5,251138.43294798,0.233983303140571,0.189723296407591,0.26854270991152,0.0157638827007858,47646.8113535275,67441.3953467831,19794.5839932556,joint_shared_proportional_scale_cap_diabetes_0.80,0.15,0.15
bp_diabetes_only,Honduras,Female,htn_diabetes,2025,2026,2030,3424439,256587.781451671,0.293739724168292,0.495579096008197,0.701464479784455,0.0411770767552515,127159.540778568,179987.214635044,52827.6738564758,joint_shared_proportional_scale_cap_diabetes_0.80,0.15,0.15
bp_diabetes_only,Honduras,Male,htn_diabetes,2025,2026,2030,3399955,202632.769694675,0.235795758721754,0.368848270394322,0.522084087475855,0.0306471634163066,74740.7466270917,105791.344658749,31050.5980316576,joint_shared_proportional_scale_cap_diabetes_0.80,0.15,0.15
bp_diabetes_only,Hungary,Female,htn_diabetes,2025,2026,2030,4136902,797842.630428204,0.391446502189376,0.374423657236674,0.529975735574956,0.0311104156676565,298731.155584256,422837.234934245,124106.079349989,joint_shared_proportional_scale_cap_diabetes_0.80,0.15,0.15
bp_diabetes_only,Hungary,Male,htn_diabetes,2025,2026,2030,3713031.5,631780.538423644,0.29504839164842,0.287762360069394,0.407311518652686,0.0239098317166585,181802.6587827,257331.490560546,75528.8317778461,joint_shared_proportional_scale_cap_diabetes_0.80,0.15,0.15
bp_diabetes_only,Iceland,Female,htn_diabetes,2025,2026,2030,150391.5,14625.4034692516,0.347173528415816,0.62707988543649,0.8,0.0345840229127021,9171.29633196071,11700.3227754013,2529.02644344054,joint_shared_proportional_scale_cap_diabetes_0.80,0.15,0.15
bp_diabetes_only,Iceland,Male,htn_diabetes,2025,2026,2030,157657.5,16320.7005105152,0.324794536710406,0.610769851660778,0.8,0.0378460296678444,9968.19182980737,13056.5604084122,3088.36857860482,joint_shared_proportional_scale_cap_diabetes_0.80,0.15,0.15
bp_diabetes_only,India,Female,htn_diabetes,2025,2026,2030,491067719.5,35978363.805874,0.278286758752894,0.293534758437124,0.415482025541987,0.0243894534209726,10560900.3287202,14948363.469751,4387463.14103085,joint_shared_proportional_scale_cap_diabetes_0.80,0.15,0.15
bp_diabetes_only,India,Male,htn_diabetes,2025,2026,2030,517391827.5,33439168.441454,0.228140370877104,0.228816133803746,0.323876433767659,0.0190120599927825,7651421.24038576,10830158.6229742,3178737.38258841,joint_shared_proportional_scale_cap_diabetes_0.80,0.15,0.15
bp_diabetes_only,Indonesia,Female,htn_diabetes,2025,2026,2030,99248267.5,13588971.8077456,0.333725873972023,0.151155512773281,0.213952170275375,0.0125593315004187,2054048.00166145,2907390.01007806,853342.008416607,joint_shared_proportional_scale_cap_diabetes_0.80,0.15,0.15
bp_diabetes_only,Indonesia,Male,htn_diabetes,2025,2026,2030,98257064.5,9544277.234016,0.303695243752526,0.117995758491803,0.167016393576568,0.00980412701695295,1126184.23148377,1594050.76292029,467866.531436527,joint_shared_proportional_scale_cap_diabetes_0.80,0.15,0.117995758491803
bp_diabetes_only,Iran (Islamic Republic of),Female,htn_diabetes,2025,2026,2030,33018523,3296733.525498,0.442109208632395,0.381275169366952,0.539673667612273,0.0316796996490643,1256962.63329196,1779160.27284585,522197.639553887,joint_shared_proportional_scale_cap_diabetes_0.80,0.15,0.15
bp_diabetes_only,Iran (Islamic Republic of),Male,htn_diabetes,2025,2026,2030,33793549.5,2485930.08540578,0.312797495003773,0.289309317347294,0.40950115011804,0.0240383665541492,719202.735981847,1017991.22908671,298788.493104858,joint_shared_proportional_scale_cap_diabetes_0.80,0.15,0.15
bp_diabetes_only,Iraq,Female,htn_diabetes,2025,2026,2030,13199444,1584102.31073488,0.319155115166309,0.254075997554513,0.359630357466378,0.0211108719823731,402482.374828374,569691.280272901,167208.905444528,joint_shared_proportional_scale_cap_diabetes_0.80,0.15,0.15
bp_diabetes_only,Iraq,Male,htn_diabetes,2025,2026,2030,12884739,1208735.13935325,0.247420681196176,0.225459296199947,0.319125017974626,0.0187331443549359,272520.573810728,385737.623072668,113217.04926194,joint_shared_proportional_scale_cap_diabetes_0.80,0.15,0.15
bp_diabetes_only,Ireland,Female,htn_diabetes,2025,2026,2030,2065887,217407.394189186,0.344817119042794,0.373948735114901,0.529303509886321,0.031070954954284,81299.2200616727,115074.496819575,33775.2767579023,joint_shared_proportional_scale_cap_diabetes_0.80,0.15,0.15
bp_diabetes_only,Ireland,Male,htn_diabetes,2025,2026,2030,1983779.5,244710.154619424,0.309904223055538,0.314814334843663,0.445602075225842,0.0261575480764357,77038.2645560041,109043.352727252,32005.088171248,joint_shared_proportional_scale_cap_diabetes_0.80,0.15,0.15
bp_diabetes_only,Israel,Female,htn_diabetes,2025,2026,2030,3215370,323905.803103404,0.368276963557944,0.40521534904879,0.573559652355644,0.0336688606613707,131251.603063475,185779.299823964,54527.6967604895,joint_shared_proportional_scale_cap_diabetes_0.80,0.15,0.15
bp_diabetes_only,Israel,Male,htn_diabetes,2025,2026,2030,3096917.5,300672.118942853,0.309527611242818,0.344073532484281,0.48701683225899,0.0285886599549417,103453.318084201,146432.382916146,42979.064831945,joint_shared_proportional_scale_cap_diabetes_0.80,0.15,0.15
bp_diabetes_only,Italy,Female,htn_diabetes,2025,2026,2030,25747141.5,3863786.9761227,0.354538738001506,0.425490236585091,0.602257621162029,0.0353534769153875,1644003.63458484,2326995.15291648,682991.518331643,joint_shared_proportional_scale_cap_diabetes_0.80,0.15,0.15
bp_diabetes_only,Italy,Male,htn_diabetes,2025,2026,2030,24194124.5,3353857.33054733,0.298263990507482,0.350834343649373,0.496586382155347,0.0291504077011948,1176648.33525621,1665479.87804169,488831.542785477,joint_shared_proportional_scale_cap_diabetes_0.80,0.15,0.15
bp_diabetes_only,Ivory Coast,Female,htn_diabetes,2025,2026,2030,8116524.5,585697.067762324,0.25823797450917,0.221342120223902,0.313297385761162,0.0183910531074518,129639.430787435,183497.360177914,53857.9293904785,joint_shared_proportional_scale_cap_diabetes_0.80,0.15,0.15
bp_diabetes_only,Ivory Coast,Male,htn_diabetes,2025,2026,2030,8460925,508783.690990617,0.214421711773133,0.18208670934971,0.25773354824382,0.0151293677788221,92642.7480632813,131130.625967599,38487.877904318,joint_shared_proportional_scale_cap_diabetes_0.80,0.15,0.15
bp_diabetes_only,Jamaica,Female,htn_diabetes,2025,2026,2030,1095492,164132.025072649,0.343807619214443,0.333932105050295,0.472662209199716,0.0277460208298843,54808.9526386774,77579.0055712614,22770.0529325841,joint_shared_proportional_scale_cap_diabetes_0.80,0.15,0.15
bp_diabetes_only,Jamaica,Male,htn_diabetes,2025,2026,2030,1051201,119576.803771864,0.287374948704212,0.247023622117776,0.349648114658273,0.0205248985080994,29538.2951889924,41809.8039956945,12271.5088067021,joint_shared_proportional_scale_cap_diabetes_0.80,0.15,0.15
bp_diabetes_only,Japan,Female,htn_diabetes,2025,2026,2030,54153209.5,7651316.52331549,0.387670996120826,0.394953962281618,0.559035233572689,0.0328162542582141,3021917.77755427,4277355.51975024,1255437.74219598,joint_shared_proportional_scale_cap_diabetes_0.80,0.15,0.15
bp_diabetes_only,Japan,Male,htn_diabetes,2025,2026,2030,50614221,7572473.92663325,0.308228695846672,0.344692566731517,0.487893040597283,0.0286400947731531,2610175.4742787,3694557.32890874,1084381.85463004,joint_shared_proportional_scale_cap_diabetes_0.80,0.15,0.15
bp_diabetes_only,Jordan,Female,htn_diabetes,2025,2026,2030,3409904,343055.949861894,0.376210575892645,0.453039977735398,0.641252738187459,0.0376425520904121,155418.059887428,219985.567200439,64567.5073130108,joint_shared_proportional_scale_cap_diabetes_0.80,0.15,0.15
bp_diabetes_only,Jordan,Male,htn_diabetes,2025,2026,2030,3686978.5,338603.318661193,0.282360005740886,0.394311722964503,0.558126179756444,0.0327628913583882,133515.257982794,188983.376697225,55468.1187144318,joint_shared_proportional_scale_cap_diabetes_0.80,0.15,0.15
bp_diabetes_only,Kazakhstan,Female,htn_diabetes,2025,2026,2030,7041423,1016413.22573123,0.347461068491617,0.44243460138847,0.626241421402633,0.0367613640028327,449696.380372364,636520.063214359,186823.682841995,joint_shared_proportional_scale_cap_diabetes_0.80,0.15,0.15
bp_diabetes_only,Kazakhstan,Male,htn_diabetes,2025,2026,2030,6344958.5,622381.744316423,0.267866866421074,0.363823586820636,0.514971929038408,0.0302296684435544,226437.158588885,320509.127468917,94071.9688800325,joint_shared_proportional_scale_cap_diabetes_0.80,0.15,0.15
bp_diabetes_only,Kenya,Female,htn_diabetes,2025,2026,2030,15894936,979289.811104774,0.242896422343497,0.19057490672215,0.269748116659086,0.0158346419873873,186628.064405244,264161.582208945,77533.5178037013,joint_shared_proportional_scale_cap_diabetes_0.80,0.15,0.15
bp_diabetes_only,Kenya,Male,htn_diabetes,2025,2026,2030,15394425,746949.787428874,0.191313138708501,0.165986206458864,0.234944187321283,0.0137915961724838,123983.361630574,175491.510777282,51508.1491467084,joint_shared_proportional_scale_cap_diabetes_0.80,0.15,0.15
bp_diabetes_only,Kiribati,Female,htn_diabetes,2025,2026,2030,41714,7215.0218442607,0.445223021192829,0.160049284159197,0.226540806012424,0.0132983043706454,1154.75908136689,1634.49686399606,479.737782629169,joint_shared_proportional_scale_cap_diabetes_0.80,0.15,0.15
bp_diabetes_only,Kiribati,Male,htn_diabetes,2025,2026,2030,37216,6114.60907108154,0.463903929127528,0.113459033988326,0.160594913898772,0.00942717598208926,693.757638421167,981.975117294992,288.217478873825,joint_shared_proportional_scale_cap_diabetes_0.80,0.15,0.113459033988326
bp_diabetes_only,Kuwait,Female,htn_diabetes,2025,2026,2030,1399821.5,116599.139657961,0.316641901304126,0.488828478055826,0.691909357810332,0.0406161759509012,56996.9799816199,80676.0358419773,23679.0558603573,joint_shared_proportional_scale_cap_diabetes_0.80,0.15,0.15
bp_diabetes_only,Kuwait,Male,htn_diabetes,2025,2026,2030,2487099,206651.61734226,0.227172203625408,0.387651997939601,0.548699711635151,0.03220954273911,80108.9123401768,113389.682844635,33280.7705044586,joint_shared_proportional_scale_cap_diabetes_0.80,0.15,0.15
bp_diabetes_only,Kyrgyzstan,Female,htn_diabetes,2025,2026,2030,2301109,250682.69986595,0.29261628264471,0.219577095051849,0.310799091393837,0.0182443992683976,55044.1790163198,77911.9553464912,22867.7763301714,joint_shared_proportional_scale_cap_diabetes_0.80,0.15,0.15
bp_diabetes_only,Kyrgyzstan,Male,htn_diabetes,2025,2026,2030,2139278,164129.593844076,0.244281415069817,0.200479794227714,0.283767930685501,0.0166576272915576,32904.6672005386,46574.7152093854,13670.0480088467,joint_shared_proportional_scale_cap_diabetes_0.80,0.15,0.15
bp_diabetes_only,Lao People's Democratic Republic,Female,htn_diabetes,2025,2026,2030,2473129,193802.352461973,0.306101553656261,0.258660102594601,0.366118901642522,0.0214917598095843,50128.936370889,70954.7044191147,20825.7680482257,joint_shared_proportional_scale_cap_diabetes_0.80,0.15,0.15
bp_diabetes_only,Lao People's Democratic Republic,Male,htn_diabetes,2025,2026,2030,2454795,135426.71696887,0.284060258066315,0.235785549981248,0.333741252386383,0.0195911404810271,31931.6629426597,45197.4821277669,13265.8191851071,joint_shared_proportional_scale_cap_diabetes_0.80,0.15,0.15
bp_diabetes_only,Latvia,Female,htn_diabetes,2025,2026,2030,816735,184018.085212647,0.455255373184327,0.281065747473401,0.397832838238595,0.0233534181530387,51721.1806689165,73208.4371273788,21487.2564584623,joint_shared_proportional_scale_cap_diabetes_0.80,0.15,0.15
bp_diabetes_only,Latvia,Male,htn_diabetes,2025,2026,2030,671929,112140.731722088,0.329320067890574,0.248192425587868,0.351302490568642,0.0206220129961548,27832.4802133033,39395.3183481593,11562.838134856,joint_shared_proportional_scale_cap_diabetes_0.80,0.15,0.15
bp_diabetes_only,Lebanon,Female,htn_diabetes,2025,2026,2030,2065431.5,294215.235350206,0.429240175896245,0.403970793310936,0.57179805334905,0.0335654520076228,118854.362028587,168231.698838881,49377.336810294,joint_shared_proportional_scale_cap_diabetes_0.80,0.15,0.15
bp_diabetes_only,Lebanon,Male,htn_diabetes,2025,2026,2030,1856413.5,236823.17095527,0.32035100671235,0.331486243009649,0.469200228341795,0.0275427970664293,78503.6231975943,111117.485888841,32613.8626912465,joint_shared_proportional_scale_cap_diabetes_0.80,0.15,0.15
bp_diabetes_only,Lesotho,Female,htn_diabetes,2025,2026,2030,711619,81965.0639362091,0.320516494752863,0.310056614767377,0.438867788680759,0.0257622347826764,25413.8102532526,35971.8263587611,10558.0161055085,joint_shared_proportional_scale_cap_diabetes_0.80,0.15,0.15
bp_diabetes_only,Lesotho,Male,htn_diabetes,2025,2026,2030,647169,43350.2901309943,0.279931860843214,0.247064557024727,0.349706055728509,0.0205282997407564,10710.3202281075,15159.8589763965,4449.53874828903,joint_shared_proportional_scale_cap_diabetes_0.80,0.15,0.15
bp_diabetes_only,Liberia,Female,htn_diabetes,2025,2026,2030,1501036.5,133131.727287936,0.272477063623803,0.196844278896267,0.278622062162671,0.0163555566532807,26206.2188562082,37093.4363962429,10887.2175400347,joint_shared_proportional_scale_cap_diabetes_0.80,0.15,0.15
bp_diabetes_only,Liberia,Male,htn_diabetes,2025,2026,2030,1459337,92037.9670117263,0.226379360416357,0.194547900182912,0.275371666590043,0.0161647532814262,17905.7932192354,25344.6483655784,7438.85514634301,joint_shared_proportional_scale_cap_diabetes_0.80,0.15,0.15
bp_diabetes_only,Libya,Female,htn_diabetes,2025,2026,2030,2424836,330448.574933954,0.420058920299141,0.237613245953793,0.336328253764997,0.0197430015622409,78518.958510862,111139.192166669,32620.2336558067,joint_shared_proportional_scale_cap_diabetes_0.80,0.15,0.15
bp_diabetes_only,Libya,Male,htn_diabetes,2025,2026,2030,2480000.5,284891.307731298,0.290834564396042,0.182665433438946,0.258552699809059,0.0151774532740226,52039.7942097257,73659.4167660606,21619.6225563348,joint_shared_proportional_scale_cap_diabetes_0.80,0.15,0.15
bp_diabetes_only,Lithuania,Female,htn_diabetes,2025,2026,2030,1238027,260936.367348538,0.416484703158129,0.246024028680174,0.34823324608058,0.0204418434800812,64196.6163242571,90866.718222256,26670.1018979989,joint_shared_proportional_scale_cap_diabetes_0.80,0.15,0.15
bp_diabetes_only,Lithuania,Male,htn_diabetes,2025,2026,2030,1067852,175767.154118744,0.303550194166519,0.203935309881796,0.288659019737082,0.0169447419710572,35845.1290422475,50736.7744098933,14891.6453676458,joint_shared_proportional_scale_cap_diabetes_0.80,0.15,0.15
bp_diabetes_only,Luxembourg,Female,htn_diabetes,2025,2026,2030,271462.5,30161.8976766538,0.390355947548064,0.428908294907237,0.607095691456216,0.0356374793097956,12936.6881036601,18311.1581256398,5374.47002197961,joint_shared_proportional_scale_cap_diabetes_0.80,0.15,0.15
bp_diabetes_only,Luxembourg,Male,htn_diabetes,2025,2026,2030,273239,34632.9449772542,0.333626349230839,0.368021289654506,0.520913542513166,0.0305784505717319,12745.6610750626,18040.770055765,5295.10898070239,joint_shared_proportional_scale_cap_diabetes_0.80,0.15,0.15
bp_diabetes_only,Madagascar,Female,htn_diabetes,2025,2026,2030,8628068.5,607360.09570989,0.227994669475543,0.18641171768552,0.263855355533069,0.0154887275695098,113219.038694922,160255.213990132,47036.1752952094,joint_shared_proportional_scale_cap_diabetes_0.80,0.15,0.15
bp_diabetes_only,Madagascar,Male,htn_diabetes,2025,2026,2030,8535210.5,450261.050285943,0.185641298775803,0.179122694291807,0.253538150783732,0.0148830912983851,80651.9724618768,114158.354059439,33506.3815975623,joint_shared_proportional_scale_cap_diabetes_0.80,0.15,0.15
bp_diabetes_only,Malawi,Female,htn_diabetes,2025,2026,2030,5840676.5,330828.816554858,0.285718398951329,0.246338468771096,0.348678318434475,0.020467969932676,81495.8640954774,115352.835446015,33856.971350538,joint_shared_proportional_scale_cap_diabetes_0.80,0.15,0.15
bp_diabetes_only,Malawi,Male,htn_diabetes,2025,2026,2030,5323356.5,214252.125900448,0.218586694640194,0.18121868902156,0.256504914040254,0.0150572450037388,38826.4893757613,54956.723137036,16130.2337612747,joint_shared_proportional_scale_cap_diabetes_0.80,0.15,0.15
bp_diabetes_only,Malaysia,Female,htn_diabetes,2025,2026,2030,12380612,1463864.21736853,0.334886565508153,0.290311575171226,0.410919789985494,0.0241216429628537,424976.726781051,601530.776768355,176554.049987304,joint_shared_proportional_scale_cap_diabetes_0.80,0.15,0.15
bp_diabetes_only,Malaysia,Male,htn_diabetes,2025,2026,2030,13718883,1334100.11435004,0.280254620632837,0.304441322493462,0.430919656676227,0.0252956668365531,406155.203151405,574889.963247435,168734.76009603,joint_shared_proportional_scale_cap_diabetes_0.80,0.15,0.15
bp_diabetes_only,Maldives,Female,htn_diabetes,2025,2026,2030,142044,12699.2326011074,0.317779216847266,0.25649244659831,0.363050705873094,0.0213116518549567,3257.25723977906,4610.46535987864,1353.20812009958,joint_shared_proportional_scale_cap_diabetes_0.80,0.15,0.15
bp_diabetes_only,Maldives,Male,htn_diabetes,2025,2026,2030,258169.5,15239.0376060168,0.246056214797691,0.252733185115963,0.357729681598001,0.0209992992964075,3851.41051227058,5451.45607066036,1600.04555838978,joint_shared_proportional_scale_cap_diabetes_0.80,0.15,0.15
bp_diabetes_only,Mali,Female,htn_diabetes,2025,2026,2030,5621822,383185.635922843,0.244071263985698,0.277107971972547,0.392230828478352,0.023024571301161,106183.79445959,150297.219439021,44113.4249794311,joint_shared_proportional_scale_cap_diabetes_0.80,0.15,0.15
bp_diabetes_only,Mali,Male,htn_diabetes,2025,2026,2030,5693095.5,238583.602989829,0.202040244030959,0.23799884710141,0.336874050612759,0.0197750407022697,56782.6224488798,80372.62474897,23590.0023000901,joint_shared_proportional_scale_cap_diabetes_0.80,0.15,0.15
bp_diabetes_only,Malta,Female,htn_diabetes,2025,2026,2030,219267,32000.7783766454,0.457250242967715,0.56141382767603,0.794649858613188,0.0466472061874317,17965.6794770448,25429.4140125132,7463.73453546842,joint_shared_proportional_scale_cap_diabetes_0.80,0.15,0.15
bp_diabetes_only,Malta,Male,htn_diabetes,2025,2026,2030,236970.5,34118.507025821,0.400512254400495,0.518436960940189,0.733818508561402,0.0430763095242426,17688.2950942831,25036.7919400297,7348.49684574655,joint_shared_proportional_scale_cap_diabetes_0.80,0.15,0.15
bp_diabetes_only,Marshall Islands,Female,htn_diabetes,2025,2026,2030,9961,1422.82163795607,0.503490321888102,0.244178306495683,0.345620729607631,0.0202884846223896,347.422178001526,491.756652611901,144.334474610374,joint_shared_proportional_scale_cap_diabetes_0.80,0.15,0.15
bp_diabetes_only,Marshall Islands,Male,htn_diabetes,2025,2026,2030,10231.5,1196.88863742849,0.426844183829351,0.208538319319754,0.295174322030598,0.0173272005421686,249.597144862249,353.290792099081,103.693647236832,joint_shared_proportional_scale_cap_diabetes_0.80,0.15,0.15
bp_diabetes_only,Mauritania,Female,htn_diabetes,2025,2026,2030,1359016,114711.888168016,0.278548444293722,0.239497178316286,0.33899485460682,0.0198995352581068,27473.1735355732,38886.7398511904,11413.5663156172,joint_shared_proportional_scale_cap_diabetes_0.80,0.15,0.15
bp_diabetes_only,Mauritania,Male,htn_diabetes,2025,2026,2030,1230444.5,72304.0461267587,0.209458292605656,0.204158700491775,0.288975216645467,0.0169633032307383,14761.5000975364,20894.0773938239,6132.57729628748,joint_shared_proportional_scale_cap_diabetes_0.80,0.15,0.15
bp_diabetes_only,Mauritius,Female,htn_diabetes,2025,2026,2030,510568.5,90554.7688598399,0.529564103830693,0.457820829805246,0.648019766775054,0.0380397873939617,41457.8594222341,58681.2801969224,17223.4207746882,joint_shared_proportional_scale_cap_diabetes_0.80,0.15,0.15
bp_diabetes_only,Mauritius,Male,htn_diabetes,2025,2026,2030,509941.5,83060.8156518326,0.482759306112331,0.382271418039206,0.541083801861776,0.031762476764514,31751.7757827192,44942.8619186337,13191.0861359146,joint_shared_proportional_scale_cap_diabetes_0.80,0.15,0.15
bp_diabetes_only,Mexico,Female,htn_diabetes,2025,2026,2030,47957189,5696825.12167907,0.421593978731021,0.423318324342355,0.599183400913918,0.0351730153143127,2411570.46458061,3413443.05081951,1001872.5862389,joint_shared_proportional_scale_cap_diabetes_0.80,0.15,0.15
bp_diabetes_only,Mexico,Male,htn_diabetes,2025,2026,2030,43276512,4657428.83318827,0.365934943389934,0.307061211093659,0.434627962391366,0.0255133502595415,1430115.73810132,2024248.80375142,594133.0656501,joint_shared_proportional_scale_cap_diabetes_0.80,0.15,0.15
bp_diabetes_only,Micronesia (Federated States of),Female,htn_diabetes,2025,2026,2030,35235,5005.90956717575,0.49256534035737,0.228025653947775,0.322757553763607,0.0189463799631666,1141.47580265867,1615.69512626348,474.219323604812,joint_shared_proportional_scale_cap_diabetes_0.80,0.15,0.15
bp_diabetes_only,Micronesia (Federated States of),Male,htn_diabetes,2025,2026,2030,33241.5,3768.30968762464,0.445139607245069,0.200695629436846,0.284073433346757,0.0166755607819822,756.283284670789,1070.47667087737,314.193386206585,joint_shared_proportional_scale_cap_diabetes_0.80,0.15,0.15
bp_diabetes_only,Mongolia,Female,htn_diabetes,2025,2026,2030,1105387.5,113074.923004791,0.281515696054494,0.435019834496928,0.615746233768221,0.0361452798542586,49189.8342912972,69625.4579738319,20435.6236825347,joint_shared_proportional_scale_cap_diabetes_0.80,0.15,0.15
bp_diabetes_only,Mongolia,Male,htn_diabetes,2025,2026,2030,1054536,95247.9004986133,0.23245226635595,0.302534270378228,0.428220331118088,0.0251372121479721,28815.754082406,40787.0874898189,11971.3334074129,joint_shared_proportional_scale_cap_diabetes_0.80,0.15,0.15
bp_diabetes_only,Montenegro,Female,htn_diabetes,2025,2026,2030,257898.5,47119.3905186729,0.388205020621064,0.376572996647215,0.53301800524218,0.0312890017189929,17743.8900878071,25115.4835424903,7371.59345468328,joint_shared_proportional_scale_cap_diabetes_0.80,0.15,0.15
bp_diabetes_only,Montenegro,Male,htn_diabetes,2025,2026,2030,229208.5,34866.4635015001,0.30011412403235,0.287049285981721,0.406302202182346,0.0238505832401251,10008.3934528133,14166.3209029699,4157.92745015656,joint_shared_proportional_scale_cap_diabetes_0.80,0.15,0.15
bp_diabetes_only,Morocco,Female,htn_diabetes,2025,2026,2030,13054904.5,1665417.41770994,0.397838470197435,0.225351627231872,0.318972618575039,0.0187241982686334,375304.525101237,531222.554747418,155918.029646182,joint_shared_proportional_scale_cap_diabetes_0.80,0.15,0.15
bp_diabetes_only,Morocco,Male,htn_diabetes,2025,2026,2030,13064778,1158697.00701785,0.28236898066235,0.171191600770457,0.242312131696392,0.0142241061851868,198359.195439324,280766.341760724,82407.1463214003,joint_shared_proportional_scale_cap_diabetes_0.80,0.15,0.15
bp_diabetes_only,Mozambique,Female,htn_diabetes,2025,2026,2030,8896152,679412.132462054,0.230198503294698,0.207160932030274,0.293224707395397,0.0172127550730245,140747.650593515,199220.423742068,58472.7731485532,joint_shared_proportional_scale_cap_diabetes_0.80,0.15,0.15
bp_diabetes_only,Mozambique,Male,htn_diabetes,2025,2026,2030,7797436.5,381912.496042353,0.182020935290685,0.171687655442556,0.24301426932752,0.0142653227769929,65569.6610297261,92810.186172782,27240.525143056,joint_shared_proportional_scale_cap_diabetes_0.80,0.15,0.15
bp_diabetes_only,Myanmar,Female,htn_diabetes,2025,2026,2030,19418948,2428541.75662669,0.341659655670073,0.264874230849723,0.374914652469997,0.0220080843240548,643258.129872929,910495.88869457,267237.758821641,joint_shared_proportional_scale_cap_diabetes_0.80,0.15,0.15
bp_diabetes_only,Myanmar,Male,htn_diabetes,2025,2026,2030,18725651.5,1667808.69257157,0.284234399865979,0.235838220604929,0.333815804706968,0.0195955168204078,393333.034365513,556740.900808055,163407.866442542,joint_shared_proportional_scale_cap_diabetes_0.80,0.15,0.15
bp_diabetes_only,Namibia,Female,htn_diabetes,2025,2026,2030,894811.5,91359.2969620806,0.27134521959292,0.354094294133036,0.50120065965124,0.0294212731036408,32349.8057702784,45789.3399026683,13439.53413239,joint_shared_proportional_scale_cap_diabetes_0.80,0.15,0.15
bp_diabetes_only,Namibia,Male,htn_diabetes,2025,2026,2030,827884.5,67587.5527051407,0.233305228989732,0.291987894228428,0.413292525810885,0.0242609263164913,19734.7471904269,27933.4303708839,8198.68318045695,joint_shared_proportional_scale_cap_diabetes_0.80,0.15,0.15
bp_diabetes_only,Nepal,Female,htn_diabetes,2025,2026,2030,10301668,700339.893762823,0.235476090105348,0.199413246013473,0.282258291367998,0.0165690090709048,139657.051527976,197676.741790339,58019.6902623637,joint_shared_proportional_scale_cap_diabetes_0.80,0.15,0.15
bp_diabetes_only,Nepal,Male,htn_diabetes,2025,2026,2030,8691972.5,626636.458694887,0.19943442028634,0.179039397986125,0.253420249523966,0.0148761703075683,112192.61432089,158802.367723273,46609.753402383,joint_shared_proportional_scale_cap_diabetes_0.80,0.15,0.15
bp_diabetes_only,Netherlands,Female,htn_diabetes,2025,2026,2030,7502166.5,948111.873346207,0.386264314108795,0.356630251154147,0.504790164912656,0.0296319827517019,338125.375513686,478597.548902079,140472.173388393,joint_shared_proportional_scale_cap_diabetes_0.80,0.15,0.15
bp_diabetes_only,Netherlands,Male,htn_diabetes,2025,2026,2030,7304633,1046728.32265617,0.347756513608739,0.303213806352788,0.429182176265975,0.0251936739826375,317382.478929847,449237.139476809,131854.660546962,joint_shared_proportional_scale_cap_diabetes_0.80,0.15,0.15
bp_diabetes_only,New Zealand,Female,htn_diabetes,2025,2026,2030,2052205,213637.270594375,0.322767906529278,0.40403678918314,0.571891466813291,0.0335709355260302,86317.3168608009,122177.332046205,35860.0151854041,joint_shared_proportional_scale_cap_diabetes_0.80,0.15,0.15
bp_diabetes_only,New Zealand,Male,htn_diabetes,2025,2026,2030,1988544.5,171704.602093607,0.239367976593581,0.363320676823035,0.514260088077626,0.0301878822509183,62383.8322462792,88300.8237959922,25916.991549713,joint_shared_proportional_scale_cap_diabetes_0.80,0.15,0.15
bp_diabetes_only,Nicaragua,Female,htn_diabetes,2025,2026,2030,2322963,212247.27031878,0.301194650733699,0.522457365062107,0.739509165630315,0.0434103601136416,110890.149592375,156958.801780753,46068.6521883785,joint_shared_proportional_scale_cap_diabetes_0.80,0.15,0.15
bp_diabetes_only,Nicaragua,Male,htn_diabetes,2025,2026,2030,2173558.5,159081.17359678,0.26269182575696,0.368805785066636,0.522023951871824,0.0306436333610376,58670.0571176823,83044.1829093988,24374.1257917165,joint_shared_proportional_scale_cap_diabetes_0.80,0.15,0.15
bp_diabetes_only,Niger,Female,htn_diabetes,2025,2026,2030,6123544.5,460838.388973863,0.229668588151707,0.195271049227236,0.276395243597769,0.0162248388741066,89988.3957391154,127373.538779634,37385.1430405189,joint_shared_proportional_scale_cap_diabetes_0.80,0.15,0.15
bp_diabetes_only,Niger,Male,htn_diabetes,2025,2026,2030,6297322.5,371029.109692315,0.183116961177767,0.162605105043071,0.230158427460079,0.0135106644834016,60331.2273555559,85395.4764286964,25064.2490731405,joint_shared_proportional_scale_cap_diabetes_0.80,0.15,0.15
bp_diabetes_only,Nigeria,Female,htn_diabetes,2025,2026,2030,59237693.5,4248076.20284375,0.245824009146945,0.221266749009647,0.313190702024854,0.0183847906030413,939958.010948484,1330457.96822371,390499.957275226,joint_shared_proportional_scale_cap_diabetes_0.80,0.15,0.15
bp_diabetes_only,Nigeria,Male,htn_diabetes,2025,2026,2030,60254455,2791028.94294046,0.188100379780023,0.236190008169095,0.334313740319425,0.0196247464300661,659213.148833287,933079.325254198,273866.176420911,joint_shared_proportional_scale_cap_diabetes_0.80,0.15,0.15
bp_diabetes_only,North Macedonia,Female,htn_diabetes,2025,2026,2030,743658.5,131693.732703905,0.378993254217173,0.374385519685091,0.529921754004715,0.0311072468639249,49304.2265576209,69787.3738258814,20483.1472682605,joint_shared_proportional_scale_cap_diabetes_0.80,0.15,0.15
bp_diabetes_only,North Macedonia,Male,htn_diabetes,2025,2026,2030,686092.5,109401.538061781,0.311356298040161,0.286391391868193,0.405370989877759,0.0237959196019132,31331.6587580344,44348.2097782533,13016.5510202189,joint_shared_proportional_scale_cap_diabetes_0.80,0.15,0.15
bp_diabetes_only,Norway,Female,htn_diabetes,2025,2026,2030,2219621.5,251706.063084899,0.357206023429605,0.383286423286196,0.542520484993275,0.0318468123414157,96475.5166392607,136555.695420567,40080.1787813067,joint_shared_proportional_scale_cap_diabetes_0.80,0.15,0.15
bp_diabetes_only,Norway,Male,htn_diabetes,2025,2026,2030,2233943.5,279179.44043221,0.321193939157066,0.390222237942314,0.552337742538687,0.0324231009192746,108942.02603294,154201.341891541,45259.3158586008,joint_shared_proportional_scale_cap_diabetes_0.80,0.15,0.15
bp_diabetes_only,Oman,Female,htn_diabetes,2025,2026,2030,1282955,117514.673216394,0.333635021076256,0.29911446010094,0.42337978102943,0.0248530641856982,35150.3380330599,49753.3366141018,14602.9985810419,joint_shared_proportional_scale_cap_diabetes_0.80,0.15,0.15
bp_diabetes_only,Oman,Male,htn_diabetes,2025,2026,2030,2614687.5,203283.728045092,0.20350177676119,0.232544862081566,0.329154240000259,0.0193218755837386,47272.5865016726,66911.7010091017,19639.1145074291,joint_shared_proportional_scale_cap_diabetes_0.80,0.15,0.15
bp_diabetes_only,Pakistan,Female,htn_diabetes,2025,2026,2030,69794301,6981784.98176214,0.262179445414686,0.251770431424987,0.356366957620253,0.0209193052390531,1757807.01697475,2488077.47270934,730270.455734594,joint_shared_proportional_scale_cap_diabetes_0.80,0.15,0.15
bp_diabetes_only,Pakistan,Male,htn_diabetes,2025,2026,2030,70647171,5481095.31912087,0.20758396245162,0.202438192463386,0.286539933803999,0.0168203482681226,1109583.02912236,1570552.6899143,460969.660791947,joint_shared_proportional_scale_cap_diabetes_0.80,0.15,0.15
bp_diabetes_only,Panama,Female,htn_diabetes,2025,2026,2030,1594428,173918.944169603,0.329011757760125,0.458200821538107,0.648557623810109,0.0380713604544003,79689.8030995523,112796.457166201,33106.6540666484,joint_shared_proportional_scale_cap_diabetes_0.80,0.15,0.15
bp_diabetes_only,Panama,Male,htn_diabetes,2025,2026,2030,1559269.5,144595.091645242,0.271584849954231,0.323250516730644,0.457543018632019,0.0268585003802749,46740.4380910394,66158.4747107375,19418.0366196981,joint_shared_proportional_scale_cap_diabetes_0.80,0.15,0.15
bp_diabetes_only,Papua New Guinea,Female,htn_diabetes,2025,2026,2030,3108214,280426.883024342,0.387741503301747,0.205159361296208,0.290391596021183,0.017046446944995,57532.2002115605,81433.6101286844,23901.4099171239,joint_shared_proportional_scale_cap_diabetes_0.80,0.15,0.15
bp_diabetes_only,Papua New Guinea,Male,htn_diabetes,2025,2026,2030,3233710.5,224047.33175745,0.342513109886119,0.184651251396747,0.261363514009931,0.0153424525226369,41370.6201811152,58557.7979326759,17187.1777515607,joint_shared_proportional_scale_cap_diabetes_0.80,0.15,0.15
bp_diabetes_only,Paraguay,Female,htn_diabetes,2025,2026,2030,2292318,277344.910441563,0.273570538151416,0.288398260210573,0.408211599720108,0.023962667901907,79985.7896496038,113215.40956558,33229.6199159766,joint_shared_proportional_scale_cap_diabetes_0.80,0.15,0.15
bp_diabetes_only,Paraguay,Male,htn_diabetes,2025,2026,2030,2254791.5,270419.94844071,0.214655910496796,0.20203845671125,0.285974130214457,0.0167871347006414,54635.2290468969,77333.1095479704,22697.8805010735,joint_shared_proportional_scale_cap_diabetes_0.80,0.15,0.15
bp_diabetes_only,Peru,Female,htn_diabetes,2025,2026,2030,12239247,604928.334259162,0.292172617623618,0.416954438656076,0.590175676822466,0.034644247633278,252227.554038184,357013.989100488,104786.435062304,joint_shared_proportional_scale_cap_diabetes_0.80,0.15,0.15
bp_diabetes_only,Peru,Male,htn_diabetes,2025,2026,2030,11865319,559288.855639863,0.224876754931192,0.257154997194444,0.363988509168252,0.0213667023947615,143823.924102953,203574.716758771,59750.7926558184,joint_shared_proportional_scale_cap_diabetes_0.80,0.15,0.15
bp_diabetes_only,Philippines,Female,htn_diabetes,2025,2026,2030,38493517.5,3631638.61129505,0.34672138774085,0.306176948053522,0.433376337537859,0.0254398778968675,1111924.02643965,1573866.24062412,461942.214184477,joint_shared_proportional_scale_cap_diabetes_0.80,0.15,0.15
bp_diabetes_only,Philippines,Male,htn_diabetes,2025,2026,2030,37386490,2915205.03383848,0.264131283017936,0.244848571778532,0.346569452610151,0.0203441761663239,713783.788976937,1010321.01282376,296537.22384682,joint_shared_proportional_scale_cap_diabetes_0.80,0.15,0.15
bp_diabetes_only,Poland,Female,htn_diabetes,2025,2026,2030,16173722.5,2806342.40160733,0.345383075651939,0.47241186237092,0.668672556916206,0.039252138909057,1325749.4403938,1876524.14926514,550774.708871338,joint_shared_proportional_scale_cap_diabetes_0.80,0.15,0.15
bp_diabetes_only,Poland,Male,htn_diabetes,2025,2026,2030,14780781,2263455.08659286,0.269096370940597,0.393026783197947,0.556307419416951,0.0326561272438008,889598.471596622,1259176.85818864,369578.386592022,joint_shared_proportional_scale_cap_diabetes_0.80,0.15,0.15
bp_diabetes_only,Portugal,Female,htn_diabetes,2025,2026,2030,4606381,809632.911459619,0.433689451714741,0.604829284627558,0.8,0.0390341430744884,489689.694649048,647706.329167695,158016.634518647,joint_shared_proportional_scale_cap_diabetes_0.80,0.15,0.15
bp_diabetes_only,Portugal,Male,htn_diabetes,2025,2026,2030,4073228.5,686844.248174175,0.384251126165352,0.475908346523538,0.673621634585031,0.0395426576122985,326874.910467775,462673.145160415,135798.23469264,joint_shared_proportional_scale_cap_diabetes_0.80,0.15,0.15
bp_diabetes_only,Qatar,Female,htn_diabetes,2025,2026,2030,624605,50326.805892565,0.345482643211606,0.423637556032157,0.599635255507911,0.0351995398951507,21320.325051231,30177.7271102852,8857.40205905424,joint_shared_proportional_scale_cap_diabetes_0.80,0.15,0.15
bp_diabetes_only,Qatar,Male,htn_diabetes,2025,2026,2030,1924349,131787.523696535,0.224604101587566,0.328355055860808,0.464768208141264,0.0272826304560912,43273.0997051332,61250.6512438128,17977.5515386796,joint_shared_proportional_scale_cap_diabetes_0.80,0.15,0.15
bp_diabetes_only,Republic of Korea,Female,htn_diabetes,2025,2026,2030,22426609.5,2486855.29602692,0.369705426317884,0.66711272241747,0.8,0.0265774555165059,1659012.80679082,1989484.23682154,330471.430030714,joint_shared_proportional_scale_cap_diabetes_0.80,0.15,0.15
bp_diabetes_only,Republic of Korea,Male,htn_diabetes,2025,2026,2030,22118759.5,2435427.81532135,0.31159103336558,0.601413995851493,0.8,0.0397172008297014,1464700.37402029,1948342.25225708,483641.878236796,joint_shared_proportional_scale_cap_diabetes_0.80,0.15,0.15
bp_diabetes_only,Republic of Moldova,Female,htn_diabetes,2025,2026,2030,1255864.5,253727.719013624,0.390075896561165,0.182785866932435,0.258723166680117,0.0151874599495366,46377.8410846943,65645.2389377277,19267.3978530334,joint_shared_proportional_scale_cap_diabetes_0.80,0.15,0.15
bp_diabetes_only,Republic of Moldova,Male,htn_diabetes,2025,2026,2030,1000795,143927.071502451,0.293223710319472,0.180193443241867,0.255053736007733,0.0149720585531733,25934.714589745,36709.1372993522,10774.4227096072,joint_shared_proportional_scale_cap_diabetes_0.80,0.15,0.15
bp_diabetes_only,Romania,Female,htn_diabetes,2025,2026,2030,7886118.5,1308176.82467213,0.322036073555643,0.467242678832211,0.661355866863905,0.0388226376063388,611236.04394602,865170.417892306,253934.373946285,joint_shared_proportional_scale_cap_diabetes_0.80,0.15,0.15
bp_diabetes_only,Romania,Male,htn_diabetes,2025,2026,2030,7204556.5,941693.649615771,0.239308171612539,0.346557459763158,0.490532692331649,0.0287950465136982,326350.959085939,461931.521297641,135580.562211702,joint_shared_proportional_scale_cap_diabetes_0.80,0.15,0.15
bp_diabetes_only,Russian Federation,Female,htn_diabetes,2025,2026,2030,62051986,12693481.116855,0.430391328434868,0.299040418992928,0.423274979984083,0.024846912198231,3795863.91166314,5372832.96566513,1576969.05400199,joint_shared_proportional_scale_cap_diabetes_0.80,0.15,0.15
bp_diabetes_only,Russian Federation,Male,htn_diabetes,2025,2026,2030,50778735,7144280.07053247,0.299108165368558,0.246189972242018,0.348468129906836,0.0204556315329635,1758850.11225359,2489553.91570913,730703.803455532,joint_shared_proportional_scale_cap_diabetes_0.80,0.15,0.15
bp_diabetes_only,Rwanda,Female,htn_diabetes,2025,2026,2030,4138857.5,244475.450303349,0.248453062251425,0.171042577993847,0.242101198294816,0.0142117240601937,41815.7112760915,59187.7994721055,17372.088196014,joint_shared_proportional_scale_cap_diabetes_0.80,0.15,0.15
bp_diabetes_only,Rwanda,Male,htn_diabetes,2025,2026,2030,3762650,156438.857531228,0.181256705849676,0.181806733441622,0.257337258012248,0.0151061049141253,28441.6376710919,40257.546643655,11815.9089725632,joint_shared_proportional_scale_cap_diabetes_0.80,0.15,0.15
bp_diabetes_only,Saint Lucia,Female,htn_diabetes,2025,2026,2030,71212,9814.89632492948,0.356429184247594,0.406085949219475,0.57479193818196,0.0337411977924971,3985.69149059973,5641.52328166122,1655.83179106149,joint_shared_proportional_scale_cap_diabetes_0.80,0.15,0.15
bp_diabetes_only,Saint Lucia,Male,htn_diabetes,2025,2026,2030,68083.5,7015.91012728503,0.285155964215153,0.227755775608727,0.322375556075993,0.0189239560934533,1597.91405264093,2261.75792866271,663.84387602178,joint_shared_proportional_scale_cap_diabetes_0.80,0.15,0.15
bp_diabetes_only,Saint Vincent and the Grenadines,Female,htn_diabetes,2025,2026,2030,35855,6113.85526902857,0.406156750970933,0.343391056721316,0.486050826005114,0.0285319538567596,2099.44322147291,2971.64440358706,872.20118211415,joint_shared_proportional_scale_cap_diabetes_0.80,0.15,0.15
bp_diabetes_only,Saint Vincent and the Grenadines,Male,htn_diabetes,2025,2026,2030,37098.5,5076.53817772519,0.370073700440224,0.247493290496447,0.350312903967527,0.0205639226942159,1256.40913793605,1778.37683114093,521.967693204882,joint_shared_proportional_scale_cap_diabetes_0.80,0.15,0.15
bp_diabetes_only,Samoa,Female,htn_diabetes,2025,2026,2030,58425,8209.42829797604,0.417381643427851,0.187223537705163,0.265004441344687,0.0155561807279048,1536.99820848395,2175.53495986441,638.536751380457,joint_shared_proportional_scale_cap_diabetes_0.80,0.15,0.15
bp_diabetes_only,Samoa,Male,htn_diabetes,2025,2026,2030,56902.5,7327.69124694789,0.370087767467223,0.193597338977146,0.274026200392867,0.0160857722831443,1418.62152625523,2007.9793900532,589.357863797967,joint_shared_proportional_scale_cap_diabetes_0.80,0.15,0.15
bp_diabetes_only,Sao Tome and Principe,Female,htn_diabetes,2025,2026,2030,65055,6894.41904169694,0.271403185310548,0.223545152386055,0.31641565451386,0.0185741004255609,1541.21395528946,2181.50211357135,640.288158281893,joint_shared_proportional_scale_cap_diabetes_0.80,0.15,0.15
bp_diabetes_only,Sao Tome and Principe,Male,htn_diabetes,2025,2026,2030,62914.5,4650.32749964988,0.214777720924124,0.187148966220692,0.264898889581139,0.0155499846720894,870.303984147131,1231.86659084589,361.562606698758,joint_shared_proportional_scale_cap_diabetes_0.80,0.15,0.15
bp_diabetes_only,Saudi Arabia,Female,htn_diabetes,2025,2026,2030,8701835.5,592079.470040186,0.34300597852858,0.354597447426646,0.501912844983908,0.0294630795114525,209949.868749971,297172.291264434,87222.4225144631,joint_shared_proportional_scale_cap_diabetes_0.80,0.15,0.15
bp_diabetes_only,Saudi Arabia,Male,htn_diabetes,2025,2026,2030,15708054.5,1062261.57410743,0.24975859990783,0.302052464089981,0.427538361277018,0.0250971794374076,320858.72596725,454157.572641436,133298.846674186,joint_shared_proportional_scale_cap_diabetes_0.80,0.15,0.15
bp_diabetes_only,Senegal,Female,htn_diabetes,2025,2026,2030,5053659.5,451563.501540978,0.272735667684677,0.219686510493607,0.310953962829197,0.018253490467118,99202.4099198118,140415.460273195,41213.0503533834,joint_shared_proportional_scale_cap_diabetes_0.80,0.15,0.15
bp_diabetes_only,Senegal,Male,htn_diabetes,2025,2026,2030,5040091,330768.566842342,0.224024730681033,0.188112851897493,0.266263215821481,0.0156300727847976,62221.8184267595,88071.5023001045,25849.683873345,joint_shared_proportional_scale_cap_diabetes_0.80,0.15,0.15
bp_diabetes_only,Serbia,Female,htn_diabetes,2025,2026,2030,2915084,632753.767855624,0.418371021039005,0.400508942148227,0.566897996739518,0.0332778109182582,253423.542204161,358706.843426736,105283.301222575,joint_shared_proportional_scale_cap_diabetes_0.80,0.15,0.15
bp_diabetes_only,Serbia,Male,htn_diabetes,2025,2026,2030,2554939,437296.525327518,0.32088502084987,0.296368338316376,0.419492799305322,0.0246248921977893,129600.844562841,183442.743536131,53841.8989732899,joint_shared_proportional_scale_cap_diabetes_0.80,0.15,0.15
bp_diabetes_only,Seychelles,Female,htn_diabetes,2025,2026,2030,43593,6653.40063479678,0.381252173314952,0.450758389953701,0.638023278350952,0.0374529776794502,2999.07615785793,4245.02448519535,1245.94832733742,joint_shared_proportional_scale_cap_diabetes_0.80,0.15,0.15
bp_diabetes_only,Seychelles,Male,htn_diabetes,2025,2026,2030,56344.5,6992.98124746385,0.298746206866865,0.290479772408834,0.411157863763687,0.0241356182709706,2031.31960122254,2875.21923104676,843.899629824216,joint_shared_proportional_scale_cap_diabetes_0.80,0.15,0.15
bp_diabetes_only,Sierra Leone,Female,htn_diabetes,2025,2026,2030,2385993.5,209477.303452265,0.255479541559211,0.216318147439701,0.306186233406457,0.0179736171933512,45313.7422134582,64139.0665281906,18825.3243147324,joint_shared_proportional_scale_cap_diabetes_0.80,0.15,0.15
bp_diabetes_only,Sierra Leone,Male,htn_diabetes,2025,2026,2030,2334667.5,135910.659218321,0.193602656141489,0.182760145985458,0.258686760118913,0.015185322826691,24839.0519197202,35158.2880988132,10319.236179093,joint_shared_proportional_scale_cap_diabetes_0.80,0.15,0.15
bp_diabetes_only,Singapore,Female,htn_diabetes,2025,2026,2030,2395676,247563.507051972,0.371503254726392,0.48944829443916,0.692786673218507,0.0406676757558694,121169.536291965,171508.698460842,50339.1621688773,joint_shared_proportional_scale_cap_diabetes_0.80,0.15,0.15
bp_diabetes_only,Singapore,Male,htn_diabetes,2025,2026,2030,2562175.5,246192.350116334,0.297868720081017,0.467607399398066,0.661872108416575,0.0388529418037019,115121.364589597,162947.84984753,47826.4852579326,joint_shared_proportional_scale_cap_diabetes_0.80,0.15,0.15
bp_diabetes_only,Slovakia,Female,htn_diabetes,2025,2026,2030,2275438,359561.86584607,0.349446185070638,0.503510325238567,0.712690690960321,0.0418360731443507,181043.112015541,256256.394612818,75213.2825972769,joint_shared_proportional_scale_cap_diabetes_0.80,0.15,0.15
bp_diabetes_only,Slovakia,Male,htn_diabetes,2025,2026,2030,2117869,276079.045920549,0.263143720936775,0.41075268042934,0.581397435077995,0.034128950929731,113400.20812224,160511.649176987,47111.4410547468,joint_shared_proportional_scale_cap_diabetes_0.80,0.15,0.15
bp_diabetes_only,Slovenia,Female,htn_diabetes,2025,2026,2030,859407,153280.898096121,0.356416472902356,0.380533388214262,0.538623717897733,0.0316180659366943,58328.4995010417,82560.7272152361,24232.2277141943,joint_shared_proportional_scale_cap_diabetes_0.80,0.15,0.15
bp_diabetes_only,Slovenia,Male,htn_diabetes,2025,2026,2030,861169,126406.039694231,0.274331534142191,0.291725039807303,0.41292047008606,0.0242390860557513,36875.8069616832,52195.6413322592,15319.8343705759,joint_shared_proportional_scale_cap_diabetes_0.80,0.15,0.15
bp_diabetes_only,Solomon Islands,Female,htn_diabetes,2025,2026,2030,228074,24428.0483978929,0.424299705928496,0.160450994477478,0.227109404489855,0.0133316820024754,3919.50465858587,5547.83952449481,1628.33486590894,joint_shared_proportional_scale_cap_diabetes_0.80,0.15,0.15
bp_diabetes_only,Solomon Islands,Male,htn_diabetes,2025,2026,2030,234705.5,16446.6316792022,0.367283863757135,0.14263190239399,0.201887476730481,0.0118511148672981,2345.81436437788,3320.36897042973,974.554606051844,joint_shared_proportional_scale_cap_diabetes_0.80,0.15,0.14263190239399
bp_diabetes_only,Somalia,Female,htn_diabetes,2025,2026,2030,4470604,308364.376614498,0.241471197041762,0.215385896939893,0.304866684988971,0.0178961576098156,66417.3378414244,94010.0252671524,27592.6874257279,joint_shared_proportional_scale_cap_diabetes_0.80,0.15,0.15
bp_diabetes_only,Somalia,Male,htn_diabetes,2025,2026,2030,4350733.5,218289.930625808,0.191475914198618,0.209630891466071,0.29672079676776,0.0174179810603379,45760.3127551548,64771.1621416687,19010.849386514,joint_shared_proportional_scale_cap_diabetes_0.80,0.15,0.15
bp_diabetes_only,South Africa,Female,htn_diabetes,2025,2026,2030,22788012.5,3020840.9223067,0.341997697297961,0.397884084107648,0.563182657059589,0.0330597145903881,1201944.52360691,1701285.21717903,499340.693572122,joint_shared_proportional_scale_cap_diabetes_0.80,0.15,0.15
bp_diabetes_only,South Africa,Male,htn_diabetes,2025,2026,2030,20943438,2179041.20969039,0.274838236095065,0.273153840537442,0.38663397668927,0.0226960272303655,595213.475116285,842491.368272394,247277.893156109,joint_shared_proportional_scale_cap_diabetes_0.80,0.15,0.15
bp_diabetes_only,South Sudan,Female,htn_diabetes,2025,2026,2030,3278193.5,265428.31880609,0.284661785851502,0.239116556858166,0.338456106230899,0.0198679098745466,63468.3056855638,89835.835266523,26367.5295809591,joint_shared_proportional_scale_cap_diabetes_0.80,0.15,0.15
bp_diabetes_only,South Sudan,Male,htn_diabetes,2025,2026,2030,3017458,154761.608132345,0.197279025071392,0.213156635511536,0.301711290177645,0.0177109309332218,32988.4636958454,46693.3244595769,13704.8607637315,joint_shared_proportional_scale_cap_diabetes_0.80,0.15,0.15
bp_diabetes_only,Spain,Female,htn_diabetes,2025,2026,2030,20446366.5,2288280.36352491,0.355179126396273,0.441921221859733,0.625514761406362,0.0367187079093258,1011239.65420656,1431353.14562115,420113.491414586,joint_shared_proportional_scale_cap_diabetes_0.80,0.15,0.15
bp_diabetes_only,Spain,Male,htn_diabetes,2025,2026,2030,19337635.5,2192494.14632956,0.288945765414306,0.401769784876729,0.568682649070019,0.033382572838658,880877.901514315,1246833.3792052,365955.477690889,joint_shared_proportional_scale_cap_diabetes_0.80,0.15,0.15
bp_diabetes_only,Sri Lanka,Female,htn_diabetes,2025,2026,2030,8807415.5,1311179.3222086,0.403182545366129,0.265304289826224,0.375523376886861,0.0220438174121275,347861.498913383,492378.486780001,144516.987866618,joint_shared_proportional_scale_cap_diabetes_0.80,0.15,0.15
bp_diabetes_only,Sri Lanka,Male,htn_diabetes,2025,2026,2030,7935572.5,895979.740124977,0.340734110316281,0.228527551647341,0.323467961873165,0.0189880820451648,204756.056336382,289820.740417874,85064.6840814924,joint_shared_proportional_scale_cap_diabetes_0.80,0.15,0.15
bp_diabetes_only,Sudan,Female,htn_diabetes,2025,2026,2030,13583720,1184914.8702798,0.246149318468432,0.209834860706194,0.297009503813856,0.0174349286215324,248636.446753861,351930.977683464,103294.530929603,joint_shared_proportional_scale_cap_diabetes_0.80,0.15,0.15
bp_diabetes_only,Sudan,Male,htn_diabetes,2025,2026,2030,12819208,776680.639033869,0.190670970782476,0.185431919418285,0.262468505911373,0.0154073172986175,144021.38167107,203854.20689751,59832.8252264391,joint_shared_proportional_scale_cap_diabetes_0.80,0.15,0.15
bp_diabetes_only,Suriname,Female,htn_diabetes,2025,2026,2030,219111,29524.1084301017,0.339029613763467,0.338453547936338,0.479062058603132,0.0281217021333588,9992.53924782505,14143.8801629466,4151.34091512154,joint_shared_proportional_scale_cap_diabetes_0.80,0.15,0.15
bp_diabetes_only,Suriname,Male,htn_diabetes,2025,2026,2030,214766.5,24845.1205403189,0.304872115663374,0.285676751654258,0.404359456643329,0.0237365409978142,7097.67333041677,10046.3594419213,2948.68611150457,joint_shared_proportional_scale_cap_diabetes_0.80,0.15,0.15
bp_diabetes_only,Sweden,Female,htn_diabetes,2025,2026,2030,4175905,522756.876232944,0.382115805819252,0.284852108868395,0.403192220923638,0.0236680224110485,148908.398620409,210771.505931464,61863.1073110551,joint_shared_proportional_scale_cap_diabetes_0.80,0.15,0.15
bp_diabetes_only,Sweden,Male,htn_diabetes,2025,2026,2030,4190666,602919.005405549,0.361102498203853,0.300536244696627,0.425392237567272,0.024971198574129,181199.013740809,256477.064781301,75278.0510404917,joint_shared_proportional_scale_cap_diabetes_0.80,0.15,0.15
bp_diabetes_only,Switzerland,Female,htn_diabetes,2025,2026,2030,3688081,352492.369535524,0.383527517125472,0.486752980222715,0.688971606764084,0.0404437253082737,171576.711377183,242857.234210969,71280.5228337863,joint_shared_proportional_scale_cap_diabetes_0.80,0.15,0.15
bp_diabetes_only,Switzerland,Male,htn_diabetes,2025,2026,2030,3588272,411103.639229757,0.351857263970383,0.449054757586823,0.635611882064058,0.0373114248954471,184608.045057379,261302.357854209,76694.3127968303,joint_shared_proportional_scale_cap_diabetes_0.80,0.15,0.15
bp_diabetes_only,Syrian Arab Republic,Female,htn_diabetes,2025,2026,2030,8069505.5,771281.458041345,0.320993215492518,0.346998128113878,0.491156433724063,0.0288316611220369,267633.222189289,378819.850329082,111186.628139793,joint_shared_proportional_scale_cap_diabetes_0.80,0.15,0.15
bp_diabetes_only,Syrian Arab Republic,Male,htn_diabetes,2025,2026,2030,7875258.5,596913.310855204,0.229186084508026,0.281180559564571,0.397995348329222,0.0233629577529303,167840.418757807,237568.721076166,69728.3023183594,joint_shared_proportional_scale_cap_diabetes_0.80,0.15,0.15
bp_diabetes_only,Tajikistan,Female,htn_diabetes,2025,2026,2030,3167650.5,326800.580931167,0.314158236598512,0.201150977173891,0.284717952589114,0.0167133950830447,65736.2561952995,93045.9923076551,27309.7361123556,joint_shared_proportional_scale_cap_diabetes_0.80,0.15,0.15
bp_diabetes_only,Tajikistan,Male,htn_diabetes,2025,2026,2030,2938682.5,318272.052849047,0.256311984585067,0.164129950909337,0.232316761459531,0.0136373621100387,52237.9764099279,73939.932580967,21701.9561710391,joint_shared_proportional_scale_cap_diabetes_0.80,0.15,0.15
bp_diabetes_only,Tanzania,Female,htn_diabetes,2025,2026,2030,17724197,1088208.1190059,0.228976418407545,0.195656267177352,0.276940498050909,0.0162568461747114,212914.738476782,301368.898460537,88454.1599837551,joint_shared_proportional_scale_cap_diabetes_0.80,0.15,0.15
bp_diabetes_only,Tanzania,Male,htn_diabetes,2025,2026,2030,16793901.5,687139.623537503,0.17615636315443,0.183705031810134,0.260024193131727,0.0152638322643187,126231.00639996,178672.926179178,52441.9197792176,joint_shared_proportional_scale_cap_diabetes_0.80,0.15,0.15
bp_diabetes_only,Thailand,Female,htn_diabetes,2025,2026,2030,30139128.5,3488657.94503911,0.359212960743709,0.394569400110307,0.558490907337751,0.0327843014454889,1376517.67256414,1948383.74111595,571866.06855181,joint_shared_proportional_scale_cap_diabetes_0.80,0.15,0.15
bp_diabetes_only,Thailand,Male,htn_diabetes,2025,2026,2030,27794681.5,2438427.77578518,0.294249039814907,0.325888502442416,0.461276939795949,0.0270776874707067,794655.576164625,1124790.50232763,330134.926163008,joint_shared_proportional_scale_cap_diabetes_0.80,0.15,0.15
bp_diabetes_only,Timor-Leste,Female,htn_diabetes,2025,2026,2030,411810,34260.8481443569,0.26495111080196,0.215626338722539,0.305207016878151,0.0179161356311223,7387.54124689658,10456.6512578545,3069.11001095791,joint_shared_proportional_scale_cap_diabetes_0.80,0.15,0.15
bp_diabetes_only,Timor-Leste,Male,htn_diabetes,2025,2026,2030,413587,28756.5739237481,0.243726977775872,0.232842591290669,0.329575659036014,0.019346613549069,6695.75518904719,9477.46680253712,2781.71161348994,joint_shared_proportional_scale_cap_diabetes_0.80,0.15,0.15
bp_diabetes_only,Togo,Female,htn_diabetes,2025,2026,2030,2521841,186949.745575195,0.254204193872075,0.241856636324739,0.342334535391995,0.0200955798134512,45215.0366265822,63999.3542931358,18784.3176665535,joint_shared_proportional_scale_cap_diabetes_0.80,0.15,0.15
bp_diabetes_only,Togo,Male,htn_diabetes,2025,2026,2030,2542448,144076.71566795,0.204206971696529,0.17173340591008,0.243079026554289,0.0142691241288417,24742.7850939952,35022.0277937043,10279.242699709,joint_shared_proportional_scale_cap_diabetes_0.80,0.15,0.15
bp_diabetes_only,Tonga,Female,htn_diabetes,2025,2026,2030,32313.5,6173.07983882532,0.463841232129796,0.196179819816976,0.277681557516394,0.0163003475398837,1211.03369049656,1714.15042431807,503.11673382151,joint_shared_proportional_scale_cap_diabetes_0.80,0.15,0.15
bp_diabetes_only,Tonga,Male,htn_diabetes,2025,2026,2030,25702,3870.14503121515,0.412557253901722,0.15605455230616,0.220886486603595,0.012966386859487,603.953750206188,854.862738591473,250.908988385285,joint_shared_proportional_scale_cap_diabetes_0.80,0.15,0.15
bp_diabetes_only,Trinidad and Tobago,Female,htn_diabetes,2025,2026,2030,597491.5,99215.6608511008,0.391941177612257,0.335972018583834,0.475549592661076,0.0279155148154483,33333.6858512734,47181.9671033404,13848.281252067,joint_shared_proportional_scale_cap_diabetes_0.80,0.15,0.15
bp_diabetes_only,Trinidad and Tobago,Male,htn_diabetes,2025,2026,2030,573181,88183.4265048088,0.364293832291484,0.268506254475395,0.380055578678686,0.0223098648406582,23677.8015576125,33514.6031901545,9836.80163254198,joint_shared_proportional_scale_cap_diabetes_0.80,0.15,0.15
bp_diabetes_only,Tunisia,Female,htn_diabetes,2025,2026,2030,4473072.5,581202.370687569,0.389003893040855,0.276942491695655,0.391996600406022,0.0230108217420735,160959.632717637,227829.353457448,66869.7207398109,joint_shared_proportional_scale_cap_diabetes_0.80,0.15,0.15
bp_diabetes_only,Tunisia,Male,htn_diabetes,2025,2026,2030,4220651,404285.769419736,0.295105345764179,0.208659262356082,0.295345510131033,0.0173372495549902,84357.9704281832,119403.986807989,35046.0163798059,joint_shared_proportional_scale_cap_diabetes_0.80,0.15,0.15
bp_diabetes_only,Turkey,Female,htn_diabetes,2025,2026,2030,32397930.5,4177906.665772,0.390328541853969,0.450856895921297,0.638162708036085,0.0374611624229578,1883638.03077886,2666184.23175107,782546.200972214,joint_shared_proportional_scale_cap_diabetes_0.80,0.15,0.15
bp_diabetes_only,Turkey,Male,htn_diabetes,2025,2026,2030,31751575.5,2699265.8745229,0.299578645604827,0.386936707508259,0.547687258054365,0.0321501101092212,1044445.05017729,1478353.52557716,433908.475399873,joint_shared_proportional_scale_cap_diabetes_0.80,0.15,0.15
bp_diabetes_only,Turkmenistan,Female,htn_diabetes,2025,2026,2030,2480627.5,290921.823486391,0.342767814826483,0.237138586601707,0.335656400012151,0.0197035626820887,68988.7900331541,97649.7719564122,28660.9819232582,joint_shared_proportional_scale_cap_diabetes_0.80,0.15,0.15
bp_diabetes_only,Turkmenistan,Male,htn_diabetes,2025,2026,2030,2279282,190585.361243772,0.282153547156941,0.194228423858074,0.274919465728847,0.0161382083741545,37017.0943247995,52395.625688877,15378.5313640776,joint_shared_proportional_scale_cap_diabetes_0.80,0.15,0.15
bp_diabetes_only,Uganda,Female,htn_diabetes,2025,2026,2030,12507067,653159.376298381,0.201765989315765,0.205517017018381,0.290897837682942,0.0170761641329121,134235.36665443,190002.650227538,55767.2835731084,joint_shared_proportional_scale_cap_diabetes_0.80,0.15,0.15
bp_diabetes_only,Uganda,Male,htn_diabetes,2025,2026,2030,11918712.5,474497.950327972,0.159288656667595,0.191056975067221,0.270430457426927,0.0158746964719412,90656.1430652587,128318.697755333,37662.5546900738,joint_shared_proportional_scale_cap_diabetes_0.80,0.15,0.15
bp_diabetes_only,Ukraine,Female,htn_diabetes,2025,2026,2030,17369356.5,3376080.73890498,0.404214898532207,0.262036899916623,0.370898569299833,0.0217723338766421,884657.730690883,1252183.51590058,367525.785209699,joint_shared_proportional_scale_cap_diabetes_0.80,0.15,0.15
bp_diabetes_only,Ukraine,Male,htn_diabetes,2025,2026,2030,14484021.5,1982510.53649608,0.304594173667838,0.204977453467648,0.290134115668688,0.0170313324402079,406369.961243749,575193.941310148,168823.980066399,joint_shared_proportional_scale_cap_diabetes_0.80,0.15,0.15
bp_diabetes_only,United Arab Emirates,Female,htn_diabetes,2025,2026,2030,3019650,208923.561722555,0.313102360298914,0.349023512412265,0.494023251866061,0.0289999478907593,72919.2353380868,103213.097353616,30293.8620155296,joint_shared_proportional_scale_cap_diabetes_0.80,0.15,0.15
bp_diabetes_only,United Arab Emirates,Male,htn_diabetes,2025,2026,2030,6123736,449554.115252267,0.224000386510727,0.299626530277324,0.424104587710713,0.0248956114866777,134698.339724929,190657.962702717,55959.622977788,joint_shared_proportional_scale_cap_diabetes_0.80,0.15,0.15
bp_diabetes_only,United Kingdom,Female,htn_diabetes,2025,2026,2030,27891787.5,2807489.29937555,0.339152177310694,0.391452175242281,0.554078649964441,0.0325252949444319,1098997.79320999,1555569.88078762,456572.087577631,joint_shared_proportional_scale_cap_diabetes_0.80,0.15,0.15
bp_diabetes_only,United Kingdom,Male,htn_diabetes,2025,2026,2030,26469240,2516176.66967773,0.286448779558781,0.413376419248647,0.585111190562841,0.0343469542628388,1040128.10190837,1472243.12686158,432115.024953215,joint_shared_proportional_scale_cap_diabetes_0.80,0.15,0.15
bp_diabetes_only,United States,Female,htn_diabetes,2025,2026,2030,135029185,18180635.9623282,0.389171959372562,0.601643470928305,0.8,0.0396713058143391,10938260.9240591,14544508.7698626,3606247.84580347,joint_shared_proportional_scale_cap_diabetes_0.80,0.15,0.15
bp_diabetes_only,United States,Male,htn_diabetes,2025,2026,2030,134681241,16558100.8039897,0.340960055004095,0.547308830637753,0.774685024564473,0.045475238785344,9062394.78861365,12827312.7280798,3764917.93946614,joint_shared_proportional_scale_cap_diabetes_0.80,0.15,0.15
bp_diabetes_only,Uruguay,Female,htn_diabetes,2025,2026,2030,1356764.5,220273.693142473,0.377821852930059,0.427046412801424,0.604460301518879,0.035482777743491,94067.0904910146,133146.702973576,39079.6124825615,joint_shared_proportional_scale_cap_diabetes_0.80,0.15,0.15
bp_diabetes_only,Uruguay,Male,htn_diabetes,2025,2026,2030,1236352,160897.756900661,0.287580322374324,0.356196161420817,0.504175735185046,0.0295959147528457,57311.1633892352,81120.7448750155,23809.5814857802,joint_shared_proportional_scale_cap_diabetes_0.80,0.15,0.15
bp_diabetes_only,Uzbekistan,Female,htn_diabetes,2025,2026,2030,11620159,1550118.60348208,0.338181920783296,0.316498240788364,0.447985549865954,0.026297461815518,490609.811015392,694430.734938363,203820.92392297,joint_shared_proportional_scale_cap_diabetes_0.80,0.15,0.15
bp_diabetes_only,Uzbekistan,Male,htn_diabetes,2025,2026,2030,11464160.5,1309961.09551466,0.277202851087944,0.221356166151249,0.313317266985368,0.0183922201668236,289967.965910416,410433.430303812,120465.464393396,joint_shared_proportional_scale_cap_diabetes_0.80,0.15,0.15
bp_diabetes_only,Vanuatu,Female,htn_diabetes,2025,2026,2030,91194,12371.0417067154,0.406000634618235,0.150532439955398,0.213070245566313,0.012507561122183,1862.24309290186,2635.90089436094,773.657801459086,joint_shared_proportional_scale_cap_diabetes_0.80,0.15,0.15
bp_diabetes_only,Vanuatu,Male,htn_diabetes,2025,2026,2030,89621,10087.5228531896,0.354766864802506,0.101513799476357,0.143687102854412,0.00843466067561097,1024.02277213187,1449.44693375249,425.424161620628,joint_shared_proportional_scale_cap_diabetes_0.80,0.15,0.101513799476357
bp_diabetes_only,Venezuela (Bolivarian Republic of),Female,htn_diabetes,2025,2026,2030,9902077,1291418.07806309,0.34131774738841,0.494783111795857,0.700337808671965,0.0411109393752217,638971.855293482,904428.906870067,265457.051576586,joint_shared_proportional_scale_cap_diabetes_0.80,0.15,0.15
bp_diabetes_only,Venezuela (Bolivarian Republic of),Male,htn_diabetes,2025,2026,2030,9309412.5,1037015.69836948,0.300106972892915,0.358383766520007,0.507272167793356,0.0297776802546699,371649.591922028,526049.201347625,154399.609425597,joint_shared_proportional_scale_cap_diabetes_0.80,0.15,0.15
bp_diabetes_only,Viet Nam,Female,htn_diabetes,2025,2026,2030,37636568.5,3515934.32387011,0.363420553771913,0.245308553756167,0.34722053136075,0.0203823955209167,862488.764090243,1220804.58416368,358315.820073437,joint_shared_proportional_scale_cap_diabetes_0.80,0.15,0.15
bp_diabetes_only,Viet Nam,Male,htn_diabetes,2025,2026,2030,34682757,2959431.7466138,0.285044431161526,0.214462347736671,0.303559452769914,0.0178194210066485,634686.680345233,898363.481511995,263676.801166762,joint_shared_proportional_scale_cap_diabetes_0.80,0.15,0.15
bp_diabetes_only,Yemen,Female,htn_diabetes,2025,2026,2030,10560059.5,564560.138934096,0.253409211824213,0.309956645296974,0.438726287489294,0.0257539284384639,174989.166732406,247687.373818996,72698.2070865898,joint_shared_proportional_scale_cap_diabetes_0.80,0.15,0.15
bp_diabetes_only,Yemen,Male,htn_diabetes,2025,2026,2030,10618497.5,405611.170635073,0.189009337915826,0.252953768824495,0.358041905494449,0.0210176273339909,102600.874289457,145225.796424016,42624.9221345587,joint_shared_proportional_scale_cap_diabetes_0.80,0.15,0.15
bp_diabetes_only,Zambia,Female,htn_diabetes,2025,2026,2030,5568342,305966.440679616,0.243249901627704,0.232765396494384,0.329466394121384,0.0193401995253998,71218.3998787665,100805.659932867,29587.2600541009,joint_shared_proportional_scale_cap_diabetes_0.80,0.15,0.15
bp_diabetes_only,Zambia,Male,htn_diabetes,2025,2026,2030,5357895.5,221289.934715523,0.177489719818625,0.189448942053271,0.268154376674748,0.0157410869242953,41923.1440188932,59339.8645080365,17416.7204891434,joint_shared_proportional_scale_cap_diabetes_0.80,0.15,0.15
bp_diabetes_only,Zimbabwe,Female,htn_diabetes,2025,2026,2030,4675795.5,495752.676359461,0.286156172286157,0.296563404427426,0.419768904470399,0.0246411000085945,147022.10145517,208101.557843679,61079.4563885092,joint_shared_proportional_scale_cap_diabetes_0.80,0.15,0.15
bp_diabetes_only,Zimbabwe,Male,htn_diabetes,2025,2026,2030,3849027,260271.475511665,0.236198772602801,0.238414033167737,0.3374617232575,0.0198095380179526,62052.3721952539,87831.6606409386,25779.2884456847,joint_shared_proportional_scale_cap_diabetes_0.80,0.15,0.15
bp_combined,Afghanistan,Female,htn_no_diabetes,2025,2026,2030,10656400,2758312.57905498,0.288116944917646,0.130085711511268,0.184129045570423,0.010808666811831,358817.054416848,507885.462566285,149068.408149437,joint_shared_proportional_scale_cap_1.0,0.15,0.15
bp_combined,Afghanistan,Male,htn_no_diabetes,2025,2026,2030,10584668.5,2239824.0290957,0.206915093397397,0.067564526875106,0.0956338071522393,0.00561385605542666,151332.650809345,214202.89925349,62870.2484441453,joint_shared_proportional_scale_cap_1.0,0.15,0.15
bp_combined,Albania,Female,htn_no_diabetes,2025,2026,2030,1119803,344300.42541648,0.296321263909921,0.0709776577476778,0.100464902917274,0.00589744903391921,24437.6377575908,34590.1088138428,10152.471056252,joint_shared_proportional_scale_cap_1.0,0.15,0.15
bp_combined,Albania,Male,htn_no_diabetes,2025,2026,2030,1063013.5,347988.140399332,0.23311824821873,0.0182072758909353,0.0257713802176105,0.00151282086533505,6335.91607902415,8968.1346774504,2632.21859842625,joint_shared_proportional_scale_cap_1.0,0.15,0.15
bp_combined,Algeria,Female,htn_no_diabetes,2025,2026,2030,14751664,2996350.05922519,0.378580542968894,0.147025627784635,0.208106549165718,0.0122161842762165,440540.248520112,623560.070917848,183019.822397736,joint_shared_proportional_scale_cap_1.0,0.15,0.15
bp_combined,Algeria,Male,htn_no_diabetes,2025,2026,2030,15328527.5,3434984.22066707,0.27594218781711,0.0695735713839626,0.0984774972364667,0.00578078517050083,238984.119879365,338268.649098048,99284.5292186827,joint_shared_proportional_scale_cap_1.0,0.15,0.15
bp_combined,Andorra,Female,htn_no_diabetes,2025,2026,2030,34136.5,7496.5846599565,0.298406149800026,0.329783553948763,0.46679016725175,0.0274013226605975,2472.25033163824,3499.332007238,1027.08167559977,joint_shared_proportional_scale_cap_1.0,0.15,0.15
bp_combined,Andorra,Male,htn_no_diabetes,2025,2026,2030,35615.5,10238.8552138139,0.261162859582898,0.259103133669997,0.366745987339507,0.0215285707339019,2652.91947109258,3755.05906461645,1102.13959352387,joint_shared_proportional_scale_cap_1.0,0.15,0.15
bp_combined,Angola,Female,htn_no_diabetes,2025,2026,2030,9454084.5,2197376.29436801,0.276026424413656,0.0927370092815696,0.131264047447607,0.00770540763320755,203778.105805907,288436.50616417,84658.4003582629,joint_shared_proportional_scale_cap_1.0,0.15,0.15
bp_combined,Angola,Male,htn_no_diabetes,2025,2026,2030,8954924.5,1835347.88723527,0.263834825544535,0.0529614614927065,0.0749639852323215,0.00440050474792302,97202.7064555309,137584.991914877,40382.2854593464,joint_shared_proportional_scale_cap_1.0,0.15,0.15
bp_combined,Antigua and Barbuda,Female,htn_no_diabetes,2025,2026,2030,38630,10968.1461042655,0.355415158778058,0.22070126115299,0.312390285606184,0.0183378048906388,2420.68367772164,3426.34229408184,1005.6586163602,joint_shared_proportional_scale_cap_1.0,0.15,0.15
bp_combined,Antigua and Barbuda,Male,htn_no_diabetes,2025,2026,2030,33803.5,9609.05405586035,0.298166557675434,0.136628967501129,0.193390658289754,0.011352338157725,1312.87513431473,1858.30128940466,545.42615508993,joint_shared_proportional_scale_cap_1.0,0.15,0.15
bp_combined,Argentina,Female,htn_no_diabetes,2025,2026,2030,16991234.5,4778029.74786443,0.315857537146284,0.147009872700032,0.208084248725054,0.0122148752050043,702417.544990518,994232.730470329,291815.185479811,joint_shared_proportional_scale_cap_1.0,0.15,0.15
bp_combined,Argentina,Male,htn_no_diabetes,2025,2026,2030,16332211,6309732.35914544,0.245154637778431,0.0731257388992433,0.103505391589324,0.0060759305380161,461403.841018976,653091.318657177,191687.477638201,joint_shared_proportional_scale_cap_1.0,0.15,0.15
bp_combined,Armenia,Female,htn_no_diabetes,2025,2026,2030,1237586,349700.642120324,0.416766981424112,0.0380083099225272,0.0537986359030182,0.00315806519609819,13291.5303858161,18813.417520483,5521.88713466691,joint_shared_proportional_scale_cap_1.0,0.15,0.15
bp_combined,Armenia,Male,htn_no_diabetes,2025,2026,2030,999336.5,313322.614081779,0.328133741934919,0.0235537714835308,0.0333390455605165,0.00195705481539714,7379.92925270475,10445.8769060126,3065.94765330782,joint_shared_proportional_scale_cap_1.0,0.15,0.15
bp_combined,Australia,Female,htn_no_diabetes,2025,2026,2030,10622094.5,2217823.97452115,0.328767459149663,0.221144439483557,0.313017579734622,0.0183746280502131,490459.439718674,694217.892782031,203758.453063357,joint_shared_proportional_scale_cap_1.0,0.15,0.15
bp_combined,Australia,Male,htn_no_diabetes,2025,2026,2030,10251233.5,2608461.97338969,0.265291708032925,0.20887749157973,0.295654401385876,0.0173553819612292,544848.993882752,771203.263280351,226354.269397599,joint_shared_proportional_scale_cap_1.0,0.15,0.15
bp_combined,Austria,Female,htn_no_diabetes,2025,2026,2030,3829405,989923.583204595,0.332288306457589,0.220946939248543,0.31273802920328,0.0183582179909474,218720.585799005,309586.750473254,90866.1646742484,joint_shared_proportional_scale_cap_1.0,0.15,0.15
bp_combined,Austria,Male,htn_no_diabetes,2025,2026,2030,3647096.5,1096560.36239071,0.286684581934179,0.231940464922039,0.328298749640585,0.0192716569437092,254336.720267981,359999.395878298,105662.675610316,joint_shared_proportional_scale_cap_1.0,0.15,0.15
bp_combined,Azerbaijan,Female,htn_no_diabetes,2025,2026,2030,3950832,1004878.05415193,0.36572520475046,0.123234548410083,0.174431607564257,0.0102394118308348,123835.693210616,175282.494391764,51446.8011811475,joint_shared_proportional_scale_cap_1.0,0.15,0.15
bp_combined,Azerbaijan,Male,htn_no_diabetes,2025,2026,2030,3600166,873264.569574518,0.323697792995275,0.0396143662099455,0.0560719187094014,0.00329151049989119,34593.8224572954,48965.6199569828,14371.7974996874,joint_shared_proportional_scale_cap_1.0,0.15,0.15
bp_combined,Bahamas,Female,htn_no_diabetes,2025,2026,2030,164326,47897.4794380907,0.326027315326277,0.226475126470149,0.320562868880317,0.0188175484820336,10847.587713343,15354.1534208104,4506.56570746739,joint_shared_proportional_scale_cap_1.0,0.15,0.15
bp_combined,Bahamas,Male,htn_no_diabetes,2025,2026,2030,144907,45233.3146263358,0.288191586856383,0.126218217261114,0.178654823868769,0.0104873213215311,5709.26833294715,8081.14985756863,2371.88152462148,joint_shared_proportional_scale_cap_1.0,0.15,0.15
bp_combined,Bahrain,Female,htn_no_diabetes,2025,2026,2030,439854,73100.2256530705,0.386080035007626,0.186712974582785,0.264281767814022,0.0155137586462474,13648.7605743576,19319.0568631974,5670.29628883981,joint_shared_proportional_scale_cap_1.0,0.15,0.15
bp_combined,Bahrain,Male,htn_no_diabetes,2025,2026,2030,828704,191772.750831934,0.268169590441785,0.124074239993756,0.175620144015179,0.0103091808042845,23794.0583109842,33679.1581192913,9885.09980830707,joint_shared_proportional_scale_cap_1.0,0.15,0.15
bp_combined,Bangladesh,Female,htn_no_diabetes,2025,2026,2030,59223138.5,13641075.5575192,0.219874659115649,0.117667144030192,0.166551258194102,0.00977682283278205,1605106.40235334,2271938.29722563,666831.894872294,joint_shared_proportional_scale_cap_1.0,0.15,0.15
bp_combined,Bangladesh,Male,htn_no_diabetes,2025,2026,2030,54363605,8806315.99863917,0.215322552979708,0.108153543737481,0.15308528932262,0.00898634911702779,952434.282524899,1348117.43251809,395683.149993194,joint_shared_proportional_scale_cap_1.0,0.15,0.15
bp_combined,Barbados,Female,htn_no_diabetes,2025,2026,2030,116219.5,33685.3691628895,0.397122004010239,0.317851986363151,0.449901700976902,0.0264099429227502,10706.9614998005,15155.1048844189,4448.1433846184,joint_shared_proportional_scale_cap_1.0,0.15,0.15
bp_combined,Barbados,Male,htn_no_diabetes,2025,2026,2030,103510.5,28483.1016797837,0.341958504975447,0.237384895347905,0.336005036259946,0.0197240281824081,6761.45811143919,9570.46561271143,2809.00750127225,joint_shared_proportional_scale_cap_1.0,0.15,0.15
bp_combined,Belarus,Female,htn_no_diabetes,2025,2026,2030,3909680,1315356.34965957,0.380107069411175,0.0797914349113647,0.112940311308913,0.00662977527950971,104954.170559112,148556.755612708,43602.5850535958,joint_shared_proportional_scale_cap_1.0,0.15,0.15
bp_combined,Belarus,Male,htn_no_diabetes,2025,2026,2030,3241931.5,1209813.43165851,0.280198360573235,0.0239403892592678,0.0338862813884947,0.00198917842584539,28963.4044849952,40996.0783727606,12032.6738877654,joint_shared_proportional_scale_cap_1.0,0.15,0.15
bp_combined,Belgium,Female,htn_no_diabetes,2025,2026,2030,4782953,1054896.60305826,0.363411341036508,0.368649991968676,0.521803435459217,0.0306306886981083,388887.62424521,550448.671530056,161561.047284847,joint_shared_proportional_scale_cap_1.0,0.15,0.15
bp_combined,Belgium,Male,htn_no_diabetes,2025,2026,2030,4571695.5,1215748.91503935,0.308042053060249,0.300976051202218,0.42601475906613,0.0250077415727826,365911.307701924,517926.981125399,152015.673423474,joint_shared_proportional_scale_cap_1.0,0.15,0.15
bp_combined,Belize,Female,htn_no_diabetes,2025,2026,2030,140619,29880.4507119797,0.304688567556802,0.221386629728861,0.313360386474857,0.0183947513491993,6615.13227790452,9363.34958314887,2748.21730524435,joint_shared_proportional_scale_cap_1.0,0.15,0.15
bp_combined,Belize,Male,htn_no_diabetes,2025,2026,2030,141068,33958.6655836703,0.24518325621494,0.122433270720606,0.173297443831082,0.0101728346220953,4157.67049671603,5884.94994156461,1727.27944484858,joint_shared_proportional_scale_cap_1.0,0.15,0.15
bp_combined,Benin,Female,htn_no_diabetes,2025,2026,2030,3738262,604953.322453641,0.300504265431333,0.0571435262733831,0.0808834639178263,0.00474798752888864,34569.1660758001,48930.7202286482,14361.5541528482,joint_shared_proportional_scale_cap_1.0,0.15,0.15
bp_combined,Benin,Male,htn_no_diabetes,2025,2026,2030,3683484.5,657343.172812682,0.21200580430093,0.0491184658253721,0.0695244399038075,0.00408119481568708,32287.6881693414,45701.4159143935,13413.7277450521,joint_shared_proportional_scale_cap_1.0,0.15,0.15
bp_combined,Bhutan,Female,htn_no_diabetes,2025,2026,2030,267843.5,76163.29133124,0.230571096323801,0.0726189313713038,0.102788033892439,0.00603382050422694,5530.89682619594,7828.67497071517,2297.77814451923,joint_shared_proportional_scale_cap_1.0,0.15,0.15
bp_combined,Bhutan,Male,htn_no_diabetes,2025,2026,2030,314056.5,98223.854913506,0.20223139413412,0.0390414278312598,0.0552609564937017,0.00324390573248837,3834.79954291378,5427.94417301892,1593.14463010514,joint_shared_proportional_scale_cap_1.0,0.15,0.15
bp_combined,Bolivia,Female,htn_no_diabetes,2025,2026,2030,3989287,609573.14461524,0.288227077816936,0.293758218319368,0.415798320501386,0.0244080204364036,179067.120897507,253459.489753765,74392.368856258,joint_shared_proportional_scale_cap_1.0,0.15,0.15
bp_combined,Bolivia,Male,htn_no_diabetes,2025,2026,2030,3933289,725874.361307111,0.233818868809144,0.158020611299355,0.223669333095701,0.0131297443592691,114703.110300279,162355.834304829,47652.7240045506,joint_shared_proportional_scale_cap_1.0,0.15,0.15
bp_combined,Bosnia and Herzegovina,Female,htn_no_diabetes,2025,2026,2030,1388219.5,420347.407066761,0.425453090826479,0.150863642284951,0.213539043931044,0.0125350803292185,63415.1408551266,89760.5834239293,26345.4425688028,joint_shared_proportional_scale_cap_1.0,0.15,0.15
bp_combined,Bosnia and Herzegovina,Male,htn_no_diabetes,2025,2026,2030,1220047.5,410112.214819973,0.336845171043919,0.0667683505255211,0.0945068640802316,0.00554770271094211,27382.5161138977,38758.4193436339,11375.9032297362,joint_shared_proportional_scale_cap_1.0,0.15,0.15
bp_combined,Botswana,Female,htn_no_diabetes,2025,2026,2030,782811.5,207594.677842983,0.293933190652956,0.180188575844868,0.255046846479641,0.0149716541269546,37406.1893535012,52946.3679298097,15540.1785763085,joint_shared_proportional_scale_cap_1.0,0.15,0.15
bp_combined,Botswana,Male,htn_no_diabetes,2025,2026,2030,766563.5,190009.397851541,0.246620828656797,0.0960467104251353,0.135948744218746,0.0079804067587221,18249.7776135013,25831.5390276771,7581.76141417578,joint_shared_proportional_scale_cap_1.0,0.15,0.15
bp_combined,Brazil,Female,htn_no_diabetes,2025,2026,2030,82212314,25230752.8649264,0.257009028781802,0.350893876411035,0.496670647448265,0.029155354207446,8853316.67754283,12531374.3610301,3678057.68348731,joint_shared_proportional_scale_cap_1.0,0.15,0.15
bp_combined,Brazil,Male,htn_no_diabetes,2025,2026,2030,77657112,28534883.3458372,0.194808957901381,0.251572145666599,0.356086295224528,0.0209028299115859,7178581.82965837,10160880.8952833,2982299.0656249,joint_shared_proportional_scale_cap_1.0,0.15,0.15
bp_combined,Brunei Darussalam,Female,htn_no_diabetes,2025,2026,2030,160698,41980.1082343351,0.356302839443615,0.296359015102259,0.419479602817429,0.0246241175430341,12441.1835302138,17609.7991283716,5168.61559815781,joint_shared_proportional_scale_cap_1.0,0.15,0.15
bp_combined,Brunei Darussalam,Male,htn_no_diabetes,2025,2026,2030,184517.5,51967.1577794433,0.324077136517538,0.207018799684744,0.293023527013455,0.0172009454657421,10758.1786265281,15227.5998613972,4469.42123486908,joint_shared_proportional_scale_cap_1.0,0.15,0.15
bp_combined,Bulgaria,Female,htn_no_diabetes,2025,2026,2030,2859678,920975.794401197,0.361934847598705,0.226625499307954,0.32077571321797,0.0188300427820032,208716.599256711,295426.667305531,86710.0680488195,joint_shared_proportional_scale_cap_1.0,0.15,0.15
bp_combined,Bulgaria,Male,htn_no_diabetes,2025,2026,2030,2608251.5,1003358.39649747,0.272241196030903,0.1433680679864,0.202929477933667,0.0119122819894535,143849.554803774,203610.995581593,59761.4407778187,joint_shared_proportional_scale_cap_1.0,0.15,0.15
bp_combined,Burkina Faso,Female,htn_no_diabetes,2025,2026,2030,6083031.5,1068253.29577812,0.252946997604433,0.0736244991109181,0.104211358760332,0.00611737192988276,78649.6138252513,111324.12745324,32674.513627989,joint_shared_proportional_scale_cap_1.0,0.15,0.15
bp_combined,Burkina Faso,Male,htn_no_diabetes,2025,2026,2030,5816630.5,1010369.36416648,0.193321346416144,0.0301935190658199,0.0427372367296482,0.00250874353276566,30506.6066604808,43180.3947007668,12673.788040286,joint_shared_proportional_scale_cap_1.0,0.15,0.15
bp_combined,Burundi,Female,htn_no_diabetes,2025,2026,2030,3398525,681521.010767101,0.231856717435163,0.0980385664986786,0.138768105034583,0.00814590770718089,66815.3429343371,94573.3792054043,27758.0362710672,joint_shared_proportional_scale_cap_1.0,0.15,0.15
bp_combined,Burundi,Male,htn_no_diabetes,2025,2026,2030,3266953,669405.384353913,0.184630148223236,0.0644758593666175,0.0912619711233984,0.00535722235135618,43160.4874208594,61091.2548567542,17930.7674358948,joint_shared_proportional_scale_cap_1.0,0.15,0.15
bp_combined,Cabo Verde,Female,htn_no_diabetes,2025,2026,2030,177016,41117.6807120882,0.346833969216931,0.142446078994336,0.201624454106201,0.011835675022373,5857.05239477802,8290.32992768787,2433.27753290985,joint_shared_proportional_scale_cap_1.0,0.15,0.15
bp_combined,Cabo Verde,Male,htn_no_diabetes,2025,2026,2030,181185,55957.3929878444,0.227310649083238,0.0514624425871585,0.0728422078505938,0.00427595305268706,2879.704123964,4076.06005079792,1196.35592683391,joint_shared_proportional_scale_cap_1.0,0.15,0.15
bp_combined,Cambodia,Female,htn_no_diabetes,2025,2026,2030,5871047,868408.998586203,0.314526753106943,0.218429312744207,0.309174469762656,0.0181490314036899,189685.980742069,268489.891675008,78803.9109329394,joint_shared_proportional_scale_cap_1.0,0.15,0.15
bp_combined,Cambodia,Male,htn_no_diabetes,2025,2026,2030,5384942,852358.703778167,0.259523574134363,0.125471480681264,0.17759786002437,0.0104252758686213,106946.708634609,151377.081764149,44430.3731295395,joint_shared_proportional_scale_cap_1.0,0.15,0.15
bp_combined,Cameroon,Female,htn_no_diabetes,2025,2026,2030,7586438,1576156.08141369,0.259906861178751,0.0636523405194033,0.0900963262759728,0.0052887971513139,100326.023605873,142005.872572907,41679.8489670341,joint_shared_proportional_scale_cap_1.0,0.15,0.15
bp_combined,Cameroon,Male,htn_no_diabetes,2025,2026,2030,7383628,1487301.3677411,0.206691765282523,0.0123528952911169,0.0174848320661851,0.00102638735501364,18372.4780620408,26005.2146467606,7632.73658471982,joint_shared_proportional_scale_cap_1.0,0.15,0.15
bp_combined,Canada,Female,htn_no_diabetes,2025,2026,2030,16404298,2842177.02881736,0.334144775627451,0.518762446381986,0.734279214991409,0.0431033537218845,1474414.70851998,2086951.51758663,612536.809066647,joint_shared_proportional_scale_cap_1.0,0.15,0.15
bp_combined,Canada,Male,htn_no_diabetes,2025,2026,2030,15954765.5,3082816.22309171,0.328321706513712,0.591223735382266,0.836844114928697,0.0491240759092861,1822634.12291333,2579836.61370101,757202.490787679,joint_shared_proportional_scale_cap_1.0,0.15,0.15
bp_combined,Central African Republic,Female,htn_no_diabetes,2025,2026,2030,1259422.5,260999.951941085,0.284233435526141,0.0188815531670765,0.0267257819721411,0.00156884576101291,4928.08446918002,6975.42781031675,2047.34334113673,joint_shared_proportional_scale_cap_1.0,0.15,0.15
bp_combined,Central African Republic,Male,htn_no_diabetes,2025,2026,2030,1023279,196866.622996662,0.254410682726743,0.0113147426240444,0.0160153850567963,0.000940128486550379,2227.49517047201,3152.89477212269,925.399601650678,joint_shared_proportional_scale_cap_1.0,0.15,0.15
bp_combined,Chad,Female,htn_no_diabetes,2025,2026,2030,4796415,1120021.13766975,0.23183112488282,0.093661496995815,0.132572608076503,0.00778222221613769,104902.856421105,148484.123321692,43581.2669005868,joint_shared_proportional_scale_cap_1.0,0.15,0.15
bp_combined,Chad,Male,htn_no_diabetes,2025,2026,2030,4708514,1000660.57272875,0.187383149158477,0.0624266518497673,0.0883614325487167,0.00518695613978986,62467.8891935267,88419.801701332,25951.9125078053,joint_shared_proportional_scale_cap_1.0,0.15,0.15
bp_combined,Chile,Female,htn_no_diabetes,2025,2026,2030,7894715.5,1788841.51388559,0.348833623919168,0.36580439624623,0.517775653942199,0.0303942515391938,654366.089967111,926218.584651065,271852.494683955,joint_shared_proportional_scale_cap_1.0,0.15,0.15
bp_combined,Chile,Male,htn_no_diabetes,2025,2026,2030,7695890.5,2125482.39114202,0.287596475883708,0.223607807723518,0.316504339638097,0.0185793063829159,475274.457838207,672724.400620809,197449.942782602,joint_shared_proportional_scale_cap_1.0,0.15,0.15
bp_combined,China,Female,htn_no_diabetes,2025,2026,2030,561666473.5,112039071.494368,0.279017013042484,0.136267154715485,0.192878532537265,0.011322275564356,15267245.4895024,21609931.6966715,6342686.20716912,joint_shared_proportional_scale_cap_1.0,0.15,0.15
bp_combined,China,Male,htn_no_diabetes,2025,2026,2030,567724824.5,138055481.0977,0.211370620410247,0.107311200727386,0.151892999925961,0.00891635983971503,14814899.4435911,20969661.1801515,6154761.73656035,joint_shared_proportional_scale_cap_1.0,0.15,0.15
bp_combined,Colombia,Female,htn_no_diabetes,2025,2026,2030,20313225.5,4031543.73239613,0.310723657653871,0.363357975437904,0.514312882179894,0.0301909813483979,1464893.56849283,2073474.87664294,608581.308150109,joint_shared_proportional_scale_cap_1.0,0.15,0.15
bp_combined,Colombia,Male,htn_no_diabetes,2025,2026,2030,19322909,4071535.62934468,0.255416227628668,0.201408012490324,0.285081771696862,0.0167347518413076,820039.898889851,1160720.59074048,340680.691850625,joint_shared_proportional_scale_cap_1.0,0.15,0.15
bp_combined,Comoros,Female,htn_no_diabetes,2025,2026,2030,242865,51113.0443925684,0.273836630393999,0.0877751296230911,0.124240784437882,0.0072931309629581,4486.4540969885,6350.32473034096,1863.87063335246,joint_shared_proportional_scale_cap_1.0,0.15,0.15
bp_combined,Comoros,Male,htn_no_diabetes,2025,2026,2030,241785,45349.5800302653,0.230894086205327,0.0594474073536223,0.0841444786709758,0.0049394142634707,2695.91495737488,3815.91676959437,1120.00181221949,joint_shared_proportional_scale_cap_1.0,0.15,0.15
bp_combined,Congo,Female,htn_no_diabetes,2025,2026,2030,1672142,380913.904490861,0.305887249921217,0.0660642735898534,0.0935102825751106,0.00548920179705144,25164.8004004635,35619.3668457291,10454.5664452656,joint_shared_proportional_scale_cap_1.0,0.15,0.15
bp_combined,Congo,Male,htn_no_diabetes,2025,2026,2030,1643888.5,363845.57026389,0.26320878521085,0.0366780527740554,0.0519157313452018,0.00304753571422928,13345.1470277452,18889.3088769619,5544.16184921662,joint_shared_proportional_scale_cap_1.0,0.15,0.15
bp_combined,Costa Rica,Female,htn_no_diabetes,2025,2026,2030,2003858.5,536312.410641273,0.316282718030832,0.487839373152721,0.690509335166324,0.0405339924027205,261634.310221263,370328.726113354,108694.41589209,joint_shared_proportional_scale_cap_1.0,0.15,0.15
bp_combined,Costa Rica,Male,htn_no_diabetes,2025,2026,2030,1915980,471091.477483947,0.290939940673689,0.410853931577756,0.58154075041297,0.0341373637670429,193549.785657054,273958.89132917,80409.105672116,joint_shared_proportional_scale_cap_1.0,0.15,0.15
bp_combined,Croatia,Female,htn_no_diabetes,2025,2026,2030,1654357,573026.299371736,0.37788833582198,0.190257256025617,0.269298499872601,0.0158082487693968,109022.41134898,154315.122808356,45292.7114593762,joint_shared_proportional_scale_cap_1.0,0.15,0.15
bp_combined,Croatia,Male,htn_no_diabetes,2025,2026,2030,1500058.5,583874.966347651,0.305518894683859,0.100483186360695,0.142228327658162,0.0083490282594933,58669.6170548556,83043.5600250918,24373.9429702362,joint_shared_proportional_scale_cap_1.0,0.15,0.15
bp_combined,Cuba,Female,htn_no_diabetes,2025,2026,2030,4518655,1394620.10038441,0.312976207672578,0.333208194863444,0.471637554837335,0.0276858719947782,464698.846169365,657755.214072303,193056.367902937,joint_shared_proportional_scale_cap_1.0,0.15,0.15
bp_combined,Cuba,Male,htn_no_diabetes,2025,2026,2030,4302829,1342043.83397356,0.265753667467407,0.236015792791651,0.334067148201046,0.0196102710818791,316743.539436415,448332.756376344,131589.216939929,joint_shared_proportional_scale_cap_1.0,0.15,0.15
bp_combined,Cyprus,Female,htn_no_diabetes,2025,2026,2030,546996,103589.414307097,0.345841095625722,0.324426614975156,0.459207719887392,0.0269562209824472,33607.1630309105,47569.0587484325,13961.895717522,joint_shared_proportional_scale_cap_1.0,0.15,0.15
bp_combined,Cyprus,Male,htn_no_diabetes,2025,2026,2030,548979.5,133330.891747355,0.309330234923672,0.253802695391808,0.359243513547961,0.0210881636312306,33839.7397044721,47898.2580158027,14058.5183113306,joint_shared_proportional_scale_cap_1.0,0.15,0.15
bp_combined,Czechia,Female,htn_no_diabetes,2025,2026,2030,4364241,1111620.54827909,0.401682676165208,0.363738203534813,0.514851073775031,0.0302225740480436,404338.861243419,572319.032911876,167980.171668458,joint_shared_proportional_scale_cap_1.0,0.15,0.15
bp_combined,Czechia,Male,htn_no_diabetes,2025,2026,2030,4169023,1477260.0922614,0.332700647659766,0.256818993566408,0.36351291483418,0.0213387842535543,379388.450130391,537003.12210615,157614.671975759,joint_shared_proportional_scale_cap_1.0,0.15,0.15
bp_combined,Democratic People's Republic of Korea,Female,htn_no_diabetes,2025,2026,2030,10332960,1973809.82811395,0.286444265141714,0.205440426352842,0.290789427881577,0.017069800305747,405500.332627159,573963.030664289,168462.69803713,joint_shared_proportional_scale_cap_1.0,0.15,0.15
bp_combined,Democratic People's Republic of Korea,Male,htn_no_diabetes,2025,2026,2030,9905557,2114061.55121175,0.231720860397241,0.169578982563928,0.240029560860685,0.0140901156593514,358500.406932008,507437.265769815,148936.858837807,joint_shared_proportional_scale_cap_1.0,0.15,0.15
bp_combined,Democratic Republic of the Congo,Female,htn_no_diabetes,2025,2026,2030,26154326,4998965.24121037,0.289445099044984,0.0804396920504304,0.113857883015396,0.00668363819299307,402115.224573768,569171.59963176,167056.375057992,joint_shared_proportional_scale_cap_1.0,0.15,0.15
bp_combined,Democratic Republic of the Congo,Male,htn_no_diabetes,2025,2026,2030,25180274,4509609.91763201,0.263259663626323,0.0671138759757295,0.0949959360207856,0.00557641200901123,302657.400710874,428394.61521407,125737.214503196,joint_shared_proportional_scale_cap_1.0,0.15,0.15
bp_combined,Denmark,Female,htn_no_diabetes,2025,2026,2030,2427793.5,514258.795292684,0.402385369159417,0.0417745380820924,0.0591295211198863,0.00347099660755877,21482.9236280052,30407.8762973461,8924.95266934085,joint_shared_proportional_scale_cap_1.0,0.15,0.15
bp_combined,Denmark,Male,htn_no_diabetes,2025,2026,2030,2360863,696626.004393742,0.371672521095329,0.0324272989189179,0.0458990271183623,0.00269434563988889,22589.6996791673,31974.4558670248,9384.7561878575,joint_shared_proportional_scale_cap_1.0,0.15,0.15
bp_combined,Djibouti,Female,htn_no_diabetes,2025,2026,2030,383455.5,81557.4756613691,0.27680932201004,0.09125187459889,0.129161922406444,0.00758200956151089,7442.27254165328,10534.1203430392,3091.84780138596,joint_shared_proportional_scale_cap_1.0,0.15,0.15
bp_combined,Djibouti,Male,htn_no_diabetes,2025,2026,2030,368267.5,78640.6228778812,0.221229095301794,0.0580908111561765,0.0822242926631642,0.00482669630139753,4568.29757280309,6466.16959072443,1897.87201792134,joint_shared_proportional_scale_cap_1.0,0.15,0.15
bp_combined,Dominica,Female,htn_no_diabetes,2025,2026,2030,25408,8184.24758255382,0.350850916143688,0.154285991103406,0.218383187182676,0.012819439215854,1262.71474970997,1787.30207177021,524.587322060245,joint_shared_proportional_scale_cap_1.0,0.15,0.15
bp_combined,Dominica,Male,htn_no_diabetes,2025,2026,2030,25388,7864.18666182486,0.314750869207997,0.0963132299772194,0.136325987731358,0.00800255155082762,757.425218544119,1072.09301437704,314.667795832922,joint_shared_proportional_scale_cap_1.0,0.15,0.15
bp_combined,Dominican Republic,Female,htn_no_diabetes,2025,2026,2030,3926344,1284419.96505112,0.26712551076232,0.210582921413092,0.298068341885998,0.0174970840945812,270476.908561767,382844.92926806,112368.020706293,joint_shared_proportional_scale_cap_1.0,0.15,0.15
bp_combined,Dominican Republic,Male,htn_no_diabetes,2025,2026,2030,3783715.5,1287591.44277389,0.225845968059066,0.145218406536115,0.205548528613278,0.0120660244154326,186981.977589162,264662.526517222,77680.5489280595,joint_shared_proportional_scale_cap_1.0,0.15,0.15
bp_combined,Ecuador,Female,htn_no_diabetes,2025,2026,2030,6408365.5,984540.953992139,0.309798931795456,0.35395204706217,0.500999316882003,0.0294094539639667,348480.286082059,493254.345392418,144774.059310359,joint_shared_proportional_scale_cap_1.0,0.15,0.15
bp_combined,Ecuador,Male,htn_no_diabetes,2025,2026,2030,6234871,1215598.10382928,0.244297231111955,0.145832534915114,0.206417792969594,0.012117051610896,177273.752919429,250921.077730463,73647.3248110337,joint_shared_proportional_scale_cap_1.0,0.15,0.15
bp_combined,Egypt,Female,htn_no_diabetes,2025,2026,2030,36007823.5,7849232.9005112,0.352799430384255,0.175763291766237,0.248783104487456,0.0146039625442439,1379607.0124337,1952756.52883426,573149.516400565,joint_shared_proportional_scale_cap_1.0,0.15,0.15
bp_combined,Egypt,Male,htn_no_diabetes,2025,2026,2030,36056804,7726674.25374586,0.271902389278726,0.100844387965576,0.14273958831848,0.00837904007058079,779191.736128376,1102902.30205068,323710.565922307,joint_shared_proportional_scale_cap_1.0,0.15,0.15
bp_combined,El Salvador,Female,htn_no_diabetes,2025,2026,2030,2370154.5,469991.160977871,0.34008790279236,0.432076447341718,0.611580033950141,0.0359007173216846,203072.111117328,287437.210187112,84365.0990697845,joint_shared_proportional_scale_cap_1.0,0.15,0.15
bp_combined,El Salvador,Male,htn_no_diabetes,2025,2026,2030,1996053,370760.430124952,0.284331324546486,0.223347037039495,0.316135233326543,0.0185576392574096,82808.2435198968,117210.435085801,34402.1915659044,joint_shared_proportional_scale_cap_1.0,0.15,0.15
bp_combined,Equatorial Guinea,Female,htn_no_diabetes,2025,2026,2030,485181.5,104514.037172325,0.324763942625213,0.0844562535949291,0.119543101130987,0.00701736950721152,8826.8640276557,12493.9321152989,3667.06808764322,joint_shared_proportional_scale_cap_1.0,0.15,0.15
bp_combined,Equatorial Guinea,Male,htn_no_diabetes,2025,2026,2030,581382.5,120479.295055217,0.300750839856779,0.0504675534549369,0.0714339979539329,0.0041932888997992,6080.29526341228,8606.31771646565,2526.02245305337,joint_shared_proportional_scale_cap_1.0,0.15,0.15
bp_combined,Eritrea,Female,htn_no_diabetes,2025,2026,2030,983070,129759.573298736,0.291641569681166,0.0920441841180802,0.130283392196401,0.0076478416156641,11943.6140557924,16905.5173793169,4961.90332352446,joint_shared_proportional_scale_cap_1.0,0.15,0.15
bp_combined,Eritrea,Male,htn_no_diabetes,2025,2026,2030,922724,127490.564967127,0.21899856651553,0.0818741039161966,0.115888212747463,0.00680282176625322,10438.1757644532,14774.6537162046,4336.47795175146,joint_shared_proportional_scale_cap_1.0,0.15,0.15
bp_combined,Estonia,Female,htn_no_diabetes,2025,2026,2030,574042.5,131306.745240137,0.46231273042044,0.11989516124322,0.169704891888252,0.00996194612900634,15743.0433928887,22283.3970051757,6540.35361228703,joint_shared_proportional_scale_cap_1.0,0.15,0.15
bp_combined,Estonia,Male,htn_no_diabetes,2025,2026,2030,501928,157742.847891207,0.329991304100448,0.0805898992916959,0.114070492960413,0.00669611873374348,12712.4802255377,17993.8044199295,5281.3241943918,joint_shared_proportional_scale_cap_1.0,0.15,0.15
bp_combined,Eswatini,Female,htn_no_diabetes,2025,2026,2030,380862,91280.5337397489,0.363766597427567,0.0946092290777669,0.133914069807227,0.00786096814589197,8635.98092692474,12223.7477672657,3587.76684034092,joint_shared_proportional_scale_cap_1.0,0.15,0.15
bp_combined,Eswatini,Male,htn_no_diabetes,2025,2026,2030,356199,72905.1268466408,0.313400021181568,0.0437152903124231,0.0618765473052218,0.00363225139855974,3187.06878536494,4511.11753011937,1324.04874475443,joint_shared_proportional_scale_cap_1.0,0.15,0.15
bp_combined,Ethiopia,Female,htn_no_diabetes,2025,2026,2030,35970402,6803202.97202898,0.210520909368734,0.0344133462775504,0.0487101660232757,0.00285936394914506,234120.979672893,331385.146257574,97264.1665846811,joint_shared_proportional_scale_cap_1.0,0.15,0.15
bp_combined,Ethiopia,Male,htn_no_diabetes,2025,2026,2030,35070456.5,5540483.27252469,0.170320704513198,0.0308812894392514,0.0437107372083736,0.00256588955382444,171097.267572166,242178.608332716,71081.3407605506,joint_shared_proportional_scale_cap_1.0,0.15,0.15
bp_combined,Fiji,Female,htn_no_diabetes,2025,2026,2030,313980.5,50518.2133971298,0.54203193321103,0.0747128645951785,0.105751879202743,0.00620780292151283,3774.36043713009,5342.39600071164,1568.03556358155,joint_shared_proportional_scale_cap_1.0,0.15,0.15
bp_combined,Fiji,Male,htn_no_diabetes,2025,2026,2030,302381,49287.6488121072,0.492705678460059,0.0166834893941113,0.0236145456963264,0.00138621126044304,822.289966217471,1163.905435138,341.615468920524,joint_shared_proportional_scale_cap_1.0,0.15,0.15
bp_combined,Finland,Female,htn_no_diabetes,2025,2026,2030,2322957.5,591212.576885801,0.380996713163128,0.234000661680596,0.331214842871989,0.0194428362382786,138344.134185168,195818.380757174,57474.2465720066,joint_shared_proportional_scale_cap_1.0,0.15,0.15
bp_combined,Finland,Male,htn_no_diabetes,2025,2026,2030,2236322,677220.580039496,0.328869867679374,0.220546721374735,0.312171543197489,0.0183249643645508,149358.778575207,211408.993556028,62050.214980821,joint_shared_proportional_scale_cap_1.0,0.15,0.15
bp_combined,France,Female,htn_no_diabetes,2025,2026,2030,27438934,6288030.8241896,0.332739327167017,0.296398182073188,0.419535041473153,0.024627371879993,1863760.90510997,2638049.27261085,774288.367500882,joint_shared_proportional_scale_cap_1.0,0.15,0.15
bp_combined,France,Male,htn_no_diabetes,2025,2026,2030,25084977,7228599.77513889,0.289469955307648,0.190311149882939,0.269374783611956,0.0158127267458035,1375683.13525024,1947202.50024548,571519.36499524,joint_shared_proportional_scale_cap_1.0,0.15,0.15
bp_combined,Gabon,Female,htn_no_diabetes,2025,2026,2030,711171,151683.928285865,0.313769239626865,0.108437947346675,0.153487846717351,0.00900997987413518,16448.2938287994,23281.6395342265,6833.34570542702,joint_shared_proportional_scale_cap_1.0,0.15,0.15
bp_combined,Gabon,Male,htn_no_diabetes,2025,2026,2030,742372,152748.593867902,0.294246591890731,0.0636226954339074,0.0900543653162732,0.00528633397647317,9718.27726561517,13755.6776737271,4037.40040811197,joint_shared_proportional_scale_cap_1.0,0.15,0.15
bp_combined,Gambia,Female,htn_no_diabetes,2025,2026,2030,735656.5,165254.575704669,0.265826804510019,0.0693579427047221,0.0981722869067164,0.00576286884039886,11461.7173934176,16223.4196187265,4761.70222530886,joint_shared_proportional_scale_cap_1.0,0.15,0.15
bp_combined,Gambia,Male,htn_no_diabetes,2025,2026,2030,710660.5,147040.322873075,0.20873731407688,0.0481946090445981,0.0682167723259356,0.0040044326562675,7086.5508746593,10030.6162281646,2944.06535350528,joint_shared_proportional_scale_cap_1.0,0.15,0.15
bp_combined,Georgia,Female,htn_no_diabetes,2025,2026,2030,1556374,414110.040482519,0.441590506580716,0.138302038375412,0.195758796493977,0.0114913516237131,57272.2627104567,81065.6831409301,23793.4204304734,joint_shared_proportional_scale_cap_1.0,0.15,0.15
bp_combined,Georgia,Male,htn_no_diabetes,2025,2026,2030,1269845,377250.21321571,0.3527858145814,0.0780222013960831,0.110436060267231,0.00648277177422968,29433.8921122314,41662.027282516,12228.1351702847,joint_shared_proportional_scale_cap_1.0,0.15,0.15
bp_combined,Germany,Female,htn_no_diabetes,2025,2026,2030,35374920.5,8144682.35777255,0.366761533281133,0.425212597779344,0.601864638968046,0.0353304082377403,3463221.54343606,4901996.30677019,1438774.76333413,joint_shared_proportional_scale_cap_1.0,0.15,0.15
bp_combined,Germany,Male,htn_no_diabetes,2025,2026,2030,33936157,9594339.63602567,0.314064670179833,0.384616954935718,0.544403778091968,0.0319573646312499,3690145.69542726,5223194.74614989,1533049.05072263,joint_shared_proportional_scale_cap_1.0,0.15,0.15
bp_combined,Ghana,Female,htn_no_diabetes,2025,2026,2030,9992432.5,2020827.60866457,0.282186428133914,0.194458429471919,0.275245025805054,0.016157319266627,392966.963014405,556222.747294444,163255.784280039,joint_shared_proportional_scale_cap_1.0,0.15,0.15
bp_combined,Ghana,Male,htn_no_diabetes,2025,2026,2030,9768229.5,1861777.41581409,0.237427910093424,0.0992559576703524,0.140491254117768,0.0082470592894832,184792.500375661,261563.444035859,76770.943660198,joint_shared_proportional_scale_cap_1.0,0.15,0.15
bp_combined,Greece,Female,htn_no_diabetes,2025,2026,2030,4294046.5,1067632.89400291,0.360776694605514,0.34278925949777,0.485199015709339,0.0284819512423139,365973.089150718,518014.429309125,152041.340158407,joint_shared_proportional_scale_cap_1.0,0.15,0.15
bp_combined,Greece,Male,htn_no_diabetes,2025,2026,2030,3936732,1209908.32460522,0.294949613902908,0.239325263551048,0.338751518876285,0.0198852510650475,289561.628658751,409858.28266108,120296.654002329,joint_shared_proportional_scale_cap_1.0,0.15,0.15
bp_combined,Grenada,Female,htn_no_diabetes,2025,2026,2030,44202.5,12115.2875708855,0.378759060492131,0.181227050933645,0.256516749858912,0.0150579397850533,2195.61783768463,3107.77419128962,912.156353604993,joint_shared_proportional_scale_cap_1.0,0.15,0.15
bp_combined,Grenada,Male,htn_no_diabetes,2025,2026,2030,43848.5,14012.3448478002,0.300158138088589,0.102010863210062,0.144390668755781,0.00847596110914389,1429.41139352116,2023.25184341049,593.840449889336,joint_shared_proportional_scale_cap_1.0,0.15,0.15
bp_combined,Guatemala,Female,htn_no_diabetes,2025,2026,2030,5813615,933975.564486294,0.334332019118772,0.176374421214983,0.249648124025808,0.014654740562165,164729.399615207,233165.247559949,68435.8479447414,joint_shared_proportional_scale_cap_1.0,0.15,0.15
bp_combined,Guatemala,Male,htn_no_diabetes,2025,2026,2030,5557549,975411.967259228,0.275039008896646,0.105979886206962,0.150008598717313,0.00880574250207017,103374.049295042,146320.182380654,42946.1330856123,joint_shared_proportional_scale_cap_1.0,0.15,0.15
bp_combined,Guinea,Female,htn_no_diabetes,2025,2026,2030,3948011,903976.297418921,0.273263191201654,0.0407286144631911,0.0576490747630149,0.00338409205996478,36817.7021014382,52113.3971538968,15295.6950524586,joint_shared_proportional_scale_cap_1.0,0.15,0.15
bp_combined,Guinea,Male,htn_no_diabetes,2025,2026,2030,3697759.5,885718.484306753,0.18855607010449,0.0289956022970833,0.041041652574111,0.00240921005540555,25681.940918134,36351.350311386,10669.409393252,joint_shared_proportional_scale_cap_1.0,0.15,0.15
bp_combined,Guinea-Bissau,Female,htn_no_diabetes,2025,2026,2030,613006.5,133461.637232792,0.284460836649085,0.0898062128471162,0.127115669090232,0.00746189124862318,11985.6842002528,16965.0653147242,4979.38111447148,joint_shared_proportional_scale_cap_1.0,0.15,0.15
bp_combined,Guinea-Bissau,Male,htn_no_diabetes,2025,2026,2030,575337.5,123756.202808966,0.211318746627846,0.0540597536326857,0.0765185563004466,0.00449176053355217,6690.22983436937,9469.64597216732,2779.41613779795,joint_shared_proportional_scale_cap_1.0,0.15,0.15
bp_combined,Guyana,Female,htn_no_diabetes,2025,2026,2030,280777.5,66443.1727646911,0.35312398685549,0.184403168874619,0.261012367081561,0.0153218396413884,12252.3316078928,17342.4897997211,5090.15819182829,joint_shared_proportional_scale_cap_1.0,0.15,0.15
bp_combined,Guyana,Male,htn_no_diabetes,2025,2026,2030,253862.5,57914.7805138598,0.301350514454377,0.118620424339392,0.167900573130039,0.0098560297581294,6869.87584007682,9723.92484097749,2854.04900090067,joint_shared_proportional_scale_cap_1.0,0.15,0.15
bp_combined,Haiti,Female,htn_no_diabetes,2025,2026,2030,3730412.5,1103790.1449225,0.272939185719831,0.045315958595283,0.0641422036926439,0.00376524901947216,50019.3085051896,70799.5323095521,20780.2238043625,joint_shared_proportional_scale_cap_1.0,0.15,0.15
bp_combined,Haiti,Male,htn_no_diabetes,2025,2026,2030,3567236.5,822179.319118725,0.233983303140571,0.0397232964075908,0.0562261033088722,0.00330056138025627,32659.6727935443,46227.9393351876,13568.2665416433,joint_shared_proportional_scale_cap_1.0,0.15,0.15
bp_combined,Honduras,Female,htn_no_diabetes,2025,2026,2030,3424439,616933.09550219,0.293739724168292,0.345579096008197,0.489147873181807,0.0287137554347219,213199.181441186,301771.511560365,88572.3301191791,joint_shared_proportional_scale_cap_1.0,0.15,0.15
bp_combined,Honduras,Male,htn_no_diabetes,2025,2026,2030,3399955,656724.373933119,0.235795758721754,0.218848270394322,0.309767480873207,0.0181838420957771,143722.993361057,203431.854941296,59708.8615802395,joint_shared_proportional_scale_cap_1.0,0.15,0.15
bp_combined,Hungary,Female,htn_no_diabetes,2025,2026,2030,4136902,1240348.09542025,0.391446502189376,0.224423657236674,0.317659128972309,0.018647094347127,278363.455820755,394007.895613659,115644.439792903,joint_shared_proportional_scale_cap_1.0,0.15,0.15
bp_combined,Hungary,Male,htn_no_diabetes,2025,2026,2030,3713031.5,1509497.15129335,0.29504839164842,0.137762360069394,0.194994912050039,0.011446510396129,207951.890080199,294344.264256231,86392.3741760319,joint_shared_proportional_scale_cap_1.0,0.15,0.15
bp_combined,Iceland,Female,htn_no_diabetes,2025,2026,2030,150391.5,27501.6663450531,0.347173528415816,0.47707988543649,0.675279882361703,0.0396399993850426,13120.4918292105,18571.3220142382,5450.83018502776,joint_shared_proportional_scale_cap_1.0,0.15,0.15
bp_combined,Iceland,Male,htn_no_diabetes,2025,2026,2030,157657.5,33928.6068695135,0.324794536710406,0.460769851660778,0.652193942196145,0.0382848181070734,15633.2791543226,22128.0318674512,6494.75271312863,joint_shared_proportional_scale_cap_1.0,0.15,0.15
bp_combined,India,Female,htn_no_diabetes,2025,2026,2030,491067719.5,93306852.519568,0.278286758752894,0.143534758437124,0.203165418939339,0.0119261321004431,13392776.5369246,18956725.7820492,5563949.24512465,joint_shared_proportional_scale_cap_1.0,0.15,0.15
bp_combined,India,Male,htn_no_diabetes,2025,2026,2030,517391827.5,113133611.78545,0.228140370877104,0.0788161338037464,0.111559827165011,0.00654873867225294,8916753.8841831,12621166.1773382,3704412.29315513,joint_shared_proportional_scale_cap_1.0,0.15,0.15
bp_combined,Indonesia,Female,htn_no_diabetes,2025,2026,2030,99248267.5,27129992.0712277,0.333725873972023,0.00115551277328112,0.00163556367272708,9.60101798891917e-05,31349.052377319,44372.8294730736,13023.7770957546,joint_shared_proportional_scale_cap_1.0,0.15,0.15
bp_combined,Indonesia,Male,htn_no_diabetes,2025,2026,2030,98257064.5,21882876.8961732,0.303695243752526,0,0,0,0,0,0,joint_shared_proportional_scale_cap_1.0,0.15,0.117995758491803
bp_combined,Iran (Islamic Republic of),Female,htn_no_diabetes,2025,2026,2030,33018523,4160097.18765544,0.442109208632395,0.231275169366952,0.327357061009625,0.0192163783285347,962127.181657991,1361837.18886529,399710.007207301,joint_shared_proportional_scale_cap_1.0,0.15,0.15
bp_combined,Iran (Islamic Republic of),Male,htn_no_diabetes,2025,2026,2030,33793549.5,5461480.38019208,0.312797495003773,0.139309317347294,0.197184543515392,0.0115750452336196,760835.103470198,1076919.51568644,316084.412216247,joint_shared_proportional_scale_cap_1.0,0.15,0.15
bp_combined,Iraq,Female,htn_no_diabetes,2025,2026,2030,13199444,3379322.16676228,0.319155115166309,0.104075997554513,0.147313750863731,0.00864755066184359,351706.325563861,497820.6237627,146114.298198839,joint_shared_proportional_scale_cap_1.0,0.15,0.15
bp_combined,Iraq,Male,htn_no_diabetes,2025,2026,2030,12884739,3676608.85658726,0.247420681196176,0.0754592961999465,0.106808411371978,0.00626982303440631,277434.316720565,392692.75120823,115258.434487665,joint_shared_proportional_scale_cap_1.0,0.15,0.15
bp_combined,Ireland,Female,htn_no_diabetes,2025,2026,2030,2065887,413093.187663318,0.344817119042794,0.223948735114901,0.316986903283673,0.0186076336337544,92511.6968617825,130945.130324977,38433.433463194,joint_shared_proportional_scale_cap_1.0,0.15,0.15
bp_combined,Ireland,Male,htn_no_diabetes,2025,2026,2030,1983779.5,544921.403823617,0.309904223055538,0.164814334843663,0.233285468623194,0.0136942267559062,89810.8587132646,127122.245053801,37311.3863405366,joint_shared_proportional_scale_cap_1.0,0.15,0.15
bp_combined,Israel,Female,htn_no_diabetes,2025,2026,2030,3215370,555611.069128115,0.368276963557944,0.25521534904879,0.361243045752996,0.0212055393408412,141800.472942904,200710.634865919,58910.1619230154,joint_shared_proportional_scale_cap_1.0,0.15,0.15
bp_combined,Israel,Male,htn_no_diabetes,2025,2026,2030,3096917.5,670718.180409091,0.309527611242818,0.194073532484281,0.274700225656342,0.0161253386344122,130168.646573422,184246.435510188,54077.7889367667,joint_shared_proportional_scale_cap_1.0,0.15,0.15
bp_combined,Italy,Female,htn_no_diabetes,2025,2026,2030,25747141.5,7034280.1798175,0.354538738001506,0.275490236585091,0.389941014559381,0.0228901555948579,1937875.51094374,2742954.35001298,805078.839069239,joint_shared_proportional_scale_cap_1.0,0.15,0.15
bp_combined,Italy,Male,htn_no_diabetes,2025,2026,2030,24194124.5,7890736.17482657,0.298263990507482,0.200834343649373,0.284269775552699,0.0166870863806652,1584730.82058166,2243097.80136351,658366.980781854,joint_shared_proportional_scale_cap_1.0,0.15,0.15
bp_combined,Ivory Coast,Female,htn_no_diabetes,2025,2026,2030,8116524.5,1682354.5961169,0.25823797450917,0.0713421202239025,0.100980779158514,0.0059277317869223,120022.743855407,169885.477936791,49862.7340813848,joint_shared_proportional_scale_cap_1.0,0.15,0.15
bp_combined,Ivory Coast,Male,htn_no_diabetes,2025,2026,2030,8460925,1864034.27964909,0.214421711773133,0.0320867093497102,0.0454169416411728,0.00266604645829252,59810.7261489968,84658.7360959684,24848.0099469715,joint_shared_proportional_scale_cap_1.0,0.15,0.15
bp_combined,Jamaica,Female,htn_no_diabetes,2025,2026,2030,1095492,313262.936236439,0.343807619214443,0.183932105050295,0.260345602597068,0.0152826995093548,57619.1112962045,81556.6279058028,23937.5166095983,joint_shared_proportional_scale_cap_1.0,0.15,0.15
bp_combined,Jamaica,Male,htn_no_diabetes,2025,2026,2030,1051201,296523.501112197,0.287374948704212,0.0970236221177762,0.137331508055626,0.00806157718756988,28769.7841209498,40722.0195816719,11952.2354607222,joint_shared_proportional_scale_cap_1.0,0.15,0.15
bp_combined,Japan,Female,htn_no_diabetes,2025,2026,2030,54153209.5,12085307.0566719,0.387670996120826,0.244953962281618,0.346718626970041,0.0203529329376845,2960343.84892178,4190201.06920062,1229857.22027884,joint_shared_proportional_scale_cap_1.0,0.15,0.15
bp_combined,Japan,Male,htn_no_diabetes,2025,2026,2030,50614221,16995238.3878625,0.308228695846672,0.194692566731517,0.275576433994635,0.0161767734526236,3308846.58394696,4683487.18981587,1374640.60586892,joint_shared_proportional_scale_cap_1.0,0.15,0.15
bp_combined,Jordan,Female,htn_no_diabetes,2025,2026,2030,3409904,568816.208564051,0.376210575892645,0.303039977735398,0.428936131584811,0.0251792307698826,172374.051178784,243985.824084203,71611.7729054195,joint_shared_proportional_scale_cap_1.0,0.15,0.15
bp_combined,Jordan,Male,htn_no_diabetes,2025,2026,2030,3686978.5,860586.764129497,0.282360005740886,0.244311722964503,0.345809573153796,0.0202995700378586,210251.435104924,297599.141565428,87347.7064605043,joint_shared_proportional_scale_cap_1.0,0.15,0.15
bp_combined,Kazakhstan,Female,htn_no_diabetes,2025,2026,2030,7041423,1908844.64601722,0.347461068491617,0.29243460138847,0.413924814799985,0.0242980426823031,558212.223170559,790118.16658462,231905.943414061,joint_shared_proportional_scale_cap_1.0,0.15,0.15
bp_combined,Kazakhstan,Male,htn_no_diabetes,2025,2026,2030,6344958.5,1701092.42265303,0.267866866421074,0.213823586820636,0.30265532243576,0.0177663471230249,363733.683325076,514844.675671081,151110.992346005,joint_shared_proportional_scale_cap_1.0,0.15,0.15
bp_combined,Kenya,Female,htn_no_diabetes,2025,2026,2030,15894936,3052427.91308587,0.242896422343497,0.0405749067221498,0.0574315100564386,0.00337132066685778,123851.977849545,175305.544386945,51453.5665373997,joint_shared_proportional_scale_cap_1.0,0.15,0.15
bp_combined,Kenya,Male,htn_no_diabetes,2025,2026,2030,15394425,3157381.05190246,0.191313138708501,0.015986206458864,0.0226275807186356,0.00132827485195431,50474.5453650181,71443.8946114135,20969.3492463955,joint_shared_proportional_scale_cap_1.0,0.15,0.15
bp_combined,Kiribati,Female,htn_no_diabetes,2025,2026,2030,41714,8990.38870466017,0.445223021192829,0.0100492841591966,0.0142241994097758,0.000834983050115832,90.3469707947615,127.881081706482,37.5341109117204,joint_shared_proportional_scale_cap_1.0,0.15,0.15
bp_combined,Kiribati,Male,htn_no_diabetes,2025,2026,2030,37216,7066.15678830962,0.463903929127528,0,0,0,0,0,0,joint_shared_proportional_scale_cap_1.0,0.15,0.113459033988326
bp_combined,Kuwait,Female,htn_no_diabetes,2025,2026,2030,1399821.5,251637.468250639,0.316641901304126,0.338828478055826,0.479592751207685,0.0281528546303717,85261.9403891854,120683.505705261,35421.5653160751,joint_shared_proportional_scale_cap_1.0,0.15,0.15
bp_combined,Kuwait,Male,htn_no_diabetes,2025,2026,2030,2487099,703017.849451374,0.227172203625408,0.237651997939601,0.336383105032503,0.0197462214185805,167073.596509321,236483.327091726,69409.7305824055,joint_shared_proportional_scale_cap_1.0,0.15,0.15
bp_combined,Kyrgyzstan,Female,htn_no_diabetes,2025,2026,2030,2301109,606011.594792715,0.29261628264471,0.0695770950518486,0.0984824847911891,0.0057810779478681,42164.5263334151,59681.5276674578,17517.0013340427,joint_shared_proportional_scale_cap_1.0,0.15,0.15
bp_combined,Kyrgyzstan,Male,htn_no_diabetes,2025,2026,2030,2139278,507757.761144298,0.244281415069817,0.0504797942277135,0.0714513240828537,0.00419430597102804,25631.5073000887,36279.9643471055,10648.4570470168,joint_shared_proportional_scale_cap_1.0,0.15,0.15
bp_combined,Lao People's Democratic Republic,Female,htn_no_diabetes,2025,2026,2030,2473129,439328.54853177,0.306101553656261,0.108660102594601,0.153802295039875,0.00902843848905477,47737.4851561992,67569.7390407232,19832.253884524,joint_shared_proportional_scale_cap_1.0,0.15,0.15
bp_combined,Lao People's Democratic Republic,Male,htn_no_diabetes,2025,2026,2030,2454795,341326.764460602,0.284060258066315,0.0857855499812478,0.121424645783736,0.00712781916049759,29280.9042125726,41445.4814711372,12164.5772585646,joint_shared_proportional_scale_cap_1.0,0.15,0.15
bp_combined,Latvia,Female,htn_no_diabetes,2025,2026,2030,816735,220190.400950877,0.455255373184327,0.131065747473401,0.185516231635947,0.0108900968325092,28859.4194870946,40848.8934268149,11989.4739397204,joint_shared_proportional_scale_cap_1.0,0.15,0.15
bp_combined,Latvia,Male,htn_no_diabetes,2025,2026,2030,671929,228381.279099766,0.329320067890574,0.098192425587868,0.138985883965994,0.00815869167562524,22425.3117536659,31741.7739569654,9316.46220329953,joint_shared_proportional_scale_cap_1.0,0.15,0.15
bp_combined,Lebanon,Female,htn_no_diabetes,2025,2026,2030,2065431.5,391217.424199639,0.429240175896245,0.253970793310936,0.359481446746403,0.0211021306870933,99357.7995810433,140635.405643687,41277.6060626439,joint_shared_proportional_scale_cap_1.0,0.15,0.15
bp_combined,Lebanon,Male,htn_no_diabetes,2025,2026,2030,1856413.5,502438.345297492,0.32035100671235,0.181486243009649,0.256883621739147,0.0150794757458997,91185.6476320264,129068.181840644,37882.5342086176,joint_shared_proportional_scale_cap_1.0,0.15,0.15
bp_combined,Lesotho,Female,htn_no_diabetes,2025,2026,2030,711619,173763.003973085,0.320516494752863,0.160056614767377,0.226551182078111,0.0132989134621468,27811.9181877422,39366.2139515458,11554.2957638037,joint_shared_proportional_scale_cap_1.0,0.15,0.15
bp_combined,Lesotho,Male,htn_no_diabetes,2025,2026,2030,647169,111509.860479994,0.279931860843214,0.0970645570247269,0.137389449125861,0.00806497842022689,10823.6552113797,15320.278303448,4496.62309206831,joint_shared_proportional_scale_cap_1.0,0.15,0.15
bp_combined,Liberia,Female,htn_no_diabetes,2025,2026,2030,1501036.5,355466.19547794,0.272477063623803,0.046844278896267,0.0663054555600229,0.00389223533275118,16651.5575991636,23569.348027353,6917.79042818938,joint_shared_proportional_scale_cap_1.0,0.15,0.15
bp_combined,Liberia,Male,htn_no_diabetes,2025,2026,2030,1459337,314527.22003735,0.226379360416357,0.0445479001829116,0.0630550599873951,0.00370143196089669,14011.5272030325,19832.5327271237,5821.00552409116,joint_shared_proportional_scale_cap_1.0,0.15,0.15
bp_combined,Libya,Female,htn_no_diabetes,2025,2026,2030,2424836,456223.386938986,0.420058920299141,0.0876132459537929,0.12401164716235,0.00727968024171137,39971.2118097578,56577.0136882897,16605.8018785319,joint_shared_proportional_scale_cap_1.0,0.15,0.15
bp_combined,Libya,Male,htn_no_diabetes,2025,2026,2030,2480000.5,694673.51229934,0.290834564396042,0.0326654334389463,0.0462360932064115,0.00271413195349305,22691.8113778131,32118.9892626975,9427.17788488443,joint_shared_proportional_scale_cap_1.0,0.15,0.15
bp_combined,Lithuania,Female,htn_no_diabetes,2025,2026,2030,1238027,365584.52374279,0.416484703158129,0.0960240286801737,0.135916639477932,0.00797852215955166,35104.8987929054,49689.0199122603,14584.121119355,joint_shared_proportional_scale_cap_1.0,0.15,0.15
bp_combined,Lithuania,Male,htn_no_diabetes,2025,2026,2030,1067852,403271.032963828,0.303550194166519,0.0539353098817959,0.0763424131344344,0.0044814206505277,21750.548129256,30786.6838036747,9036.13567441867,joint_shared_proportional_scale_cap_1.0,0.15,0.15
bp_combined,Luxembourg,Female,htn_no_diabetes,2025,2026,2030,271462.5,47105.7803646549,0.390355947548064,0.278908294907237,0.394779084853568,0.0231741579892661,13138.1928817807,18596.3768636716,5458.1839818909,joint_shared_proportional_scale_cap_1.0,0.15,0.15
bp_combined,Luxembourg,Male,htn_no_diabetes,2025,2026,2030,273239,69174.6381381052,0.333626349230839,0.218021289654506,0.308596935910518,0.0181151292512024,15081.5438182535,21347.0813721381,6265.53755388464,joint_shared_proportional_scale_cap_1.0,0.15,0.15
bp_combined,Madagascar,Female,htn_no_diabetes,2025,2026,2030,8628068.5,2056562.25434769,0.227994669475543,0.0364117176855195,0.0515387489304208,0.00302540624898025,74882.9642080038,105992.645686606,31109.6814786021,joint_shared_proportional_scale_cap_1.0,0.15,0.15
bp_combined,Madagascar,Male,htn_no_diabetes,2025,2026,2030,8535210.5,1975174.74043063,0.185641298775803,0.0291226942918068,0.0412215441810848,0.0024197699778556,57522.4101384601,81419.752828024,23897.3426895638,joint_shared_proportional_scale_cap_1.0,0.15,0.15
bp_combined,Malawi,Female,htn_no_diabetes,2025,2026,2030,5840676.5,827055.372104666,0.285718398951329,0.0963384687710956,0.136361711831828,0.00800464861214643,79677.2481374721,112778.686319901,33101.4381824293,joint_shared_proportional_scale_cap_1.0,0.15,0.15
bp_combined,Malawi,Male,htn_no_diabetes,2025,2026,2030,5323356.5,765917.898872189,0.218586694640194,0.0312186890215597,0.0441883074376059,0.00259392368320924,23910.9527009373,33844.6155873294,9933.66288639215,joint_shared_proportional_scale_cap_1.0,0.15,0.15
bp_combined,Malaysia,Female,htn_no_diabetes,2025,2026,2030,12380612,2907359.85710957,0.334886565508153,0.140311575171226,0.198603183382847,0.0116583216423242,407936.241140634,577410.922861459,169474.681720825,joint_shared_proportional_scale_cap_1.0,0.15,0.15
bp_combined,Malaysia,Male,htn_no_diabetes,2025,2026,2030,13718883,3426214.31449877,0.280254620632837,0.154441322493462,0.218603050073579,0.0128323455160236,529149.069877219,748980.89935519,219831.829477971,joint_shared_proportional_scale_cap_1.0,0.15,0.15
bp_combined,Maldives,Female,htn_no_diabetes,2025,2026,2030,142044,27263.2065007896,0.317779216847266,0.10649244659831,0.150734099270446,0.00884833053442715,2903.32556238404,4109.49487512068,1206.16931273665,joint_shared_proportional_scale_cap_1.0,0.15,0.15
bp_combined,Maldives,Male,htn_no_diabetes,2025,2026,2030,258169.5,46694.1170535657,0.246056214797691,0.102733185115963,0.145413074995353,0.00853597797587797,4797.03537109043,6789.93514495195,1992.89977386152,joint_shared_proportional_scale_cap_1.0,0.15,0.15
bp_combined,Mali,Female,htn_no_diabetes,2025,2026,2030,5621822,1186788.76280562,0.244071263985698,0.127107971972547,0.179914221875705,0.0105612499806315,150850.312800031,213520.176791004,62669.8639909726,joint_shared_proportional_scale_cap_1.0,0.15,0.15
bp_combined,Mali,Male,htn_no_diabetes,2025,2026,2030,5693095.5,942288.07994711,0.202040244030959,0.0879988471014101,0.124557444010111,0.00731171938174015,82920.264672747,117368.994759407,34448.73008666,joint_shared_proportional_scale_cap_1.0,0.15,0.15
bp_combined,Malta,Female,htn_no_diabetes,2025,2026,2030,219267,37984.4843297211,0.457250242967715,0.41141382767603,0.582333252010541,0.0341838848669022,15627.3420903907,22119.6282856699,6492.28619527917,joint_shared_proportional_scale_cap_1.0,0.15,0.15
bp_combined,Malta,Male,htn_no_diabetes,2025,2026,2030,236970.5,51068.6667771157,0.400512254400495,0.368436960940189,0.521501901958754,0.0306129882037131,18815.5843866277,26632.4068547637,7816.82246813599,joint_shared_proportional_scale_cap_1.0,0.15,0.15
bp_combined,Marshall Islands,Female,htn_no_diabetes,2025,2026,2030,9961,1403.09492111591,0.503490321888102,0.0941783064956826,0.133304123004983,0.00782516330186004,132.14110352339,187.038337952102,54.8972344287121,joint_shared_proportional_scale_cap_1.0,0.15,0.15
bp_combined,Marshall Islands,Male,htn_no_diabetes,2025,2026,2030,10231.5,1607.15246883852,0.426844183829351,0.0585383193197544,0.0828577154279498,0.00486387922163908,94.080004416401,133.164981912349,39.0849774959481,joint_shared_proportional_scale_cap_1.0,0.15,0.15
bp_combined,Mauritania,Female,htn_no_diabetes,2025,2026,2030,1359016,297108.355376606,0.278548444293722,0.0894971783162857,0.126678248004172,0.00743621393757731,26590.3594603984,37637.1659265094,11046.8064661109,joint_shared_proportional_scale_cap_1.0,0.15,0.15
bp_combined,Mauritania,Male,htn_no_diabetes,2025,2026,2030,1230444.5,272891.387423749,0.209458292605656,0.0541587004917751,0.076658610042819,0.00449998191020877,14779.4429182678,20919.474452561,6140.03153429322,joint_shared_proportional_scale_cap_1.0,0.15,0.15
bp_combined,Mauritius,Female,htn_no_diabetes,2025,2026,2030,510568.5,80443.922714601,0.529564103830693,0.307820829805246,0.435703160172407,0.0255764660734321,24762.3150427976,35049.6713434165,10287.3563006189,joint_shared_proportional_scale_cap_1.0,0.15,0.15
bp_combined,Mauritius,Male,htn_no_diabetes,2025,2026,2030,509941.5,88993.4867721285,0.482759306112331,0.232271418039206,0.328767195259129,0.0192991554439845,20670.6433688156,29258.1390424031,8587.49567358742,joint_shared_proportional_scale_cap_1.0,0.15,0.15
bp_combined,Mexico,Female,htn_no_diabetes,2025,2026,2030,47957189,7815761.41673937,0.421593978731021,0.273318324342355,0.386866794311271,0.0227096939937832,2136190.81388283,3023658.56439568,887467.750512842,joint_shared_proportional_scale_cap_1.0,0.15,0.15
bp_combined,Mexico,Male,htn_no_diabetes,2025,2026,2030,43276512,8070048.87102594,0.365934943389934,0.157061211093659,0.222311355788719,0.0130500289390119,1267491.64926835,1794063.50579899,526571.856530646,joint_shared_proportional_scale_cap_1.0,0.15,0.15
bp_combined,Micronesia (Federated States of),Female,htn_no_diabetes,2025,2026,2030,35235,5157.02549346782,0.49256534035737,0.0780256539477745,0.11044094716096,0.00648305864263705,402.380286553171,569.546780031801,167.166493478631,joint_shared_proportional_scale_cap_1.0,0.15,0.15
bp_combined,Micronesia (Federated States of),Male,htn_no_diabetes,2025,2026,2030,33241.5,4697.14615205312,0.445139607245069,0.0506956294368456,0.071756826744109,0.00421223946145269,238.12478073519,337.052302624634,98.927521889444,joint_shared_proportional_scale_cap_1.0,0.15,0.15
bp_combined,Mongolia,Female,htn_no_diabetes,2025,2026,2030,1105387.5,288589.796190486,0.281515696054494,0.285019834496928,0.403429627165573,0.0236819585337291,82253.8159477146,116425.673880917,34171.8579332021,joint_shared_proportional_scale_cap_1.0,0.15,0.15
bp_combined,Mongolia,Male,htn_no_diabetes,2025,2026,2030,1054536,314504.613390677,0.23245226635595,0.152534270378228,0.21590372451544,0.0126738908274425,47972.7317341334,67902.7174083357,19929.9856742023,joint_shared_proportional_scale_cap_1.0,0.15,0.15
bp_combined,Montenegro,Female,htn_no_diabetes,2025,2026,2030,257898.5,74258.2012581919,0.388205020621064,0.226572996647215,0.320701398639532,0.0188256803984634,16824.9031847006,23814.709003958,6989.80581925745,joint_shared_proportional_scale_cap_1.0,0.15,0.15
bp_combined,Montenegro,Male,htn_no_diabetes,2025,2026,2030,229208.5,81310.8860781612,0.30011412403235,0.137049285981721,0.193985595579698,0.0113872619195955,11143.598879553,15773.1406629851,4629.54178343207,joint_shared_proportional_scale_cap_1.0,0.15,0.15
bp_combined,Morocco,Female,htn_no_diabetes,2025,2026,2030,13054904.5,2520747.42673923,0.397838470197435,0.0753516272318718,0.106656011972391,0.00626087694810388,189942.420445354,268852.867725673,78910.4472803189,joint_shared_proportional_scale_cap_1.0,0.15,0.15
bp_combined,Morocco,Male,htn_no_diabetes,2025,2026,2030,13064778,2944788.45480557,0.28236898066235,0.0211916007704574,0.0299955250937438,0.00176078486465728,62404.7812876918,88330.4759918875,25925.6947041957,joint_shared_proportional_scale_cap_1.0,0.15,0.15
bp_combined,Mozambique,Female,htn_no_diabetes,2025,2026,2030,8896152,2272006.41604291,0.230198503294698,0.0571609320302738,0.0809081007927489,0.00474943375249501,129870.004319775,183823.724110972,53953.7197911971,joint_shared_proportional_scale_cap_1.0,0.15,0.15
bp_combined,Mozambique,Male,htn_no_diabetes,2025,2026,2030,7797436.5,1716266.46030926,0.182020935290685,0.0216876554425559,0.0306976627248728,0.00180200145646337,37221.7956388023,52685.3689445849,15463.5733057826,joint_shared_proportional_scale_cap_1.0,0.15,0.15
bp_combined,Myanmar,Female,htn_no_diabetes,2025,2026,2030,19418948,4679531.1935253,0.341659655670073,0.114874230849723,0.162598045867349,0.00954476300352524,537557.546593506,760882.627642519,223325.081049013,joint_shared_proportional_scale_cap_1.0,0.15,0.15
bp_combined,Myanmar,Male,htn_no_diabetes,2025,2026,2030,18725651.5,4199914.19163234,0.284234399865979,0.0858382206049292,0.12149919810432,0.00713219549987821,360513.16090311,510286.206390284,149773.045487174,joint_shared_proportional_scale_cap_1.0,0.15,0.15
bp_combined,Namibia,Female,htn_no_diabetes,2025,2026,2030,894811.5,245330.979355079,0.27134521959292,0.204094294133036,0.288884053048592,0.0169579517831113,50070.6530604412,70872.2076544757,20801.5545940345,joint_shared_proportional_scale_cap_1.0,0.15,0.15
bp_combined,Namibia,Male,htn_no_diabetes,2025,2026,2030,827884.5,222108.280507904,0.233305228989732,0.141987894228428,0.200975919208237,0.0117976049959617,31536.6870400144,44638.415838837,13101.7287988226,joint_shared_proportional_scale_cap_1.0,0.15,0.15
bp_combined,Nepal,Female,htn_no_diabetes,2025,2026,2030,10301668,2273804.50216928,0.235476090105348,0.0494132460134734,0.0699416847653498,0.00410568775037529,112356.061252234,159033.717708757,46677.6564565229,joint_shared_proportional_scale_cap_1.0,0.15,0.15
bp_combined,Nepal,Male,htn_no_diabetes,2025,2026,2030,8691972.5,2515431.28364962,0.19943442028634,0.0290393979861246,0.0411036429213183,0.00241284898703873,73046.6101526497,103393.389276247,30346.7791235976,joint_shared_proportional_scale_cap_1.0,0.15,0.15
bp_combined,Netherlands,Female,htn_no_diabetes,2025,2026,2030,7502166.5,1506455.73415781,0.386264314108795,0.206630251154147,0.292473558310008,0.0171686614311723,311279.326701633,440598.469005652,129319.142304018,joint_shared_proportional_scale_cap_1.0,0.15,0.15
bp_combined,Netherlands,Male,htn_no_diabetes,2025,2026,2030,7304633,1963217.66453487,0.347756513608739,0.153213806352788,0.216865569663328,0.0127303526621079,300792.051082418,425754.317192462,124962.266110044,joint_shared_proportional_scale_cap_1.0,0.15,0.15
bp_combined,New Zealand,Female,htn_no_diabetes,2025,2026,2030,2052205,448254.03356785,0.322767906529278,0.25403678918314,0.359574860210644,0.0211076142055007,113873.015425968,161180.881459017,47307.8660330487,joint_shared_proportional_scale_cap_1.0,0.15,0.15
bp_combined,New Zealand,Male,htn_no_diabetes,2025,2026,2030,1988544.5,545620.265405863,0.239367976593581,0.213320676823035,0.301943481474979,0.0177245609303888,116392.084304743,164746.482499948,48354.3981952056,joint_shared_proportional_scale_cap_1.0,0.15,0.15
bp_combined,Nicaragua,Female,htn_no_diabetes,2025,2026,2030,2322963,492437.456988806,0.301194650733699,0.372457365062107,0.527192559027668,0.0309470387931121,183411.957687935,259609.363111006,76197.4054230702,joint_shared_proportional_scale_cap_1.0,0.15,0.15
bp_combined,Nicaragua,Male,htn_no_diabetes,2025,2026,2030,2173558.5,446499.807609542,0.26269182575696,0.218805785066636,0.309707345269176,0.018180312040508,97696.7409361078,138284.270077949,40587.5291418414,joint_shared_proportional_scale_cap_1.0,0.15,0.15
bp_combined,Niger,Female,htn_no_diabetes,2025,2026,2030,6123544.5,1545698.04111668,0.229668588151707,0.0452710492272363,0.0640786369951215,0.00376151755357704,69975.3721098361,99046.2236807864,29070.8515709503,joint_shared_proportional_scale_cap_1.0,0.15,0.15
bp_combined,Niger,Male,htn_no_diabetes,2025,2026,2030,6297322.5,1655157.36318239,0.183116961177767,0.0126051050430706,0.0178418208574311,0.00104734316287211,20863.4324257258,29531.0211647584,8667.58873903253,joint_shared_proportional_scale_cap_1.0,0.15,0.15
bp_combined,Nigeria,Female,htn_no_diabetes,2025,2026,2030,59237693.5,13032889.2227279,0.245824009146945,0.0712667490096473,0.100874095422206,0.00592146928251176,928811.645106683,1314680.91108049,385869.265973808,joint_shared_proportional_scale_cap_1.0,0.15,0.15
bp_combined,Nigeria,Male,htn_no_diabetes,2025,2026,2030,60254455,12046947.1749413,0.188100379780023,0.0861900081690945,0.121997133716778,0.00716142510953661,1038326.47542084,1469693.02538026,431366.549959427,joint_shared_proportional_scale_cap_1.0,0.15,0.15
bp_combined,North Macedonia,Female,htn_no_diabetes,2025,2026,2030,743658.5,215789.319404566,0.378993254217173,0.224385519685091,0.317605147402068,0.0186439255433953,48419.9985770858,68535.7985972792,20115.8000201934,joint_shared_proportional_scale_cap_1.0,0.15,0.15
bp_combined,North Macedonia,Male,htn_no_diabetes,2025,2026,2030,686092.5,241969.347160105,0.311356298040161,0.136391391868193,0.193054383275111,0.0113325982813837,33002.5360486047,46713.2430874754,13710.7070388707,joint_shared_proportional_scale_cap_1.0,0.15,0.15
bp_combined,Norway,Female,htn_no_diabetes,2025,2026,2030,2219621.5,452946.284790481,0.357206023429605,0.233286423286196,0.330203878390627,0.0193834910208862,105666.218719542,149564.619940442,43898.4012209002,joint_shared_proportional_scale_cap_1.0,0.15,0.15
bp_combined,Norway,Male,htn_no_diabetes,2025,2026,2030,2233943.5,590013.300766088,0.321193939157066,0.240222237942314,0.34002113593604,0.0199597795987451,141734.315525761,200616.992743857,58882.677218096,joint_shared_proportional_scale_cap_1.0,0.15,0.15
bp_combined,Oman,Female,htn_no_diabetes,2025,2026,2030,1282955,234710.560325664,0.333635021076256,0.14911446010094,0.211063174426783,0.0123897428651686,34998.7384829504,49538.7559338236,14540.0174508731,joint_shared_proportional_scale_cap_1.0,0.15,0.15
bp_combined,Oman,Male,htn_no_diabetes,2025,2026,2030,2614687.5,795644.788847642,0.20350177676119,0.0825448620815665,0.116837633397612,0.00685855426320905,65676.3893613457,92961.254154101,27284.8647927553,joint_shared_proportional_scale_cap_1.0,0.15,0.15
bp_combined,Pakistan,Female,htn_no_diabetes,2025,2026,2030,69794301,19648010.3888061,0.262179445414686,0.101770431424987,0.144050351017605,0.00845598391852354,1999586.49391142,2830302.79330506,830716.299393638,joint_shared_proportional_scale_cap_1.0,0.15,0.15
bp_combined,Pakistan,Male,htn_no_diabetes,2025,2026,2030,70647171,20923137.716937,0.20758396245162,0.0524381924633862,0.0742233272013513,0.00435702694759302,1097171.52253868,1552984.89684315,455813.374304473,joint_shared_proportional_scale_cap_1.0,0.15,0.15
bp_combined,Panama,Female,htn_no_diabetes,2025,2026,2030,1594428,354691.174063325,0.329011757760125,0.308200821538107,0.436241017207461,0.0256080391338707,109316.111238632,154730.838567893,45414.7273292609,joint_shared_proportional_scale_cap_1.0,0.15,0.15
bp_combined,Panama,Male,htn_no_diabetes,2025,2026,2030,1559269.5,387817.123799067,0.271584849954231,0.173250516730644,0.245226412029371,0.0143951790597453,67189.5170951805,95103.0017927954,27913.4846976149,joint_shared_proportional_scale_cap_1.0,0.15,0.15
bp_combined,Papua New Guinea,Female,htn_no_diabetes,2025,2026,2030,3108214,442804.653028453,0.387741503301747,0.055159361296208,0.0780749894185353,0.00458312562446547,24424.8218400384,34571.9685996746,10147.1467596362,joint_shared_proportional_scale_cap_1.0,0.15,0.15
bp_combined,Papua New Guinea,Male,htn_no_diabetes,2025,2026,2030,3233710.5,430080.423620856,0.342513109886119,0.0346512513967467,0.0490469074072834,0.00287913120210735,14902.8248797056,21094.1147150174,6191.28983531176,joint_shared_proportional_scale_cap_1.0,0.15,0.15
bp_combined,Paraguay,Female,htn_no_diabetes,2025,2026,2030,2292318,736451.79557675,0.273570538151416,0.138398260210573,0.19589499311746,0.0114993465813775,101923.647236774,144267.219425849,42343.5721890741,joint_shared_proportional_scale_cap_1.0,0.15,0.15
bp_combined,Paraguay,Male,htn_no_diabetes,2025,2026,2030,2254791.5,989363.431457171,0.214655910496796,0.0520384567112499,0.073657523611809,0.00432381338011183,51484.9460995776,72874.060313217,21389.1142136393,joint_shared_proportional_scale_cap_1.0,0.15,0.15
bp_combined,Peru,Female,htn_no_diabetes,2025,2026,2030,12239247,1465520.08482726,0.292172617623618,0.266954438656076,0.377859070219819,0.0221809263127485,391227.091584266,553760.056641298,162532.965057032,joint_shared_proportional_scale_cap_1.0,0.15,0.15
bp_combined,Peru,Male,htn_no_diabetes,2025,2026,2030,11865319,1927801.71008354,0.224876754931192,0.107154997194444,0.151671902565604,0.00890338107423199,206573.586835446,292393.353137596,85819.7663021492,joint_shared_proportional_scale_cap_1.0,0.15,0.15
bp_combined,Philippines,Female,htn_no_diabetes,2025,2026,2030,38493517.5,6842588.64926682,0.34672138774085,0.156176948053522,0.221059730935211,0.0129765565763379,1068654.61202816,1512620.80570725,443966.193679093,joint_shared_proportional_scale_cap_1.0,0.15,0.15
bp_combined,Philippines,Male,htn_no_diabetes,2025,2026,2030,37386490,8121749.77336818,0.264131283017936,0.0948485717785315,0.134252846007503,0.00788085484579432,770336.366346584,1090368.02163547,320031.655288888,joint_shared_proportional_scale_cap_1.0,0.15,0.15
bp_combined,Poland,Female,htn_no_diabetes,2025,2026,2030,16173722.5,5318961.35367983,0.345383075651939,0.32241186237092,0.456355950313558,0.0267888175885275,1714896.23591887,2427339.66323965,712443.427320782,joint_shared_proportional_scale_cap_1.0,0.15,0.15
bp_combined,Poland,Male,htn_no_diabetes,2025,2026,2030,14780781,6147862.68287833,0.269096370940597,0.243026783197947,0.343990812814304,0.0201928059232713,1494095.29136262,2114808.28135404,620712.989991419,joint_shared_proportional_scale_cap_1.0,0.15,0.15
bp_combined,Portugal,Female,htn_no_diabetes,2025,2026,2030,4606381,1057216.53175016,0.433689451714741,0.454829284627558,0.643785401970886,0.0377912234686656,480853.038832354,680620.569863043,199767.53103069,joint_shared_proportional_scale_cap_1.0,0.15,0.15
bp_combined,Portugal,Male,htn_no_diabetes,2025,2026,2030,4073228.5,1100643.67678928,0.384251126165352,0.325908346523538,0.461305027982383,0.027079336291769,358708.960813982,507732.462119912,149023.50130593,joint_shared_proportional_scale_cap_1.0,0.15,0.15
bp_combined,Qatar,Female,htn_no_diabetes,2025,2026,2030,624605,95344.2050292199,0.345482643211606,0.273637556032157,0.387318648905263,0.0227362185746212,26089.7552460246,36928.5886728638,10838.8334268392,joint_shared_proportional_scale_cap_1.0,0.15,0.15
bp_combined,Qatar,Male,htn_no_diabetes,2025,2026,2030,1924349,454967.227285405,0.224604101587566,0.178355055860808,0.252451601538616,0.0148193091355616,81145.7052373253,114857.205175784,33711.4999384587,joint_shared_proportional_scale_cap_1.0,0.15,0.15
bp_combined,Republic of Korea,Female,htn_no_diabetes,2025,2026,2030,22426609.5,4239730.57206539,0.369705426317884,0.51711272241747,0.731944123031561,0.0429662801228182,2192418.61843731,3103245.8754605,910827.257023188,joint_shared_proportional_scale_cap_1.0,0.15,0.15
bp_combined,Republic of Korea,Male,htn_no_diabetes,2025,2026,2030,22118759.5,5380675.84149969,0.31159103336558,0.451413995851493,0.638951251814205,0.0375074511925423,2428912.38199297,3437989.56453267,1009077.1825397,joint_shared_proportional_scale_cap_1.0,0.15,0.15
bp_combined,Republic of Moldova,Female,htn_no_diabetes,2025,2026,2030,1255864.5,396729.592628647,0.390075896561165,0.0327858669324345,0.0464065600774697,0.00272413862900704,13007.1236320818,18410.8556748314,5403.73204274962,joint_shared_proportional_scale_cap_1.0,0.15,0.15
bp_combined,Republic of Moldova,Male,htn_no_diabetes,2025,2026,2030,1000795,346916.835170853,0.293223710319472,0.0301934432418669,0.0427371294050855,0.00250873723264372,10474.6137723792,14826.2296774994,4351.61590512021,joint_shared_proportional_scale_cap_1.0,0.15,0.15
bp_combined,Romania,Female,htn_no_diabetes,2025,2026,2030,7886118.5,2754029.03390879,0.322036073555643,0.317242678832211,0.449039260261257,0.0263593162858093,873695.548298909,1236667.16012443,362971.611825518,joint_shared_proportional_scale_cap_1.0,0.15,0.15
bp_combined,Romania,Male,htn_no_diabetes,2025,2026,2030,7204556.5,2993373.18604772,0.239308171612539,0.196557459763158,0.278216085729001,0.0163317251931686,588369.829572692,832804.570948347,244434.741375655,joint_shared_proportional_scale_cap_1.0,0.15,0.15
bp_combined,Russian Federation,Female,htn_no_diabetes,2025,2026,2030,62051986,16799401.9368423,0.430391328434868,0.149040418992928,0.210958373381435,0.0123835908777014,2503789.90349758,3543974.50637718,1040184.6028796,joint_shared_proportional_scale_cap_1.0,0.15,0.15
bp_combined,Russian Federation,Male,htn_no_diabetes,2025,2026,2030,50778735,16740992.5422341,0.299108165368558,0.0961899722420183,0.136151523304188,0.00799231021243393,1610315.60794133,2279311.63624922,668996.028307889,joint_shared_proportional_scale_cap_1.0,0.15,0.15
bp_combined,Rwanda,Female,htn_no_diabetes,2025,2026,2030,4138857.5,739515.039038856,0.248453062251425,0.0210425779938471,0.0297845916921678,0.00174840273966414,15561.302886598,22026.1534879899,6464.85060139183,joint_shared_proportional_scale_cap_1.0,0.15,0.15
bp_combined,Rwanda,Male,htn_no_diabetes,2025,2026,2030,3762650,706640.148555145,0.181256705849676,0.0318067334416219,0.0450206514096007,0.00264278359359577,22475.9148442416,31813.3998001297,9337.48495588808,joint_shared_proportional_scale_cap_1.0,0.15,0.15
bp_combined,Saint Lucia,Female,htn_no_diabetes,2025,2026,2030,71212,17721.8396066366,0.356429184247594,0.256085949219475,0.362475331579313,0.0212778764719675,4538.31411758081,6423.72968761098,1885.41557003017,joint_shared_proportional_scale_cap_1.0,0.15,0.15
bp_combined,Saint Lucia,Male,htn_no_diabetes,2025,2026,2030,68083.5,17587.8541551673,0.285155964215153,0.0777557756087271,0.110058949473346,0.00646063477292372,1367.55724112821,1935.70075180813,568.143510679924,joint_shared_proportional_scale_cap_1.0,0.15,0.15
bp_combined,Saint Vincent and the Grenadines,Female,htn_no_diabetes,2025,2026,2030,35855,8939.08981784533,0.406156750970933,0.193391056721316,0.273734219402467,0.0160686325362301,1728.74002599987,2446.93477345643,718.194747456564,joint_shared_proportional_scale_cap_1.0,0.15,0.15
bp_combined,Saint Vincent and the Grenadines,Male,htn_no_diabetes,2025,2026,2030,37098.5,8641.10285347036,0.370073700440224,0.0974932904964474,0.137996297364879,0.00810060137368635,842.449550703066,1192.440198928,349.990648224935,joint_shared_proportional_scale_cap_1.0,0.15,0.15
bp_combined,Samoa,Female,htn_no_diabetes,2025,2026,2030,58425,11459.4489208543,0.417381643427851,0.0372235377051629,0.0526878347420393,0.00309285940737528,426.56122898581,603.773550976814,177.212321991004,joint_shared_proportional_scale_cap_1.0,0.15,0.15
bp_combined,Samoa,Male,htn_no_diabetes,2025,2026,2030,56902.5,12472.1829750416,0.370087767467223,0.0435973389771457,0.0617095937902194,0.00362245096261475,543.753988947873,769.653345067106,225.899356119233,joint_shared_proportional_scale_cap_1.0,0.15,0.15
bp_combined,Sao Tome and Principe,Female,htn_no_diabetes,2025,2026,2030,65055,18508.4480389091,0.271403185310548,0.0735451523860548,0.104099047911212,0.00611077910503141,1361.20663145095,1926.71181916457,565.505187713626,joint_shared_proportional_scale_cap_1.0,0.15,0.15
bp_combined,Sao Tome and Principe,Male,htn_no_diabetes,2025,2026,2030,62914.5,17001.487593838,0.214777720924124,0.0371489662206919,0.0525822829784913,0.00308666335155987,631.587688325,893.977031714498,262.389343389498,joint_shared_proportional_scale_cap_1.0,0.15,0.15
bp_combined,Saudi Arabia,Female,htn_no_diabetes,2025,2026,2030,8701835.5,1134069.65593154,0.34300597852858,0.204597447426646,0.289596238381261,0.0169997581909229,232027.756807608,328422.306420105,96394.5496124968,joint_shared_proportional_scale_cap_1.0,0.15,0.15
bp_combined,Saudi Arabia,Male,htn_no_diabetes,2025,2026,2030,15708054.5,3190891.5685649,0.24975859990783,0.152052464089981,0.215221754674371,0.012633858116878,485182.925644236,686749.282362193,201566.356717957,joint_shared_proportional_scale_cap_1.0,0.15,0.15
bp_combined,Senegal,Female,htn_no_diabetes,2025,2026,2030,5053659.5,1204118.37305363,0.272735667684677,0.0696865104936065,0.0986373562265489,0.00579016914658848,83910.8076393464,118771.052901824,34860.2452624773,joint_shared_proportional_scale_cap_1.0,0.15,0.15
bp_combined,Senegal,Male,htn_no_diabetes,2025,2026,2030,5040091,1145713.81006671,0.224024730681033,0.0381128518974928,0.053946609218833,0.00316675146426804,43666.4207599848,61807.3751882891,18140.9544283044,joint_shared_proportional_scale_cap_1.0,0.15,0.15
bp_combined,Serbia,Female,htn_no_diabetes,2025,2026,2030,2915084,879668.785418285,0.418371021039005,0.250508942148227,0.354581390136871,0.0208144895977287,220364.896875951,311914.180793628,91549.2839176776,joint_shared_proportional_scale_cap_1.0,0.15,0.15
bp_combined,Serbia,Male,htn_no_diabetes,2025,2026,2030,2554939,925486.081879669,0.32088502084987,0.146368338316376,0.207176192702674,0.0121615708772598,135461.85993966,191738.682843145,56276.8229034851,joint_shared_proportional_scale_cap_1.0,0.15,0.15
bp_combined,Seychelles,Female,htn_no_diabetes,2025,2026,2030,43593,10798.0425319296,0.381252173314952,0.300758389953701,0.425706671748305,0.0249896563589207,3247.60188655472,4596.79874766437,1349.19686110965,joint_shared_proportional_scale_cap_1.0,0.15,0.15
bp_combined,Seychelles,Male,htn_no_diabetes,2025,2026,2030,56344.5,16414.7845642047,0.298746206866865,0.140479772408834,0.19884125716104,0.0116722969504411,2305.94519971951,3263.93639877408,957.991199054565,joint_shared_proportional_scale_cap_1.0,0.15,0.15
bp_combined,Sierra Leone,Female,htn_no_diabetes,2025,2026,2030,2385993.5,610460.37990903,0.255479541559211,0.0663181474397014,0.0938696268038097,0.00551029587282168,40484.6014809031,57303.6880405725,16819.0865596694,joint_shared_proportional_scale_cap_1.0,0.15,0.15
bp_combined,Sierra Leone,Male,htn_no_diabetes,2025,2026,2030,2334667.5,566097.577275063,0.193602656141489,0.0327601459854579,0.0463701535162652,0.00272200150616145,18545.4392735451,26250.0315634304,7704.59228988534,joint_shared_proportional_scale_cap_1.0,0.15,0.15
bp_combined,Singapore,Female,htn_no_diabetes,2025,2026,2030,2395676,418819.637381849,0.371503254726392,0.33944829443916,0.480470066615859,0.0282043544353398,142167.611586896,201230.299072887,59062.6874859909,joint_shared_proportional_scale_cap_1.0,0.15,0.15
bp_combined,Singapore,Male,htn_no_diabetes,2025,2026,2030,2562175.5,580320.585009491,0.297868720081017,0.317607399398066,0.449555501813927,0.0263896204831723,184314.111822029,260886.311806894,76572.1999848651,joint_shared_proportional_scale_cap_1.0,0.15,0.15
bp_combined,Slovakia,Female,htn_no_diabetes,2025,2026,2030,2275438,669385.884072523,0.349446185070638,0.353510325238567,0.500374084357673,0.0293727518238211,236634.821588584,334943.34882474,98308.5272361566,joint_shared_proportional_scale_cap_1.0,0.15,0.15
bp_combined,Slovakia,Male,htn_no_diabetes,2025,2026,2030,2117869,773077.836629128,0.263143720936775,0.26075268042934,0.369080828475347,0.0216656296092014,201582.11808156,285328.208419007,83746.090337447,joint_shared_proportional_scale_cap_1.0,0.15,0.15
bp_combined,Slovenia,Female,htn_no_diabetes,2025,2026,2030,859407,276780.307683539,0.356416472902356,0.230533388214262,0.326307111295086,0.0191547446161648,63807.1021212721,90315.3826635806,26508.2805423085,joint_shared_proportional_scale_cap_1.0,0.15,0.15
bp_combined,Slovenia,Male,htn_no_diabetes,2025,2026,2030,861169,334372.339610544,0.274331534142191,0.141725039807303,0.200603863483412,0.0117757647352217,47388.9331417654,67076.3831678625,19687.4500260971,joint_shared_proportional_scale_cap_1.0,0.15,0.15
bp_combined,Solomon Islands,Female,htn_no_diabetes,2025,2026,2030,228074,33144.5778768224,0.424299705928496,0.0104509944774776,0.0147927978872071,0.000868360681945888,346.393800348998,490.301041588629,143.907241239631,joint_shared_proportional_scale_cap_1.0,0.15,0.15
bp_combined,Solomon Islands,Male,htn_no_diabetes,2025,2026,2030,234705.5,28332.4433146219,0.367283863757135,0,0,0,0,0,0,joint_shared_proportional_scale_cap_1.0,0.15,0.14263190239399
bp_combined,Somalia,Female,htn_no_diabetes,2025,2026,2030,4470604,968659.05471908,0.241471197041762,0.0653858969398927,0.0925500783863231,0.00543283628928608,63336.6411217556,89649.4714438724,26312.8303221168,joint_shared_proportional_scale_cap_1.0,0.15,0.15
bp_combined,Somalia,Male,htn_no_diabetes,2025,2026,2030,4350733.5,921748.656156317,0.191475914198618,0.0596308914660705,0.0844041901651125,0.0049546597398084,54964.6940742537,77799.4488586547,22834.754784401,joint_shared_proportional_scale_cap_1.0,0.15,0.15
bp_combined,South Africa,Female,htn_no_diabetes,2025,2026,2030,22788012.5,5812086.74408878,0.341997697297961,0.247884084107648,0.350866050456941,0.0205963932698586,1440723.79931265,2039263.92081157,598540.121498922,joint_shared_proportional_scale_cap_1.0,0.15,0.15
bp_combined,South Africa,Male,htn_no_diabetes,2025,2026,2030,20943438,5749408.77838433,0.274838236095065,0.123153840537442,0.174317370086622,0.010232705909836,708061.771877714,1002221.81780089,294160.045923181,joint_shared_proportional_scale_cap_1.0,0.15,0.15
bp_combined,South Sudan,Female,htn_no_diabetes,2025,2026,2030,3278193.5,667005.650200747,0.284661785851502,0.0891165568581657,0.126139499628251,0.00740458855401706,59441.2469508327,84135.7589655384,24694.5120147058,joint_shared_proportional_scale_cap_1.0,0.15,0.15
bp_combined,South Sudan,Male,htn_no_diabetes,2025,2026,2030,3017458,629719.19552298,0.197279025071392,0.0631566355115362,0.0893946835749976,0.00524760961269228,39770.9457062626,56293.5482248788,16522.6025186162,joint_shared_proportional_scale_cap_1.0,0.15,0.15
bp_combined,Spain,Female,htn_no_diabetes,2025,2026,2030,20446366.5,4154328.99458213,0.355179126396273,0.291921221859733,0.413198154803715,0.0242553865887963,1212736.79610573,1716561.07500891,503824.278903175,joint_shared_proportional_scale_cap_1.0,0.15,0.15
bp_combined,Spain,Male,htn_no_diabetes,2025,2026,2030,19337635.5,5395414.7582562,0.288945765414306,0.251769784876729,0.356366042467371,0.0209192515181285,1358402.41300689,1922742.60486981,564340.191862919,joint_shared_proportional_scale_cap_1.0,0.15,0.15
bp_combined,Sri Lanka,Female,htn_no_diabetes,2025,2026,2030,8807415.5,1940894.30369185,0.403182545366129,0.115304289826224,0.163206770284213,0.00958049609159793,223793.439314952,316767.090768575,92973.6514536225,joint_shared_proportional_scale_cap_1.0,0.15,0.15
bp_combined,Sri Lanka,Male,htn_no_diabetes,2025,2026,2030,7935572.5,1733577.18710282,0.340734110316281,0.0785275516473409,0.111151355270517,0.00652476072463525,136133.572094869,192689.453812529,56555.8817176607,joint_shared_proportional_scale_cap_1.0,0.15,0.15
bp_combined,Sudan,Female,htn_no_diabetes,2025,2026,2030,13583720,3628890.33402657,0.246149318468432,0.059834860706194,0.0846928972112081,0.00497160730100282,217134.147654534,307341.236050459,90207.0883959252,joint_shared_proportional_scale_cap_1.0,0.15,0.15
bp_combined,Sudan,Male,htn_no_diabetes,2025,2026,2030,12819208,3296727.26279053,0.190670970782476,0.035431919418285,0.0501518993087248,0.00294399597808797,116809.374719257,165337.133731799,48527.7590125415,joint_shared_proportional_scale_cap_1.0,0.15,0.15
bp_combined,Suriname,Female,htn_no_diabetes,2025,2026,2030,219111,57560.0495063197,0.339029613763467,0.188453547936338,0.266745452000484,0.0156583808128293,10847.3955488572,15353.8814227335,4506.4858738763,joint_shared_proportional_scale_cap_1.0,0.15,0.15
bp_combined,Suriname,Male,htn_no_diabetes,2025,2026,2030,214766.5,56648.4607478816,0.304872115663374,0.135676751654258,0.192042850040681,0.0112732196772847,7685.87914048631,10878.9318524409,3193.05271195454,joint_shared_proportional_scale_cap_1.0,0.15,0.15
bp_combined,Sweden,Female,htn_no_diabetes,2025,2026,2030,4175905,845301.88572316,0.382115805819252,0.134852108868395,0.19087561432099,0.0112047010905189,113990.741920199,161347.516724099,47356.7748039,joint_shared_proportional_scale_cap_1.0,0.15,0.15
bp_combined,Sweden,Male,htn_no_diabetes,2025,2026,2030,4190666,1066742.67903172,0.361102498203853,0.150536244696627,0.213075630964625,0.0125078772535995,160583.436959054,227296.869411577,66713.4324525229,joint_shared_proportional_scale_cap_1.0,0.15,0.15
bp_combined,Switzerland,Female,htn_no_diabetes,2025,2026,2030,3688081,566587.367369522,0.383527517125472,0.336752980222715,0.476655000161436,0.0279804039877442,190799.984518229,270066.701684987,79266.7171667583,joint_shared_proportional_scale_cap_1.0,0.15,0.15
bp_combined,Switzerland,Male,htn_no_diabetes,2025,2026,2030,3588272,757278.205700297,0.351857263970383,0.299054757586823,0.423295275461411,0.0248481035749176,226467.650231487,320552.28668283,94084.6364513438,joint_shared_proportional_scale_cap_1.0,0.15,0.15
bp_combined,Syrian Arab Republic,Female,htn_no_diabetes,2025,2026,2030,8069505.5,1631515.30156594,0.320993215492518,0.196998128113878,0.278839827121415,0.0163683398015074,321405.46039764,454931.44463459,133525.984236951,joint_shared_proportional_scale_cap_1.0,0.15,0.15
bp_combined,Syrian Arab Republic,Male,htn_no_diabetes,2025,2026,2030,7875258.5,2007578.6334814,0.229186084508026,0.131180559564571,0.185678741726575,0.0108996364324008,263355.288509968,372764.674581984,109409.386072016,joint_shared_proportional_scale_cap_1.0,0.15,0.15
bp_combined,Tajikistan,Female,htn_no_diabetes,2025,2026,2030,3167650.5,713441.382703269,0.314158236598512,0.0511509771738909,0.0724013459864667,0.00425007376251516,36493.223881564,51654.1163901625,15160.8925085985,joint_shared_proportional_scale_cap_1.0,0.15,0.15
bp_combined,Tajikistan,Male,htn_no_diabetes,2025,2026,2030,2938682.5,923464.86149885,0.256311984585067,0.014129950909337,0.0200001548568828,0.00117404078950917,13048.5131594764,18469.4402348669,5420.92707539043,joint_shared_proportional_scale_cap_1.0,0.15,0.15
bp_combined,Tanzania,Female,htn_no_diabetes,2025,2026,2030,17724197,3664281.79490764,0.228976418407545,0.0456562671773516,0.0646238914482609,0.00379352485418186,167297.428641409,236800.14894995,69502.7203085413,joint_shared_proportional_scale_cap_1.0,0.15,0.15
bp_combined,Tanzania,Male,htn_no_diabetes,2025,2026,2030,16793901.5,3213597.26290192,0.17615636315443,0.033705031810134,0.0477075865290796,0.00280051094378913,108314.397971069,153312.969489507,44998.5715184381,joint_shared_proportional_scale_cap_1.0,0.15,0.15
bp_combined,Thailand,Female,htn_no_diabetes,2025,2026,2030,30139128.5,6223291.0275599,0.359212960743709,0.244569400110307,0.346174300735103,0.0203209801249594,1522026.55332218,2154343.41973659,632316.866414413,joint_shared_proportional_scale_cap_1.0,0.15,0.15
bp_combined,Thailand,Male,htn_no_diabetes,2025,2026,2030,27794681.5,5848524.58714874,0.294249039814907,0.175888502442416,0.248960333193302,0.0146143661501772,1028688.23113124,1456050.62990577,427362.398774527,joint_shared_proportional_scale_cap_1.0,0.15,0.15
bp_combined,Timor-Leste,Female,htn_no_diabetes,2025,2026,2030,411810,95049.2273660097,0.26495111080196,0.065626338722539,0.0928904102755028,0.00545281431059276,6237.73279043738,8829.16172639819,2591.42893596081,joint_shared_proportional_scale_cap_1.0,0.15,0.15
bp_combined,Timor-Leste,Male,htn_no_diabetes,2025,2026,2030,413587,89230.2578425418,0.243726977775872,0.0828425912906692,0.117259052433366,0.00688329222853941,7392.06578121072,10463.0554830014,3070.98970179068,joint_shared_proportional_scale_cap_1.0,0.15,0.15
bp_combined,Togo,Female,htn_no_diabetes,2025,2026,2030,2521841,548481.652025092,0.254204193872075,0.0918566363247387,0.130017928789347,0.00763225849292163,50381.6796408607,71312.4483752616,20930.7687344009,joint_shared_proportional_scale_cap_1.0,0.15,0.15
bp_combined,Togo,Male,htn_no_diabetes,2025,2026,2030,2542448,561465.874141675,0.204206971696529,0.0217334059100803,0.0307624199516412,0.00180580280831218,12202.5657473791,17272.0490088615,5069.48326148244,joint_shared_proportional_scale_cap_1.0,0.15,0.15
bp_combined,Tonga,Female,htn_no_diabetes,2025,2026,2030,32313.5,7135.52537179966,0.463841232129796,0.0461798198169756,0.0653649509137463,0.00383702621935416,329.517275969166,466.413265671477,136.895989702311,joint_shared_proportional_scale_cap_1.0,0.15,0.15
bp_combined,Tonga,Male,htn_no_diabetes,2025,2026,2030,25702,5510.72270196276,0.412557253901722,0.00605455230615962,0.00856988000094696,0.000503065538957469,33.3649588437748,47.2262322743151,13.8612734305403,joint_shared_proportional_scale_cap_1.0,0.15,0.15
bp_combined,Trinidad and Tobago,Female,htn_no_diabetes,2025,2026,2030,597491.5,153923.500120788,0.391941177612257,0.185972018583834,0.263232986058428,0.0154521934949188,28625.464024952,40517.7425613598,11892.2785364078,joint_shared_proportional_scale_cap_1.0,0.15,0.15
bp_combined,Trinidad and Tobago,Male,htn_no_diabetes,2025,2026,2030,573181,153883.330294549,0.364293832291484,0.118506254475395,0.167738972076038,0.00984654352012863,18236.1370994071,25812.2316432452,7576.09454383802,joint_shared_proportional_scale_cap_1.0,0.15,0.15
bp_combined,Tunisia,Female,htn_no_diabetes,2025,2026,2030,4473072.5,912876.174759093,0.389003893040855,0.126942491695655,0.179679993803375,0.010547500421544,115882.776233517,164025.585423962,48142.809190445,joint_shared_proportional_scale_cap_1.0,0.15,0.15
bp_combined,Tunisia,Male,htn_no_diabetes,2025,2026,2030,4220651,965685.243381922,0.295105345764179,0.0586592623560821,0.0830289035283853,0.00487392823446063,56646.3840449371,80179.7869115428,23533.4028666057,joint_shared_proportional_scale_cap_1.0,0.15,0.15
bp_combined,Turkey,Female,htn_no_diabetes,2025,2026,2030,32397930.5,6525657.6852435,0.390328541853969,0.300856895921297,0.425846101433438,0.0249978411024282,1963289.11502731,2778925.8845501,815636.769522783,joint_shared_proportional_scale_cap_1.0,0.15,0.15
bp_combined,Turkey,Male,htn_no_diabetes,2025,2026,2030,31751575.5,6310942.00953132,0.299578645604827,0.236936707508259,0.335370651451717,0.0196867887886917,1495293.82101391,2116504.73301053,621210.911996623,joint_shared_proportional_scale_cap_1.0,0.15,0.15
bp_combined,Turkmenistan,Female,htn_no_diabetes,2025,2026,2030,2480627.5,557821.293289791,0.342767814826483,0.0871385866017075,0.123339793409503,0.00724024136155913,48607.7590736089,68801.5630737846,20193.8040001758,joint_shared_proportional_scale_cap_1.0,0.15,0.15
bp_combined,Turkmenistan,Male,htn_no_diabetes,2025,2026,2030,2279282,484881.465823135,0.282153547156941,0.0442284238580741,0.0626028591261991,0.00367488705362501,21445.5429913499,30354.9660978307,8909.42310648079,joint_shared_proportional_scale_cap_1.0,0.15,0.15
bp_combined,Uganda,Female,htn_no_diabetes,2025,2026,2030,12507067,2584053.09203385,0.201765989315765,0.055517017018381,0.078581231080294,0.00461284281238259,143458.919486843,203058.07314886,59599.1536620168,joint_shared_proportional_scale_cap_1.0,0.15,0.15
bp_combined,Uganda,Male,htn_no_diabetes,2025,2026,2030,11918712.5,2504357.92211597,0.159288656667595,0.0410569750672208,0.0581138508242788,0.00341137515141161,102821.360767712,145537.882696448,42716.5219287362,joint_shared_proportional_scale_cap_1.0,0.15,0.15
bp_combined,Ukraine,Female,htn_no_diabetes,2025,2026,2030,17369356.5,4976111.99610867,0.404214898532207,0.112036899916623,0.158581962697186,0.00930901255611253,557508.161681934,789121.606943923,231613.445261989,joint_shared_proportional_scale_cap_1.0,0.15,0.15
bp_combined,Ukraine,Male,htn_no_diabetes,2025,2026,2030,14484021.5,4526184.33649918,0.304594173667838,0.0549774534676483,0.0778175090660404,0.00456801111967841,248838.088745882,352216.390640095,103378.301894212,joint_shared_proportional_scale_cap_1.0,0.15,0.15
bp_combined,United Arab Emirates,Female,htn_no_diabetes,2025,2026,2030,3019650,458345.639068839,0.313102360298914,0.199023512412265,0.281706645263414,0.0165366265702297,91221.5589863245,129119.012353198,37897.4533668734,joint_shared_proportional_scale_cap_1.0,0.15,0.15
bp_combined,United Arab Emirates,Male,htn_no_diabetes,2025,2026,2030,6123736,1557380.43631262,0.224000386510727,0.149626530277324,0.211787981108065,0.0124322901661482,233025.431007242,329834.458423847,96809.0274166049,joint_shared_proportional_scale_cap_1.0,0.15,0.15
bp_combined,United Kingdom,Female,htn_no_diabetes,2025,2026,2030,27891787.5,5470474.06691485,0.339152177310694,0.241452175242281,0.341762043361793,0.0200619736239024,1320857.86306308,1869600.39526651,548742.532203438,joint_shared_proportional_scale_cap_1.0,0.15,0.15
bp_combined,United Kingdom,Male,htn_no_diabetes,2025,2026,2030,26469240,6267860.30039913,0.286448779558781,0.263376419248647,0.372794583960193,0.0218836329423093,1650806.60226987,2336624.3730079,685817.770738033,joint_shared_proportional_scale_cap_1.0,0.15,0.15
bp_combined,United States,Female,htn_no_diabetes,2025,2026,2030,135029185,28535566.2831771,0.389171959372562,0.451643470928305,0.639276060944928,0.0375265180033247,12887902.2010388,18242104.4103424,5354202.20930355,joint_shared_proportional_scale_cap_1.0,0.15,0.15
bp_combined,United States,Male,htn_no_diabetes,2025,2026,2030,134681241,32005068.2856882,0.340960055004095,0.397308830637753,0.562368417961825,0.0330119174648144,12715896.2550682,17998639.6185826,5282743.36351444,joint_shared_proportional_scale_cap_1.0,0.15,0.15
bp_combined,Uruguay,Female,htn_no_diabetes,2025,2026,2030,1356764.5,362735.710454012,0.377821852930059,0.277046412801424,0.392143694916231,0.0230194564229614,100494.62737626,142244.521775501,41749.8943992405,joint_shared_proportional_scale_cap_1.0,0.15,0.15
bp_combined,Uruguay,Male,htn_no_diabetes,2025,2026,2030,1236352,398590.303938325,0.287580322374324,0.206196161420817,0.291859128582398,0.0171325934323162,82187.7906516395,116332.218768833,34144.4281171932,joint_shared_proportional_scale_cap_1.0,0.15,0.15
bp_combined,Uzbekistan,Female,htn_no_diabetes,2025,2026,2030,11620159,3033564.04842225,0.338181920783296,0.166498240788364,0.235668943263306,0.0138341404949885,505083.077381131,714916.833613228,209833.756232097,joint_shared_proportional_scale_cap_1.0,0.15,0.15
bp_combined,Uzbekistan,Male,htn_no_diabetes,2025,2026,2030,11464160.5,3415679.67756334,0.277202851087944,0.0713561661512494,0.10100066038272,0.00592889884629409,243729.806591656,344985.903089733,101256.096498077,joint_shared_proportional_scale_cap_1.0,0.15,0.15
bp_combined,Vanuatu,Female,htn_no_diabetes,2025,2026,2030,91194,18099.4567405295,0.406000634618235,0.000532439955398353,0.000753638963665623,4.42398016534539e-05,9.63687393966195,13.6404558208434,4.00358188118148,joint_shared_proportional_scale_cap_1.0,0.15,0.15
bp_combined,Vanuatu,Male,htn_no_diabetes,2025,2026,2030,89621,18346.707775438,0.354766864802506,0,0,0,0,0,0,joint_shared_proportional_scale_cap_1.0,0.15,0.101513799476357
bp_combined,Venezuela (Bolivarian Republic of),Female,htn_no_diabetes,2025,2026,2030,9902077,2492206.09016247,0.34131774738841,0.344783111795857,0.488021202069317,0.0286476180546921,859270.5710028,1216249.41192556,356978.84092276,joint_shared_proportional_scale_cap_1.0,0.15,0.15
bp_combined,Venezuela (Bolivarian Republic of),Male,htn_no_diabetes,2025,2026,2030,9309412.5,2418471.15144626,0.300106972892915,0.208383766520007,0.294955561190708,0.0173143589341403,503970.12775835,713341.515698372,209371.387940022,joint_shared_proportional_scale_cap_1.0,0.15,0.15
bp_combined,Viet Nam,Female,htn_no_diabetes,2025,2026,2030,37636568.5,6158626.69745492,0.363420553771913,0.095308553756167,0.134903924758103,0.00791907420038715,586969.803658548,830822.912606702,243853.108948154,joint_shared_proportional_scale_cap_1.0,0.15,0.15
bp_combined,Viet Nam,Male,htn_no_diabetes,2025,2026,2030,34682757,7422920.6977207,0.285044431161526,0.0644623477366712,0.0912428461672659,0.00535609968611895,478498.895238205,677288.411333944,198789.516095738,joint_shared_proportional_scale_cap_1.0,0.15,0.15
bp_combined,Yemen,Female,htn_no_diabetes,2025,2026,2030,10560059.5,1663299.43598035,0.253409211824213,0.159956645296974,0.226409680886646,0.0132906071179344,266055.797903766,376587.094519249,110531.296615483,joint_shared_proportional_scale_cap_1.0,0.15,0.15
bp_combined,Yemen,Male,htn_no_diabetes,2025,2026,2030,10618497.5,1740373.65269523,0.189009337915826,0.102953768824495,0.145725298891802,0.00855430601346132,179178.026707827,253616.47072243,74438.4440146024,joint_shared_proportional_scale_cap_1.0,0.15,0.15
bp_combined,Zambia,Female,htn_no_diabetes,2025,2026,2030,5568342,951861.16225977,0.243249901627704,0.0827653964943844,0.117149787518736,0.00687687820487028,78781.1665020355,111510.332906069,32729.1664040335,joint_shared_proportional_scale_cap_1.0,0.15,0.15
bp_combined,Zambia,Male,htn_no_diabetes,2025,2026,2030,5357895.5,1025486.13176121,0.177489719818625,0.039448942053271,0.0558377700721,0.00327776560376578,40454.342988281,57260.8588374096,16806.5158491286,joint_shared_proportional_scale_cap_1.0,0.15,0.15
bp_combined,Zimbabwe,Female,htn_no_diabetes,2025,2026,2030,4675795.5,1236702.27087721,0.286156172286157,0.146563404427426,0.207452297867751,0.0121777786880649,181255.295082893,256556.727871742,75301.4327888496,joint_shared_proportional_scale_cap_1.0,0.15,0.15
bp_combined,Zimbabwe,Male,htn_no_diabetes,2025,2026,2030,3849027,841645.662514051,0.236198772602801,0.0884140331677369,0.125145116654852,0.00734621669742308,74413.2875209992,105327.844617371,30914.5570963721,joint_shared_proportional_scale_cap_1.0,0.15,0.15
bp_combined,Afghanistan,Female,htn_diabetes,2025,2026,2030,10656400,1116358.35089978,0.288116944917646,0.280085711511268,0.396445652173071,0.0232719881323605,312676.02301331,442575.414481315,129899.391468006,joint_shared_proportional_scale_cap_diabetes_0.80,0.15,0.15
bp_combined,Afghanistan,Male,htn_diabetes,2025,2026,2030,10584668.5,584367.946377141,0.206915093397397,0.217564526875106,0.307950413754887,0.0180771773759562,127137.73577452,179956.350871934,52818.6150974142,joint_shared_proportional_scale_cap_diabetes_0.80,0.15,0.15
bp_combined,Albania,Female,htn_diabetes,2025,2026,2030,1119803,144985.960199705,0.296321263909921,0.220977657747678,0.312781509519922,0.0183607703544487,32038.6578912289,45348.927490459,13310.2695992302,joint_shared_proportional_scale_cap_diabetes_0.80,0.15,0.15
bp_combined,Albania,Male,htn_diabetes,2025,2026,2030,1063013.5,105782.130690109,0.23311824821873,0.168207275890935,0.238087986820258,0.0139761421858646,17793.3240413221,25185.4545375654,7392.13049624334,joint_shared_proportional_scale_cap_diabetes_0.80,0.15,0.15
bp_combined,Algeria,Female,htn_diabetes,2025,2026,2030,14751664,1825433.40011571,0.378580542968894,0.297025627784635,0.420423155768365,0.0246795055967461,542200.501648409,767454.470721623,225253.969073214,joint_shared_proportional_scale_cap_diabetes_0.80,0.15,0.15
bp_combined,Algeria,Male,htn_diabetes,2025,2026,2030,15328527.5,1309090.30331503,0.27594218781711,0.219573571383963,0.310794103839114,0.0182441064910304,287441.633162997,406857.54766327,119415.914500274,joint_shared_proportional_scale_cap_diabetes_0.80,0.15,0.15
bp_combined,Andorra,Female,htn_diabetes,2025,2026,2030,34136.5,3188.49283583364,0.298406149800026,0.479783553948763,0.679106773854398,0.039864643981127,1529.78642451643,2165.32708320084,635.54065868441,joint_shared_proportional_scale_cap_diabetes_0.80,0.15,0.15
bp_combined,Andorra,Male,htn_diabetes,2025,2026,2030,35615.5,3619.21262510616,0.261162859582898,0.409103133669997,0.579062593942155,0.0339918920544315,1480.63122634895,2095.75065072217,615.119424373221,joint_shared_proportional_scale_cap_diabetes_0.80,0.15,0.15
bp_combined,Angola,Female,htn_diabetes,2025,2026,2030,9454084.5,837784.612697362,0.276026424413656,0.24273700928157,0.343580654050255,0.0201687289537371,203361.331308276,287846.585183799,84485.2538755235,joint_shared_proportional_scale_cap_diabetes_0.80,0.15,0.15
bp_combined,Angola,Male,htn_diabetes,2025,2026,2030,8954924.5,657771.796934606,0.263834825544535,0.202961461492706,0.287280591834969,0.0168638260684525,133502.325234531,188965.071115725,55462.7458811934,joint_shared_proportional_scale_cap_diabetes_0.80,0.15,0.15
bp_combined,Antigua and Barbuda,Female,htn_diabetes,2025,2026,2030,38630,6047.68393522648,0.355415158778058,0.37070126115299,0.524706892208832,0.0308011262111684,2241.88406184314,3173.26144271397,931.377380870831,joint_shared_proportional_scale_cap_diabetes_0.80,0.15,0.15
bp_combined,Antigua and Barbuda,Male,htn_diabetes,2025,2026,2030,33803.5,4082.30556934343,0.298166557675434,0.286628967501129,0.405707264892402,0.0238156594782546,1170.10703036502,1656.22102699334,486.113996628327,joint_shared_proportional_scale_cap_diabetes_0.80,0.15,0.15
bp_combined,Argentina,Female,htn_diabetes,2025,2026,2030,16991234.5,2205939.24586557,0.315857537146284,0.297009872700032,0.420400855327702,0.0246781965255338,655185.734598537,927378.745762829,272193.011164292,joint_shared_proportional_scale_cap_diabetes_0.80,0.15,0.15
bp_combined,Argentina,Male,htn_diabetes,2025,2026,2030,16332211,2049241.11401124,0.245154637778431,0.223125738899243,0.315821998191972,0.0185392518585456,457238.437746466,647195.423404171,189956.985657705,joint_shared_proportional_scale_cap_diabetes_0.80,0.15,0.15
bp_combined,Armenia,Female,htn_diabetes,2025,2026,2030,1237586,249889.283316695,0.416766981424112,0.188008309922527,0.266115242505666,0.0156213865166277,46981.2618241233,66499.3472293892,19518.0854052659,joint_shared_proportional_scale_cap_diabetes_0.80,0.15,0.15
bp_combined,Armenia,Male,htn_diabetes,2025,2026,2030,999336.5,153024.088585091,0.328133741934919,0.173553771483531,0.245655652163164,0.0144203761359267,26557.9077017725,37591.2322780444,11033.3245762719,joint_shared_proportional_scale_cap_diabetes_0.80,0.15,0.15
bp_combined,Australia,Female,htn_diabetes,2025,2026,2030,10622094.5,1086282.78363981,0.328767459149663,0.371144439483557,0.52533418633727,0.0308379493707426,403167.814854633,570661.482275602,167493.667420969,joint_shared_proportional_scale_cap_diabetes_0.80,0.15,0.15
bp_combined,Australia,Male,htn_diabetes,2025,2026,2030,10251233.5,941874.945234041,0.265291708032925,0.35887749157973,0.507971007988524,0.0298187032817587,338017.717727388,478445.165329671,140427.447602283,joint_shared_proportional_scale_cap_diabetes_0.80,0.15,0.15
bp_combined,Austria,Female,htn_diabetes,2025,2026,2030,3829405,492637.816840316,0.332288306457589,0.370946939248543,0.525054635805927,0.0308215393114769,182742.490314999,258661.769505319,75919.2791903198,joint_shared_proportional_scale_cap_diabetes_0.80,0.15,0.15
bp_combined,Austria,Male,htn_diabetes,2025,2026,2030,3647096.5,440712.398885178,0.286684581934179,0.381940464922039,0.540615356243233,0.0317349782642388,168325.898527112,238255.890524121,69929.9919970083,joint_shared_proportional_scale_cap_diabetes_0.80,0.15,0.15
bp_combined,Azerbaijan,Female,htn_diabetes,2025,2026,2030,3950832,579416.421488688,0.36572520475046,0.273234548410083,0.386748214166905,0.0227027331513643,158316.584266848,224088.266269728,65771.6820028806,joint_shared_proportional_scale_cap_diabetes_0.80,0.15,0.15
bp_combined,Azerbaijan,Male,htn_diabetes,2025,2026,2030,3600166,417969.67530858,0.323697792995275,0.189614366209945,0.268388525312049,0.0157548318204207,79253.0550786131,112178.264781226,32925.2097026127,joint_shared_proportional_scale_cap_diabetes_0.80,0.15,0.15
bp_combined,Bahamas,Female,htn_diabetes,2025,2026,2030,164326,23169.9102756013,0.326027315326277,0.376475126470149,0.532879475482965,0.0312808698025631,8722.89490130901,12346.7696346498,3623.87473334077,joint_shared_proportional_scale_cap_diabetes_0.80,0.15,0.15
bp_combined,Bahamas,Male,htn_diabetes,2025,2026,2030,144907,18313.721052223,0.288191586856383,0.276218217261114,0.390971430471417,0.0229506426420607,5058.58338046237,7160.14171704214,2101.55833657977,joint_shared_proportional_scale_cap_diabetes_0.80,0.15,0.15
bp_combined,Bahrain,Female,htn_diabetes,2025,2026,2030,439854,45971.0374129199,0.386080035007626,0.336712974582785,0.47659837441667,0.027977079966777,15479.0447519607,21909.7217012455,6430.67694928477,joint_shared_proportional_scale_cap_diabetes_0.80,0.15,0.15
bp_combined,Bahrain,Male,htn_diabetes,2025,2026,2030,828704,70272.592361309,0.268169590441785,0.274074239993756,0.387936750617827,0.0227725021248141,19259.9073438168,27261.3211381373,8001.41379432051,joint_shared_proportional_scale_cap_diabetes_0.80,0.15,0.15
bp_combined,Bangladesh,Female,htn_diabetes,2025,2026,2030,59223138.5,3844673.00444349,0.219874659115649,0.267667144030192,0.37886786479675,0.0222401441533116,1029092.64282936,1456623.05203521,427530.409205844,joint_shared_proportional_scale_cap_diabetes_0.80,0.15,0.15
bp_combined,Bangladesh,Male,htn_diabetes,2025,2026,2030,54363605,2416532.36036487,0.215322552979708,0.258153543737481,0.365401895925268,0.0214496704375573,623836.392384492,883005.506042087,259169.113657596,joint_shared_proportional_scale_cap_diabetes_0.80,0.15,0.15
bp_combined,Barbados,Female,htn_diabetes,2025,2026,2030,116219.5,22188.9028904259,0.397122004010239,0.467851986363151,0.66221830757955,0.0388732642432797,10381.1222925048,14693.8977191448,4312.77542663999,joint_shared_proportional_scale_cap_diabetes_0.80,0.15,0.15
bp_combined,Barbados,Male,htn_diabetes,2025,2026,2030,103510.5,14801.5572591194,0.341958504975447,0.387384895347905,0.548321642862593,0.0321873495029376,5733.89970981,8116.0141932451,2382.1144834351,joint_shared_proportional_scale_cap_diabetes_0.80,0.15,0.15
bp_combined,Belarus,Female,htn_diabetes,2025,2026,2030,3909680,806552.587759894,0.380107069411175,0.229791434911365,0.325256917911561,0.0190930966000393,185338.876472821,262336.808828377,76997.9323555564,joint_shared_proportional_scale_cap_diabetes_0.80,0.15,0.15
bp_combined,Belarus,Male,htn_diabetes,2025,2026,2030,3241931.5,470946.05177637,0.280198360573235,0.173940389259268,0.246202887991142,0.0144524997463749,81916.539566097,115948.278035368,34031.7384692713,joint_shared_proportional_scale_cap_diabetes_0.80,0.15,0.15
bp_combined,Belgium,Female,htn_diabetes,2025,2026,2030,4782953,602212.093750547,0.363411341036508,0.518649991968676,0.734120042061865,0.0430940100186378,312337.297587161,442095.967594315,129758.670007155,joint_shared_proportional_scale_cap_diabetes_0.80,0.15,0.15
bp_combined,Belgium,Male,htn_diabetes,2025,2026,2030,4571695.5,541220.450535704,0.308042053060249,0.450976051202218,0.638331365668778,0.0374710628933121,244077.461612477,345477.989318327,101400.52770585,joint_shared_proportional_scale_cap_diabetes_0.80,0.15,0.15
bp_combined,Belize,Female,htn_diabetes,2025,2026,2030,140619,13093.7466300447,0.304688567556802,0.371386629728861,0.525676993077505,0.0308580726697288,4862.84243145594,6883.08135660062,2020.23892514468,joint_shared_proportional_scale_cap_diabetes_0.80,0.15,0.15
bp_combined,Belize,Male,htn_diabetes,2025,2026,2030,141068,11030.6193828808,0.24518325621494,0.272433270720606,0.38561405043373,0.0226361559426248,3005.10771655233,4253.56181902549,1248.45410247315,joint_shared_proportional_scale_cap_diabetes_0.80,0.15,0.15
bp_combined,Benin,Female,htn_diabetes,2025,2026,2030,3738262,259888.723833711,0.300504265431333,0.207143526273383,0.293200070520474,0.0172113088494182,53834.2666936044,76199.3921555202,22365.1254619158,joint_shared_proportional_scale_cap_diabetes_0.80,0.15,0.15
bp_combined,Benin,Male,htn_diabetes,2025,2026,2030,3683484.5,176854.815447268,0.21200580430093,0.199118465825372,0.281841046506455,0.0165445161362166,35215.0595256894,49844.9462653641,14629.8867396747,joint_shared_proportional_scale_cap_diabetes_0.80,0.15,0.15
bp_combined,Bhutan,Female,htn_diabetes,2025,2026,2030,267843.5,22823.4909008089,0.230571096323801,0.222618931371304,0.315104640495086,0.0184971418247565,5080.94115450075,7191.78789514226,2110.84674064151,joint_shared_proportional_scale_cap_diabetes_0.80,0.15,0.15
bp_combined,Bhutan,Male,htn_diabetes,2025,2026,2030,314056.5,24899.3843206277,0.20223139413412,0.18904142783126,0.267577563096349,0.0157072270530179,4707.01516409073,6662.516579113,1955.50141502226,joint_shared_proportional_scale_cap_diabetes_0.80,0.15,0.15
bp_combined,Bolivia,Female,htn_diabetes,2025,2026,2030,3989287,246842.048513533,0.288227077816936,0.443758218319368,0.628114927104033,0.0368713417569332,109538.187654668,155045.175308288,45506.9876536197,joint_shared_proportional_scale_cap_diabetes_0.80,0.15,0.15
bp_combined,Bolivia,Male,htn_diabetes,2025,2026,2030,3933289,221518.274398891,0.233818868809144,0.308020611299355,0.435985939698349,0.0255930656797986,68232.1942943248,96578.8530241572,28346.6587298324,joint_shared_proportional_scale_cap_diabetes_0.80,0.15,0.15
bp_combined,Bosnia and Herzegovina,Female,htn_diabetes,2025,2026,2030,1388219.5,311268.063063303,0.425453090826479,0.300863642284951,0.425855650533691,0.024998401649748,93649.2431802073,132555.263486185,38906.0203059777,joint_shared_proportional_scale_cap_diabetes_0.80,0.15,0.15
bp_combined,Bosnia and Herzegovina,Male,htn_diabetes,2025,2026,2030,1220047.5,208313.825243039,0.336845171043919,0.216768350525521,0.306823470682879,0.0180110240314716,45155.8442895952,63915.570852296,18759.7265627008,joint_shared_proportional_scale_cap_diabetes_0.80,0.15,0.15
bp_combined,Botswana,Female,htn_diabetes,2025,2026,2030,782811.5,86420.9522571804,0.293933190652956,0.330188575844868,0.467363453082288,0.0274349754474841,28535.2111489557,40389.9946655754,11854.7835166197,joint_shared_proportional_scale_cap_diabetes_0.80,0.15,0.15
bp_combined,Botswana,Male,htn_diabetes,2025,2026,2030,766563.5,62200.1203818507,0.246620828656797,0.246046710425135,0.348265350821394,0.0204437280792516,15304.1350080018,21662.1467459182,6358.01173791637,joint_shared_proportional_scale_cap_diabetes_0.80,0.15,0.15
bp_combined,Brazil,Female,htn_diabetes,2025,2026,2030,82212314,8727604.42649317,0.257009028781802,0.500893876411035,0.708987254050912,0.0416186755279756,4371603.61296827,6187760.29678198,1816156.68381371,joint_shared_proportional_scale_cap_diabetes_0.80,0.15,0.15
bp_combined,Brazil,Male,htn_diabetes,2025,2026,2030,77657112,6903766.43281035,0.194808957901381,0.401572145666599,0.568402901827176,0.0333661512321154,2772360.29960469,3924120.87394645,1151760.57434176,joint_shared_proportional_scale_cap_diabetes_0.80,0.15,0.15
bp_combined,Brunei Darussalam,Female,htn_diabetes,2025,2026,2030,160698,23237.0634525017,0.356302839443615,0.446359015102259,0.631796209420077,0.0370874388635637,10372.0727565273,14681.0886073444,4309.01585081703,joint_shared_proportional_scale_cap_diabetes_0.80,0.15,0.15
bp_combined,Brunei Darussalam,Male,htn_diabetes,2025,2026,2030,184517.5,24916.1089171443,0.324077136517538,0.357018799684744,0.505340133616102,0.0296642667862716,8895.51929841322,12591.1098093831,3695.59051096985,joint_shared_proportional_scale_cap_diabetes_0.80,0.15,0.15
bp_combined,Bulgaria,Female,htn_diabetes,2025,2026,2030,2859678,522412.535043212,0.361934847598705,0.376625499307954,0.533092319820618,0.0312933641025327,196753.881855384,278494.110209555,81740.2283541717,joint_shared_proportional_scale_cap_diabetes_0.80,0.15,0.15
bp_combined,Bulgaria,Male,htn_diabetes,2025,2026,2030,2608251.5,375337.939466163,0.272241196030903,0.2933680679864,0.415246084536315,0.024375603309983,110112.166143184,155857.609741252,45745.443598068,joint_shared_proportional_scale_cap_diabetes_0.80,0.15,0.15
bp_combined,Burkina Faso,Female,htn_diabetes,2025,2026,2030,6083031.5,361703.203094868,0.252946997604433,0.223624499110918,0.31652796536298,0.0185806932504123,80885.6976189045,114489.178940891,33603.4813219866,joint_shared_proportional_scale_cap_diabetes_0.80,0.15,0.15
bp_combined,Burkina Faso,Male,htn_diabetes,2025,2026,2030,5816630.5,242136.029000526,0.193321346416144,0.18019351906582,0.255053843332296,0.0149720648532952,43631.3431582283,61757.7248058045,18126.3816475762,joint_shared_proportional_scale_cap_diabetes_0.80,0.15,0.15
bp_combined,Burundi,Female,htn_diabetes,2025,2026,2030,3398525,205710.611556662,0.231856717435163,0.248038566498679,0.351084711637231,0.0206092290277104,51024.1652040808,72221.8507390889,21197.6855350081,joint_shared_proportional_scale_cap_diabetes_0.80,0.15,0.15
bp_combined,Burundi,Male,htn_diabetes,2025,2026,2030,3266953,151578.348237154,0.184630148223236,0.214475859366617,0.303578577726046,0.0178205436718857,32509.8964995361,46015.9393718986,13506.0428723626,joint_shared_proportional_scale_cap_diabetes_0.80,0.15,0.15
bp_combined,Cabo Verde,Female,htn_diabetes,2025,2026,2030,177016,21833.6651544336,0.346833969216931,0.292446078994336,0.413941060708849,0.0242989963429025,6385.16976448936,9037.85051318806,2652.6807486987,joint_shared_proportional_scale_cap_diabetes_0.80,0.15,0.15
bp_combined,Cabo Verde,Male,htn_diabetes,2025,2026,2030,181185,16461.6107443197,0.227310649083238,0.201462442587158,0.285158814453241,0.0167392743732166,3316.39630946965,4694.17340384093,1377.77709437128,joint_shared_proportional_scale_cap_diabetes_0.80,0.15,0.15
bp_combined,Cambodia,Female,htn_diabetes,2025,2026,2030,5871047,398466.116558424,0.314526753106943,0.368429312744207,0.521491076365304,0.0306123527242194,146806.597475473,207796.524019155,60989.9265436821,joint_shared_proportional_scale_cap_diabetes_0.80,0.15,0.15
bp_combined,Cambodia,Male,htn_diabetes,2025,2026,2030,5384942,298736.285885733,0.259523574134363,0.275471480681264,0.389914466627018,0.0228885971891509,82293.3270061643,116481.599573272,34188.2725671079,joint_shared_proportional_scale_cap_diabetes_0.80,0.15,0.15
bp_combined,Cameroon,Female,htn_diabetes,2025,2026,2030,7586438,553516.52158334,0.259906861178751,0.213652340519403,0.302412932878621,0.0177521184718434,118260.100352439,167390.55468879,49130.4543363507,joint_shared_proportional_scale_cap_diabetes_0.80,0.15,0.15
bp_combined,Cameroon,Male,htn_diabetes,2025,2026,2030,7383628,387507.568624948,0.206691765282523,0.162352895291117,0.229801438668833,0.0134897086755432,62912.9757134814,89049.7967650744,26136.821051593,joint_shared_proportional_scale_cap_diabetes_0.80,0.15,0.15
bp_combined,Canada,Female,htn_diabetes,2025,2026,2030,16404298,1426283.92903667,0.334144775627451,0.668762446381986,0.8,0.0262475107236028,953845.129617876,1141027.14322934,187182.013611462,joint_shared_proportional_scale_cap_diabetes_0.80,0.15,0.15
bp_combined,Canada,Male,htn_diabetes,2025,2026,2030,15954765.5,1506905.1554132,0.328321706513712,0.741223735382266,0.8,0.0117552529235468,1116953.86816217,1205524.12433056,88570.2561683939,joint_shared_proportional_scale_cap_diabetes_0.80,0.15,0.15
bp_combined,Central African Republic,Female,htn_diabetes,2025,2026,2030,1259422.5,103644.004476381,0.284233435526141,0.168881553167077,0.239042388574789,0.0140321670815425,17503.5604524266,24775.3103914902,7271.74993906355,joint_shared_proportional_scale_cap_diabetes_0.80,0.15,0.15
bp_combined,Central African Republic,Male,htn_diabetes,2025,2026,2030,1023279,67175.0128420001,0.254410682726743,0.161314742624044,0.228331991659444,0.0134034498070799,10836.3199073741,15338.2044719626,4501.88456458849,joint_shared_proportional_scale_cap_diabetes_0.80,0.15,0.15
bp_combined,Chad,Female,htn_diabetes,2025,2026,2030,4796415,338019.110965549,0.23183112488282,0.243661496995815,0.344889214679151,0.0202455435366672,82362.2425910602,116579.145727453,34216.9031363929,joint_shared_proportional_scale_cap_diabetes_0.80,0.15,0.15
bp_combined,Chad,Male,htn_diabetes,2025,2026,2030,4708514,230744.574349477,0.187383149158477,0.212426651849767,0.300678039151364,0.0176502774603194,49016.297361559,69379.8261602168,20363.5287986578,joint_shared_proportional_scale_cap_diabetes_0.80,0.15,0.15
bp_combined,Chile,Female,htn_diabetes,2025,2026,2030,7894715.5,958292.827804582,0.348833623919168,0.51580439624623,0.730092260544847,0.0428575728597233,494291.653472835,699642.176915761,205350.523442926,joint_shared_proportional_scale_cap_diabetes_0.80,0.15,0.15
bp_combined,Chile,Male,htn_diabetes,2025,2026,2030,7695890.5,858054.774509422,0.287596475883708,0.373607807723518,0.528820946240745,0.0310426277034455,320575.963211163,453757.337782462,133181.374571299,joint_shared_proportional_scale_cap_diabetes_0.80,0.15,0.15
bp_combined,China,Female,htn_diabetes,2025,2026,2030,561666473.5,43358591.8640464,0.279017013042484,0.286267154715485,0.405195139139913,0.0237855968848856,12412140.7253905,17568690.663263,5156549.93787243,joint_shared_proportional_scale_cap_diabetes_0.80,0.15,0.15
bp_combined,China,Male,htn_diabetes,2025,2026,2030,567724824.5,37002010.6350033,0.211370620410247,0.257311200727386,0.364209606528609,0.0213796811602446,9521031.78582019,13476487.7341419,3955455.94832174,joint_shared_proportional_scale_cap_diabetes_0.80,0.15,0.15
bp_combined,Colombia,Female,htn_diabetes,2025,2026,2030,20313225.5,1817407.52955163,0.310723657653871,0.513357975437904,0.726629488782541,0.0426543026689274,932980.64991623,1320581.90410764,387601.254191415,joint_shared_proportional_scale_cap_diabetes_0.80,0.15,0.15
bp_combined,Colombia,Male,htn_diabetes,2025,2026,2030,19322909,1396667.9233298,0.255416227628668,0.351408012490324,0.497398378299509,0.0291980731618371,490800.299046311,694700.360087184,203900.061040872,joint_shared_proportional_scale_cap_diabetes_0.80,0.15,0.15
bp_combined,Comoros,Female,htn_diabetes,2025,2026,2030,242865,19274.7588648462,0.273836630393999,0.237775129623091,0.336557391040529,0.0197564522834876,4583.05828754262,6487.06255648794,1904.00426894532,joint_shared_proportional_scale_cap_diabetes_0.80,0.15,0.15
bp_combined,Comoros,Male,htn_diabetes,2025,2026,2030,241785,13614.4445817886,0.230894086205327,0.209447407353622,0.296461085273624,0.0174027355840002,2851.5101202152,4036.15301611466,1184.64289589946,joint_shared_proportional_scale_cap_diabetes_0.80,0.15,0.15
bp_combined,Congo,Female,htn_diabetes,2025,2026,2030,1672142,167864.236304891,0.305887249921217,0.216064273589853,0.305826889177758,0.017952523117581,36269.4642789318,51337.397193325,15067.9329143932,joint_shared_proportional_scale_cap_diabetes_0.80,0.15,0.15
bp_combined,Congo,Male,htn_diabetes,2025,2026,2030,1643888.5,129978.952831181,0.26320878521085,0.186678052774055,0.26423233794785,0.0155108570347588,24264.2178161356,34344.6425905962,10080.4247744605,joint_shared_proportional_scale_cap_diabetes_0.80,0.15,0.15
bp_combined,Costa Rica,Female,htn_diabetes,2025,2026,2030,2003858.5,248094.280230493,0.316282718030832,0.637839373152721,0.8,0.0324321253694558,158244.300184993,198475.424184394,40231.1239994012,joint_shared_proportional_scale_cap_diabetes_0.80,0.15,0.15
bp_combined,Costa Rica,Male,htn_diabetes,2025,2026,2030,1915980,193297.203400911,0.290939940673689,0.560853931577756,0.793857357015618,0.0466006850875724,108411.496490386,153450.407010357,45038.9105199714,joint_shared_proportional_scale_cap_diabetes_0.80,0.15,0.15
bp_combined,Croatia,Female,htn_diabetes,2025,2026,2030,1654357,348072.487819243,0.37788833582198,0.340257256025617,0.481615106475249,0.0282715700899263,118434.189603386,167636.968282169,49202.7786787838,joint_shared_proportional_scale_cap_diabetes_0.80,0.15,0.15
bp_combined,Croatia,Male,htn_diabetes,2025,2026,2030,1500058.5,256860.601370725,0.305518894683859,0.250483186360695,0.354544934260809,0.0208123495800228,64339.2618818635,91068.6250271756,26729.3631453121,joint_shared_proportional_scale_cap_diabetes_0.80,0.15,0.15
bp_combined,Cuba,Female,htn_diabetes,2025,2026,2030,4518655,635324.300318036,0.312976207672578,0.483208194863444,0.683954161439983,0.0401491933153077,306993.908309559,434532.699066466,127538.790756907,joint_shared_proportional_scale_cap_diabetes_0.80,0.15,0.15
bp_combined,Cuba,Male,htn_diabetes,2025,2026,2030,4302829,485740.350313104,0.265753667467407,0.386015792791651,0.546383754803694,0.0320735924024086,187503.446417007,265400.636463735,77897.1900467283,joint_shared_proportional_scale_cap_diabetes_0.80,0.15,0.15
bp_combined,Cyprus,Female,htn_diabetes,2025,2026,2030,546996,54765.7095235315,0.345841095625722,0.474426614975156,0.67152432649004,0.0394195423029768,25982.3101859617,36776.5062025386,10794.1960165769,joint_shared_proportional_scale_cap_diabetes_0.80,0.15,0.15
bp_combined,Cyprus,Male,htn_diabetes,2025,2026,2030,548979.5,59714.9001625024,0.309330234923672,0.403802695391808,0.571560120150609,0.0335514849517601,24113.0376406712,34130.6555116615,10017.6178709903,joint_shared_proportional_scale_cap_diabetes_0.80,0.15,0.15
bp_combined,Czechia,Female,htn_diabetes,2025,2026,2030,4364241,746290.804102259,0.401682676165208,0.513738203534813,0.727167680377679,0.0426858953685732,383398.097014046,542678.552906232,159280.455892187,joint_shared_proportional_scale_cap_diabetes_0.80,0.15,0.15
bp_combined,Czechia,Male,htn_diabetes,2025,2026,2030,4169023,736529.097074113,0.332700647659766,0.406818993566408,0.575829521436828,0.0338021055740839,299634.026004066,424115.197492485,124481.171488419,joint_shared_proportional_scale_cap_diabetes_0.80,0.15,0.15
bp_combined,Democratic People's Republic of Korea,Female,htn_diabetes,2025,2026,2030,10332960,792350.867806955,0.286444265141714,0.355440426352842,0.503106034484225,0.0295331216262766,281633.530274348,398636.503022491,117002.972748143,joint_shared_proportional_scale_cap_diabetes_0.80,0.15,0.15
bp_combined,Democratic People's Republic of Korea,Male,htn_diabetes,2025,2026,2030,9905557,637622.624809001,0.231720860397241,0.319578982563928,0.452346167463333,0.0265534369798809,203770.789696202,288426.150620262,84655.3609240604,joint_shared_proportional_scale_cap_diabetes_0.80,0.15,0.15
bp_combined,Democratic Republic of the Congo,Female,htn_diabetes,2025,2026,2030,26154326,2036332.43176542,0.289445099044984,0.23043969205043,0.326174489618044,0.0191469595135226,469251.818488328,664199.691623756,194947.873135428,joint_shared_proportional_scale_cap_diabetes_0.80,0.15,0.15
bp_combined,Democratic Republic of the Congo,Male,htn_diabetes,2025,2026,2030,25180274,1611420.37620102,0.263259663626323,0.217113875975729,0.307312542623433,0.0180397333295408,349861.723703271,495209.693045544,145347.969342273,joint_shared_proportional_scale_cap_diabetes_0.80,0.15,0.15
bp_combined,Denmark,Female,htn_diabetes,2025,2026,2030,2427793.5,346260.289672399,0.402385369159417,0.191774538082092,0.271446127722534,0.0159343179280883,66403.9071080958,93991.0148156556,27587.1077075598,joint_shared_proportional_scale_cap_diabetes_0.80,0.15,0.15
bp_combined,Denmark,Male,htn_diabetes,2025,2026,2030,2360863,412072.926947176,0.371672521095329,0.182427298918918,0.25821563372101,0.0151576669604184,75173.3510205859,106403.671970937,31230.3209503506,joint_shared_proportional_scale_cap_diabetes_0.80,0.15,0.15
bp_combined,Djibouti,Female,htn_diabetes,2025,2026,2030,383455.5,31217.0361562478,0.27680932201004,0.24125187459889,0.341478529009092,0.0200453308820404,7531.16849211611,10659.9475866591,3128.77909454303,joint_shared_proportional_scale_cap_diabetes_0.80,0.15,0.15
bp_combined,Djibouti,Male,htn_diabetes,2025,2026,2030,368267.5,22339.80975443,0.221229095301794,0.208090811156177,0.294540899265812,0.0172900176219271,4648.709132874,6579.98765449696,1931.27852162296,joint_shared_proportional_scale_cap_diabetes_0.80,0.15,0.15
bp_combined,Dominica,Female,htn_diabetes,2025,2026,2030,25408,4423.4072475736,0.350850916143688,0.304285991103406,0.430699793785324,0.0252827605363836,1345.98085838192,1905.16058935846,559.179730976535,joint_shared_proportional_scale_cap_diabetes_0.80,0.15,0.15
bp_combined,Dominica,Male,htn_diabetes,2025,2026,2030,25388,3612.20390686587,0.314750869207997,0.246313229977219,0.348642594334005,0.0204658728713572,889.733611636464,1259.36814135315,369.634529716683,joint_shared_proportional_scale_cap_diabetes_0.80,0.15,0.15
bp_combined,Dominican Republic,Female,htn_diabetes,2025,2026,2030,3926344,468158.387603981,0.26712551076232,0.360582921413092,0.510384948488646,0.0299604054151108,168809.919086286,238940.994541785,70131.0754554992,joint_shared_proportional_scale_cap_diabetes_0.80,0.15,0.15
bp_combined,Dominican Republic,Male,htn_diabetes,2025,2026,2030,3783715.5,375632.398540587,0.225845968059066,0.295218406536115,0.417865135215926,0.0245293457359621,110893.598140491,156963.683007645,46070.0848671539,joint_shared_proportional_scale_cap_diabetes_0.80,0.15,0.15
bp_combined,Ecuador,Female,htn_diabetes,2025,2026,2030,6408365.5,441914.320198144,0.309798931795456,0.50395204706217,0.713315923484651,0.0418727752844963,222703.626289942,315224.521413231,92520.895123289,joint_shared_proportional_scale_cap_diabetes_0.80,0.15,0.15
bp_combined,Ecuador,Male,htn_diabetes,2025,2026,2030,6234871,392968.324500649,0.244297231111955,0.295832534915114,0.418734399572242,0.0245803729314256,116252.815578372,164549.355410689,48296.5398323171,joint_shared_proportional_scale_cap_diabetes_0.80,0.15,0.15
bp_combined,Egypt,Female,htn_diabetes,2025,2026,2030,36007823.5,4278742.98364391,0.352799430384255,0.325763291766237,0.461099711090104,0.0270672838647735,1393857.39897353,1972927.15358702,579069.754613487,joint_shared_proportional_scale_cap_diabetes_0.80,0.15,0.15
bp_combined,Egypt,Male,htn_diabetes,2025,2026,2030,36056804,2885466.39878505,0.271902389278726,0.250844387965576,0.355056194921128,0.0208423613911103,723803.052798471,1024502.72012539,300699.667326918,joint_shared_proportional_scale_cap_diabetes_0.80,0.15,0.15
bp_combined,El Salvador,Female,htn_diabetes,2025,2026,2030,2370154.5,242211.514145979,0.34008790279236,0.582076447341718,0.8,0.0435847105316564,140985.617659349,193769.211316783,52783.5936574334,joint_shared_proportional_scale_cap_diabetes_0.80,0.15,0.15
bp_combined,El Salvador,Male,htn_diabetes,2025,2026,2030,1996053,147301.129422843,0.284331324546486,0.373347037039495,0.528451839929191,0.0310209605779391,54994.4402225896,77841.5528671492,22847.1126445596,joint_shared_proportional_scale_cap_diabetes_0.80,0.15,0.15
bp_combined,Equatorial Guinea,Female,htn_diabetes,2025,2026,2030,485181.5,50267.4441049919,0.324763942625213,0.234456253594929,0.331859707733634,0.0194806908277411,11785.5166226489,16681.7393091994,4896.22268655051,joint_shared_proportional_scale_cap_diabetes_0.80,0.15,0.15
bp_combined,Equatorial Guinea,Male,htn_diabetes,2025,2026,2030,581382.5,51818.7954144809,0.300750839856779,0.200467553454937,0.283750604556581,0.0166566102203287,10387.9871397229,14703.6145262527,4315.62738652983,joint_shared_proportional_scale_cap_diabetes_0.80,0.15,0.15
bp_combined,Eritrea,Female,htn_diabetes,2025,2026,2030,983070,53423.9221533205,0.291641569681166,0.24204418411808,0.342599998799048,0.0201111629361936,12930.9496499883,18303.0356655681,5372.08601557977,joint_shared_proportional_scale_cap_diabetes_0.80,0.15,0.15
bp_combined,Eritrea,Male,htn_diabetes,2025,2026,2030,922724,35749.2954238105,0.21899856651553,0.231874103916197,0.32820481935011,0.0192661430867828,8289.33584203144,11733.0910464654,3443.755204434,joint_shared_proportional_scale_cap_diabetes_0.80,0.15,0.15
bp_combined,Estonia,Female,htn_diabetes,2025,2026,2030,574042.5,112899.790173676,0.46231273042044,0.26989516124322,0.382021498490899,0.0224252674495359,30471.1070732499,43130.1470214557,12659.0399482058,joint_shared_proportional_scale_cap_diabetes_0.80,0.15,0.15
bp_combined,Estonia,Male,htn_diabetes,2025,2026,2030,501928,77691.1828259941,0.329991304100448,0.230589899291696,0.326387099563061,0.019159440054273,17914.8020236987,25357.3998241997,7442.59780050099,joint_shared_proportional_scale_cap_diabetes_0.80,0.15,0.15
bp_combined,Eswatini,Female,htn_diabetes,2025,2026,2030,380862,52189.666615469,0.363766597427567,0.244609229077767,0.346230676409874,0.0203242894664215,12766.0741166355,18069.6635738797,5303.58945724413,joint_shared_proportional_scale_cap_diabetes_0.80,0.15,0.15
bp_combined,Eswatini,Male,htn_diabetes,2025,2026,2030,356199,33277.700266321,0.313400021181568,0.193715290312423,0.274193153907869,0.0160955727190893,6446.39936802017,9124.51759082331,2678.11822280313,joint_shared_proportional_scale_cap_diabetes_0.80,0.15,0.15
bp_combined,Ethiopia,Female,htn_diabetes,2025,2026,2030,35970402,1814128.44657662,0.210520909368734,0.18441334627755,0.261026772625923,0.0153226852696746,334549.497410488,473536.093538774,138986.596128286,joint_shared_proportional_scale_cap_diabetes_0.80,0.15,0.15
bp_combined,Ethiopia,Male,htn_diabetes,2025,2026,2030,35070456.5,1137378.04408668,0.170320704513198,0.180881289439251,0.256027343811021,0.015029210874354,205730.407194292,291199.879536487,85469.472342195,joint_shared_proportional_scale_cap_diabetes_0.80,0.15,0.15
bp_combined,Fiji,Female,htn_diabetes,2025,2026,2030,313980.5,59791.2537046635,0.54203193321103,0.224712864595178,0.31806848580539,0.0186711242420424,13435.863897712,19017.7135302483,5581.84963253625,joint_shared_proportional_scale_cap_diabetes_0.80,0.15,0.15
bp_combined,Fiji,Male,htn_diabetes,2025,2026,2030,302381,47870.2469484638,0.492705678460059,0.166683489394111,0.235931152298974,0.0138495325809726,7979.17979952776,11294.0825233875,3314.90272385976,joint_shared_proportional_scale_cap_diabetes_0.80,0.15,0.15
bp_combined,Finland,Female,htn_diabetes,2025,2026,2030,2322957.5,363891.522652858,0.380996713163128,0.384000661680596,0.543531449474637,0.0319061575588081,139734.585478657,197786.48675904,58051.9012803834,joint_shared_proportional_scale_cap_diabetes_0.80,0.15,0.15
bp_combined,Finland,Male,htn_diabetes,2025,2026,2030,2236322,331854.333193517,0.328869867679374,0.370546721374735,0.524488149800137,0.0307882856850803,122967.535138857,174053.665219826,51086.1300809693,joint_shared_proportional_scale_cap_diabetes_0.80,0.15,0.15
bp_combined,France,Female,htn_diabetes,2025,2026,2030,27438934,3135618.85306855,0.332739327167017,0.446398182073188,0.6318516480758,0.0370906932005226,1399734.55568421,1981245.94004892,581511.384364701,joint_shared_proportional_scale_cap_diabetes_0.80,0.15,0.15
bp_combined,France,Male,htn_diabetes,2025,2026,2030,25084977,2944931.70201174,0.289469955307648,0.340311149882939,0.481691390214604,0.028276048066333,1002193.09383834,1418548.2456291,416355.15179076,joint_shared_proportional_scale_cap_diabetes_0.80,0.15,0.15
bp_combined,Gabon,Female,htn_diabetes,2025,2026,2030,711171,69355.3154277037,0.313769239626865,0.258437947346675,0.365804453319999,0.0214733011946647,17924.0453567169,25370.4832448672,7446.43788815029,joint_shared_proportional_scale_cap_diabetes_0.80,0.15,0.15
bp_combined,Gabon,Male,htn_diabetes,2025,2026,2030,742372,63684.7837294083,0.294246591890731,0.213622695433907,0.302370971918921,0.0177496552970027,13604.5151584017,19256.4299527075,5651.91479430583,joint_shared_proportional_scale_cap_diabetes_0.80,0.15,0.15
bp_combined,Gambia,Female,htn_diabetes,2025,2026,2030,735656.5,59834.7856610502,0.265826804510019,0.219357942704722,0.310488893509364,0.0182261901609284,13125.235484786,18578.0363932694,5452.80090848346,joint_shared_proportional_scale_cap_diabetes_0.80,0.15,0.15
bp_combined,Gambia,Male,htn_diabetes,2025,2026,2030,710660.5,38789.6492575223,0.20873731407688,0.198194609044598,0.280533378928583,0.016467753976797,7687.89936957171,10881.7913736673,3193.89200409562,joint_shared_proportional_scale_cap_diabetes_0.80,0.15,0.15
bp_combined,Georgia,Female,htn_diabetes,2025,2026,2030,1556374,327478.427053764,0.441590506580716,0.288302038375412,0.408075403096625,0.0239546729442426,94412.6980435738,133635.891125414,39223.1930818397,joint_shared_proportional_scale_cap_diabetes_0.80,0.15,0.15
bp_combined,Georgia,Male,htn_diabetes,2025,2026,2030,1269845,205632.890577379,0.3527858145814,0.228022201396083,0.322752666869879,0.0189460930947592,46888.8643888939,66368.5638300112,19479.6994411173,joint_shared_proportional_scale_cap_diabetes_0.80,0.15,0.15
bp_combined,Germany,Female,htn_diabetes,2025,2026,2030,35374920.5,4717269.00152234,0.366761533281133,0.575212597779344,0.8,0.0449574804441312,2713432.55678964,3773815.20121787,1060382.64442823,joint_shared_proportional_scale_cap_diabetes_0.80,0.15,0.15
bp_combined,Germany,Male,htn_diabetes,2025,2026,2030,33936157,4392896.79709556,0.314064670179833,0.534616954935718,0.756720384694615,0.0444206859517794,2348517.1090101,3324194.5542219,975677.445211799,joint_shared_proportional_scale_cap_diabetes_0.80,0.15,0.15
bp_combined,Ghana,Female,htn_diabetes,2025,2026,2030,9992432.5,794426.501690384,0.282186428133914,0.344458429471919,0.487561632407702,0.0286206405871566,273646.90510314,387331.881992103,113684.976888963,joint_shared_proportional_scale_cap_diabetes_0.80,0.15,0.15
bp_combined,Ghana,Male,htn_diabetes,2025,2026,2030,9768229.5,579667.059346519,0.237427910093424,0.249255957670352,0.352807860720416,0.0207103806100127,144485.468007374,204511.09513814,60025.6271307663,joint_shared_proportional_scale_cap_diabetes_0.80,0.15,0.15
bp_combined,Greece,Female,htn_diabetes,2025,2026,2030,4294046.5,602570.437122569,0.360776694605514,0.49278925949777,0.697515622311987,0.0409452725628435,296940.239504878,420302.293436355,123362.053931477,joint_shared_proportional_scale_cap_diabetes_0.80,0.15,0.15
bp_combined,Greece,Male,htn_diabetes,2025,2026,2030,3936732,506151.049963514,0.294949613902908,0.389325263551048,0.551068125478933,0.032348572385577,197057.390923685,278923.710312587,81866.3193889027,joint_shared_proportional_scale_cap_diabetes_0.80,0.15,0.15
bp_combined,Grenada,Female,htn_diabetes,2025,2026,2030,44202.5,7386.46577538127,0.378759060492131,0.331227050933645,0.46883335646156,0.0275212611055828,2446.59727560184,3463.02154186044,1016.4242662586,joint_shared_proportional_scale_cap_diabetes_0.80,0.15,0.15
bp_combined,Grenada,Male,htn_diabetes,2025,2026,2030,43848.5,6009.81388607379,0.300158138088589,0.252010863210062,0.356707275358429,0.0209392824296734,1514.53838516127,2143.74433671263,629.205951551362,joint_shared_proportional_scale_cap_diabetes_0.80,0.15,0.15
bp_combined,Guatemala,Female,htn_diabetes,2025,2026,2030,5813615,469089.614118021,0.334332019118772,0.326374421214983,0.461964730628456,0.0271180618826946,153098.851305729,216702.857226638,63604.0059209091,joint_shared_proportional_scale_cap_diabetes_0.80,0.15,0.15
bp_combined,Guatemala,Male,htn_diabetes,2025,2026,2030,5557549,370056.243071235,0.275039008896646,0.255979886206962,0.362325205319961,0.0212690638225997,94726.9549915505,134080.704250718,39353.7492591678,joint_shared_proportional_scale_cap_diabetes_0.80,0.15,0.15
bp_combined,Guinea,Female,htn_diabetes,2025,2026,2030,3948011,339907.714612394,0.273263191201654,0.190728614463191,0.269965681365663,0.0158474133804943,64830.1274533717,91763.4177767802,26933.2903234085,joint_shared_proportional_scale_cap_diabetes_0.80,0.15,0.15
bp_combined,Guinea,Male,htn_diabetes,2025,2026,2030,3697759.5,205815.325578062,0.18855607010449,0.178995602297083,0.253358259176759,0.0148725313759351,36840.0381638154,52145.0126003555,15304.9744365401,joint_shared_proportional_scale_cap_diabetes_0.80,0.15,0.15
bp_combined,Guinea-Bissau,Female,htn_diabetes,2025,2026,2030,613006.5,53057.3460298193,0.284460836649085,0.239806212847116,0.33943227569288,0.0199252125691527,12723.4812151299,18009.3757051261,5285.89448999619,joint_shared_proportional_scale_cap_diabetes_0.80,0.15,0.15
bp_combined,Guinea-Bissau,Male,htn_diabetes,2025,2026,2030,575337.5,33159.1572047571,0.211318746627846,0.204059753632686,0.288835162903094,0.0169550818540817,6766.44944987022,9577.53057296532,2811.0811230951,joint_shared_proportional_scale_cap_diabetes_0.80,0.15,0.15
bp_combined,Guyana,Female,htn_diabetes,2025,2026,2030,280777.5,36270.7498643243,0.35312398685549,0.334403168874619,0.473328973684209,0.0277851609619179,12129.0536920887,17167.9968080373,5038.94311594855,joint_shared_proportional_scale_cap_diabetes_0.80,0.15,0.15
bp_combined,Guyana,Male,htn_diabetes,2025,2026,2030,253862.5,24980.5507102521,0.301350514454377,0.268620424339392,0.380217179732687,0.0223193510786589,6710.28613201962,9498.03453922141,2787.74840720179,joint_shared_proportional_scale_cap_diabetes_0.80,0.15,0.15
bp_combined,Haiti,Female,htn_diabetes,2025,2026,2030,3730412.5,414363.664556717,0.272939185719831,0.195315958595283,0.276458810295292,0.0162285703400017,80931.8363499495,114554.485732947,33622.6493829977,joint_shared_proportional_scale_cap_diabetes_0.80,0.15,0.15
bp_combined,Haiti,Male,htn_diabetes,2025,2026,2030,3567236.5,251138.43294798,0.233983303140571,0.189723296407591,0.26854270991152,0.0157638827007858,47646.8113535275,67441.3953467831,19794.5839932556,joint_shared_proportional_scale_cap_diabetes_0.80,0.15,0.15
bp_combined,Honduras,Female,htn_diabetes,2025,2026,2030,3424439,256587.781451671,0.293739724168292,0.495579096008197,0.701464479784455,0.0411770767552515,127159.540778568,179987.214635044,52827.6738564758,joint_shared_proportional_scale_cap_diabetes_0.80,0.15,0.15
bp_combined,Honduras,Male,htn_diabetes,2025,2026,2030,3399955,202632.769694675,0.235795758721754,0.368848270394322,0.522084087475855,0.0306471634163066,74740.7466270917,105791.344658749,31050.5980316576,joint_shared_proportional_scale_cap_diabetes_0.80,0.15,0.15
bp_combined,Hungary,Female,htn_diabetes,2025,2026,2030,4136902,797842.630428204,0.391446502189376,0.374423657236674,0.529975735574956,0.0311104156676565,298731.155584256,422837.234934245,124106.079349989,joint_shared_proportional_scale_cap_diabetes_0.80,0.15,0.15
bp_combined,Hungary,Male,htn_diabetes,2025,2026,2030,3713031.5,631780.538423644,0.29504839164842,0.287762360069394,0.407311518652686,0.0239098317166585,181802.6587827,257331.490560546,75528.8317778461,joint_shared_proportional_scale_cap_diabetes_0.80,0.15,0.15
bp_combined,Iceland,Female,htn_diabetes,2025,2026,2030,150391.5,14625.4034692516,0.347173528415816,0.62707988543649,0.8,0.0345840229127021,9171.29633196071,11700.3227754013,2529.02644344054,joint_shared_proportional_scale_cap_diabetes_0.80,0.15,0.15
bp_combined,Iceland,Male,htn_diabetes,2025,2026,2030,157657.5,16320.7005105152,0.324794536710406,0.610769851660778,0.8,0.0378460296678444,9968.19182980737,13056.5604084122,3088.36857860482,joint_shared_proportional_scale_cap_diabetes_0.80,0.15,0.15
bp_combined,India,Female,htn_diabetes,2025,2026,2030,491067719.5,35978363.805874,0.278286758752894,0.293534758437124,0.415482025541987,0.0243894534209726,10560900.3287202,14948363.469751,4387463.14103085,joint_shared_proportional_scale_cap_diabetes_0.80,0.15,0.15
bp_combined,India,Male,htn_diabetes,2025,2026,2030,517391827.5,33439168.441454,0.228140370877104,0.228816133803746,0.323876433767659,0.0190120599927825,7651421.24038576,10830158.6229742,3178737.38258841,joint_shared_proportional_scale_cap_diabetes_0.80,0.15,0.15
bp_combined,Indonesia,Female,htn_diabetes,2025,2026,2030,99248267.5,13588971.8077456,0.333725873972023,0.151155512773281,0.213952170275375,0.0125593315004187,2054048.00166145,2907390.01007806,853342.008416607,joint_shared_proportional_scale_cap_diabetes_0.80,0.15,0.15
bp_combined,Indonesia,Male,htn_diabetes,2025,2026,2030,98257064.5,9544277.234016,0.303695243752526,0.117995758491803,0.167016393576568,0.00980412701695295,1126184.23148377,1594050.76292029,467866.531436527,joint_shared_proportional_scale_cap_diabetes_0.80,0.15,0.117995758491803
bp_combined,Iran (Islamic Republic of),Female,htn_diabetes,2025,2026,2030,33018523,3296733.525498,0.442109208632395,0.381275169366952,0.539673667612273,0.0316796996490643,1256962.63329196,1779160.27284585,522197.639553887,joint_shared_proportional_scale_cap_diabetes_0.80,0.15,0.15
bp_combined,Iran (Islamic Republic of),Male,htn_diabetes,2025,2026,2030,33793549.5,2485930.08540578,0.312797495003773,0.289309317347294,0.40950115011804,0.0240383665541492,719202.735981847,1017991.22908671,298788.493104858,joint_shared_proportional_scale_cap_diabetes_0.80,0.15,0.15
bp_combined,Iraq,Female,htn_diabetes,2025,2026,2030,13199444,1584102.31073488,0.319155115166309,0.254075997554513,0.359630357466378,0.0211108719823731,402482.374828374,569691.280272901,167208.905444528,joint_shared_proportional_scale_cap_diabetes_0.80,0.15,0.15
bp_combined,Iraq,Male,htn_diabetes,2025,2026,2030,12884739,1208735.13935325,0.247420681196176,0.225459296199947,0.319125017974626,0.0187331443549359,272520.573810728,385737.623072668,113217.04926194,joint_shared_proportional_scale_cap_diabetes_0.80,0.15,0.15
bp_combined,Ireland,Female,htn_diabetes,2025,2026,2030,2065887,217407.394189186,0.344817119042794,0.373948735114901,0.529303509886321,0.031070954954284,81299.2200616727,115074.496819575,33775.2767579023,joint_shared_proportional_scale_cap_diabetes_0.80,0.15,0.15
bp_combined,Ireland,Male,htn_diabetes,2025,2026,2030,1983779.5,244710.154619424,0.309904223055538,0.314814334843663,0.445602075225842,0.0261575480764357,77038.2645560041,109043.352727252,32005.088171248,joint_shared_proportional_scale_cap_diabetes_0.80,0.15,0.15
bp_combined,Israel,Female,htn_diabetes,2025,2026,2030,3215370,323905.803103404,0.368276963557944,0.40521534904879,0.573559652355644,0.0336688606613707,131251.603063475,185779.299823964,54527.6967604895,joint_shared_proportional_scale_cap_diabetes_0.80,0.15,0.15
bp_combined,Israel,Male,htn_diabetes,2025,2026,2030,3096917.5,300672.118942853,0.309527611242818,0.344073532484281,0.48701683225899,0.0285886599549417,103453.318084201,146432.382916146,42979.064831945,joint_shared_proportional_scale_cap_diabetes_0.80,0.15,0.15
bp_combined,Italy,Female,htn_diabetes,2025,2026,2030,25747141.5,3863786.9761227,0.354538738001506,0.425490236585091,0.602257621162029,0.0353534769153875,1644003.63458484,2326995.15291648,682991.518331643,joint_shared_proportional_scale_cap_diabetes_0.80,0.15,0.15
bp_combined,Italy,Male,htn_diabetes,2025,2026,2030,24194124.5,3353857.33054733,0.298263990507482,0.350834343649373,0.496586382155347,0.0291504077011948,1176648.33525621,1665479.87804169,488831.542785477,joint_shared_proportional_scale_cap_diabetes_0.80,0.15,0.15
bp_combined,Ivory Coast,Female,htn_diabetes,2025,2026,2030,8116524.5,585697.067762324,0.25823797450917,0.221342120223902,0.313297385761162,0.0183910531074518,129639.430787435,183497.360177914,53857.9293904785,joint_shared_proportional_scale_cap_diabetes_0.80,0.15,0.15
bp_combined,Ivory Coast,Male,htn_diabetes,2025,2026,2030,8460925,508783.690990617,0.214421711773133,0.18208670934971,0.25773354824382,0.0151293677788221,92642.7480632813,131130.625967599,38487.877904318,joint_shared_proportional_scale_cap_diabetes_0.80,0.15,0.15
bp_combined,Jamaica,Female,htn_diabetes,2025,2026,2030,1095492,164132.025072649,0.343807619214443,0.333932105050295,0.472662209199716,0.0277460208298843,54808.9526386774,77579.0055712614,22770.0529325841,joint_shared_proportional_scale_cap_diabetes_0.80,0.15,0.15
bp_combined,Jamaica,Male,htn_diabetes,2025,2026,2030,1051201,119576.803771864,0.287374948704212,0.247023622117776,0.349648114658273,0.0205248985080994,29538.2951889924,41809.8039956945,12271.5088067021,joint_shared_proportional_scale_cap_diabetes_0.80,0.15,0.15
bp_combined,Japan,Female,htn_diabetes,2025,2026,2030,54153209.5,7651316.52331549,0.387670996120826,0.394953962281618,0.559035233572689,0.0328162542582141,3021917.77755427,4277355.51975024,1255437.74219598,joint_shared_proportional_scale_cap_diabetes_0.80,0.15,0.15
bp_combined,Japan,Male,htn_diabetes,2025,2026,2030,50614221,7572473.92663325,0.308228695846672,0.344692566731517,0.487893040597283,0.0286400947731531,2610175.4742787,3694557.32890874,1084381.85463004,joint_shared_proportional_scale_cap_diabetes_0.80,0.15,0.15
bp_combined,Jordan,Female,htn_diabetes,2025,2026,2030,3409904,343055.949861894,0.376210575892645,0.453039977735398,0.641252738187459,0.0376425520904121,155418.059887428,219985.567200439,64567.5073130108,joint_shared_proportional_scale_cap_diabetes_0.80,0.15,0.15
bp_combined,Jordan,Male,htn_diabetes,2025,2026,2030,3686978.5,338603.318661193,0.282360005740886,0.394311722964503,0.558126179756444,0.0327628913583882,133515.257982794,188983.376697225,55468.1187144318,joint_shared_proportional_scale_cap_diabetes_0.80,0.15,0.15
bp_combined,Kazakhstan,Female,htn_diabetes,2025,2026,2030,7041423,1016413.22573123,0.347461068491617,0.44243460138847,0.626241421402633,0.0367613640028327,449696.380372364,636520.063214359,186823.682841995,joint_shared_proportional_scale_cap_diabetes_0.80,0.15,0.15
bp_combined,Kazakhstan,Male,htn_diabetes,2025,2026,2030,6344958.5,622381.744316423,0.267866866421074,0.363823586820636,0.514971929038408,0.0302296684435544,226437.158588885,320509.127468917,94071.9688800325,joint_shared_proportional_scale_cap_diabetes_0.80,0.15,0.15
bp_combined,Kenya,Female,htn_diabetes,2025,2026,2030,15894936,979289.811104774,0.242896422343497,0.19057490672215,0.269748116659086,0.0158346419873873,186628.064405244,264161.582208945,77533.5178037013,joint_shared_proportional_scale_cap_diabetes_0.80,0.15,0.15
bp_combined,Kenya,Male,htn_diabetes,2025,2026,2030,15394425,746949.787428874,0.191313138708501,0.165986206458864,0.234944187321283,0.0137915961724838,123983.361630574,175491.510777282,51508.1491467084,joint_shared_proportional_scale_cap_diabetes_0.80,0.15,0.15
bp_combined,Kiribati,Female,htn_diabetes,2025,2026,2030,41714,7215.0218442607,0.445223021192829,0.160049284159197,0.226540806012424,0.0132983043706454,1154.75908136689,1634.49686399606,479.737782629169,joint_shared_proportional_scale_cap_diabetes_0.80,0.15,0.15
bp_combined,Kiribati,Male,htn_diabetes,2025,2026,2030,37216,6114.60907108154,0.463903929127528,0.113459033988326,0.160594913898772,0.00942717598208926,693.757638421167,981.975117294992,288.217478873825,joint_shared_proportional_scale_cap_diabetes_0.80,0.15,0.113459033988326
bp_combined,Kuwait,Female,htn_diabetes,2025,2026,2030,1399821.5,116599.139657961,0.316641901304126,0.488828478055826,0.691909357810332,0.0406161759509012,56996.9799816199,80676.0358419773,23679.0558603573,joint_shared_proportional_scale_cap_diabetes_0.80,0.15,0.15
bp_combined,Kuwait,Male,htn_diabetes,2025,2026,2030,2487099,206651.61734226,0.227172203625408,0.387651997939601,0.548699711635151,0.03220954273911,80108.9123401768,113389.682844635,33280.7705044586,joint_shared_proportional_scale_cap_diabetes_0.80,0.15,0.15
bp_combined,Kyrgyzstan,Female,htn_diabetes,2025,2026,2030,2301109,250682.69986595,0.29261628264471,0.219577095051849,0.310799091393837,0.0182443992683976,55044.1790163198,77911.9553464912,22867.7763301714,joint_shared_proportional_scale_cap_diabetes_0.80,0.15,0.15
bp_combined,Kyrgyzstan,Male,htn_diabetes,2025,2026,2030,2139278,164129.593844076,0.244281415069817,0.200479794227714,0.283767930685501,0.0166576272915576,32904.6672005386,46574.7152093854,13670.0480088467,joint_shared_proportional_scale_cap_diabetes_0.80,0.15,0.15
bp_combined,Lao People's Democratic Republic,Female,htn_diabetes,2025,2026,2030,2473129,193802.352461973,0.306101553656261,0.258660102594601,0.366118901642522,0.0214917598095843,50128.936370889,70954.7044191147,20825.7680482257,joint_shared_proportional_scale_cap_diabetes_0.80,0.15,0.15
bp_combined,Lao People's Democratic Republic,Male,htn_diabetes,2025,2026,2030,2454795,135426.71696887,0.284060258066315,0.235785549981248,0.333741252386383,0.0195911404810271,31931.6629426597,45197.4821277669,13265.8191851071,joint_shared_proportional_scale_cap_diabetes_0.80,0.15,0.15
bp_combined,Latvia,Female,htn_diabetes,2025,2026,2030,816735,184018.085212647,0.455255373184327,0.281065747473401,0.397832838238595,0.0233534181530387,51721.1806689165,73208.4371273788,21487.2564584623,joint_shared_proportional_scale_cap_diabetes_0.80,0.15,0.15
bp_combined,Latvia,Male,htn_diabetes,2025,2026,2030,671929,112140.731722088,0.329320067890574,0.248192425587868,0.351302490568642,0.0206220129961548,27832.4802133033,39395.3183481593,11562.838134856,joint_shared_proportional_scale_cap_diabetes_0.80,0.15,0.15
bp_combined,Lebanon,Female,htn_diabetes,2025,2026,2030,2065431.5,294215.235350206,0.429240175896245,0.403970793310936,0.57179805334905,0.0335654520076228,118854.362028587,168231.698838881,49377.336810294,joint_shared_proportional_scale_cap_diabetes_0.80,0.15,0.15
bp_combined,Lebanon,Male,htn_diabetes,2025,2026,2030,1856413.5,236823.17095527,0.32035100671235,0.331486243009649,0.469200228341795,0.0275427970664293,78503.6231975943,111117.485888841,32613.8626912465,joint_shared_proportional_scale_cap_diabetes_0.80,0.15,0.15
bp_combined,Lesotho,Female,htn_diabetes,2025,2026,2030,711619,81965.0639362091,0.320516494752863,0.310056614767377,0.438867788680759,0.0257622347826764,25413.8102532526,35971.8263587611,10558.0161055085,joint_shared_proportional_scale_cap_diabetes_0.80,0.15,0.15
bp_combined,Lesotho,Male,htn_diabetes,2025,2026,2030,647169,43350.2901309943,0.279931860843214,0.247064557024727,0.349706055728509,0.0205282997407564,10710.3202281075,15159.8589763965,4449.53874828903,joint_shared_proportional_scale_cap_diabetes_0.80,0.15,0.15
bp_combined,Liberia,Female,htn_diabetes,2025,2026,2030,1501036.5,133131.727287936,0.272477063623803,0.196844278896267,0.278622062162671,0.0163555566532807,26206.2188562082,37093.4363962429,10887.2175400347,joint_shared_proportional_scale_cap_diabetes_0.80,0.15,0.15
bp_combined,Liberia,Male,htn_diabetes,2025,2026,2030,1459337,92037.9670117263,0.226379360416357,0.194547900182912,0.275371666590043,0.0161647532814262,17905.7932192354,25344.6483655784,7438.85514634301,joint_shared_proportional_scale_cap_diabetes_0.80,0.15,0.15
bp_combined,Libya,Female,htn_diabetes,2025,2026,2030,2424836,330448.574933954,0.420058920299141,0.237613245953793,0.336328253764997,0.0197430015622409,78518.958510862,111139.192166669,32620.2336558067,joint_shared_proportional_scale_cap_diabetes_0.80,0.15,0.15
bp_combined,Libya,Male,htn_diabetes,2025,2026,2030,2480000.5,284891.307731298,0.290834564396042,0.182665433438946,0.258552699809059,0.0151774532740226,52039.7942097257,73659.4167660606,21619.6225563348,joint_shared_proportional_scale_cap_diabetes_0.80,0.15,0.15
bp_combined,Lithuania,Female,htn_diabetes,2025,2026,2030,1238027,260936.367348538,0.416484703158129,0.246024028680174,0.34823324608058,0.0204418434800812,64196.6163242571,90866.718222256,26670.1018979989,joint_shared_proportional_scale_cap_diabetes_0.80,0.15,0.15
bp_combined,Lithuania,Male,htn_diabetes,2025,2026,2030,1067852,175767.154118744,0.303550194166519,0.203935309881796,0.288659019737082,0.0169447419710572,35845.1290422475,50736.7744098933,14891.6453676458,joint_shared_proportional_scale_cap_diabetes_0.80,0.15,0.15
bp_combined,Luxembourg,Female,htn_diabetes,2025,2026,2030,271462.5,30161.8976766538,0.390355947548064,0.428908294907237,0.607095691456216,0.0356374793097956,12936.6881036601,18311.1581256398,5374.47002197961,joint_shared_proportional_scale_cap_diabetes_0.80,0.15,0.15
bp_combined,Luxembourg,Male,htn_diabetes,2025,2026,2030,273239,34632.9449772542,0.333626349230839,0.368021289654506,0.520913542513166,0.0305784505717319,12745.6610750626,18040.770055765,5295.10898070239,joint_shared_proportional_scale_cap_diabetes_0.80,0.15,0.15
bp_combined,Madagascar,Female,htn_diabetes,2025,2026,2030,8628068.5,607360.09570989,0.227994669475543,0.18641171768552,0.263855355533069,0.0154887275695098,113219.038694922,160255.213990132,47036.1752952094,joint_shared_proportional_scale_cap_diabetes_0.80,0.15,0.15
bp_combined,Madagascar,Male,htn_diabetes,2025,2026,2030,8535210.5,450261.050285943,0.185641298775803,0.179122694291807,0.253538150783732,0.0148830912983851,80651.9724618768,114158.354059439,33506.3815975623,joint_shared_proportional_scale_cap_diabetes_0.80,0.15,0.15
bp_combined,Malawi,Female,htn_diabetes,2025,2026,2030,5840676.5,330828.816554858,0.285718398951329,0.246338468771096,0.348678318434475,0.020467969932676,81495.8640954774,115352.835446015,33856.971350538,joint_shared_proportional_scale_cap_diabetes_0.80,0.15,0.15
bp_combined,Malawi,Male,htn_diabetes,2025,2026,2030,5323356.5,214252.125900448,0.218586694640194,0.18121868902156,0.256504914040254,0.0150572450037388,38826.4893757613,54956.723137036,16130.2337612747,joint_shared_proportional_scale_cap_diabetes_0.80,0.15,0.15
bp_combined,Malaysia,Female,htn_diabetes,2025,2026,2030,12380612,1463864.21736853,0.334886565508153,0.290311575171226,0.410919789985494,0.0241216429628537,424976.726781051,601530.776768355,176554.049987304,joint_shared_proportional_scale_cap_diabetes_0.80,0.15,0.15
bp_combined,Malaysia,Male,htn_diabetes,2025,2026,2030,13718883,1334100.11435004,0.280254620632837,0.304441322493462,0.430919656676227,0.0252956668365531,406155.203151405,574889.963247435,168734.76009603,joint_shared_proportional_scale_cap_diabetes_0.80,0.15,0.15
bp_combined,Maldives,Female,htn_diabetes,2025,2026,2030,142044,12699.2326011074,0.317779216847266,0.25649244659831,0.363050705873094,0.0213116518549567,3257.25723977906,4610.46535987864,1353.20812009958,joint_shared_proportional_scale_cap_diabetes_0.80,0.15,0.15
bp_combined,Maldives,Male,htn_diabetes,2025,2026,2030,258169.5,15239.0376060168,0.246056214797691,0.252733185115963,0.357729681598001,0.0209992992964075,3851.41051227058,5451.45607066036,1600.04555838978,joint_shared_proportional_scale_cap_diabetes_0.80,0.15,0.15
bp_combined,Mali,Female,htn_diabetes,2025,2026,2030,5621822,383185.635922843,0.244071263985698,0.277107971972547,0.392230828478352,0.023024571301161,106183.79445959,150297.219439021,44113.4249794311,joint_shared_proportional_scale_cap_diabetes_0.80,0.15,0.15
bp_combined,Mali,Male,htn_diabetes,2025,2026,2030,5693095.5,238583.602989829,0.202040244030959,0.23799884710141,0.336874050612759,0.0197750407022697,56782.6224488798,80372.62474897,23590.0023000901,joint_shared_proportional_scale_cap_diabetes_0.80,0.15,0.15
bp_combined,Malta,Female,htn_diabetes,2025,2026,2030,219267,32000.7783766454,0.457250242967715,0.56141382767603,0.794649858613188,0.0466472061874317,17965.6794770448,25429.4140125132,7463.73453546842,joint_shared_proportional_scale_cap_diabetes_0.80,0.15,0.15
bp_combined,Malta,Male,htn_diabetes,2025,2026,2030,236970.5,34118.507025821,0.400512254400495,0.518436960940189,0.733818508561402,0.0430763095242426,17688.2950942831,25036.7919400297,7348.49684574655,joint_shared_proportional_scale_cap_diabetes_0.80,0.15,0.15
bp_combined,Marshall Islands,Female,htn_diabetes,2025,2026,2030,9961,1422.82163795607,0.503490321888102,0.244178306495683,0.345620729607631,0.0202884846223896,347.422178001526,491.756652611901,144.334474610374,joint_shared_proportional_scale_cap_diabetes_0.80,0.15,0.15
bp_combined,Marshall Islands,Male,htn_diabetes,2025,2026,2030,10231.5,1196.88863742849,0.426844183829351,0.208538319319754,0.295174322030598,0.0173272005421686,249.597144862249,353.290792099081,103.693647236832,joint_shared_proportional_scale_cap_diabetes_0.80,0.15,0.15
bp_combined,Mauritania,Female,htn_diabetes,2025,2026,2030,1359016,114711.888168016,0.278548444293722,0.239497178316286,0.33899485460682,0.0198995352581068,27473.1735355732,38886.7398511904,11413.5663156172,joint_shared_proportional_scale_cap_diabetes_0.80,0.15,0.15
bp_combined,Mauritania,Male,htn_diabetes,2025,2026,2030,1230444.5,72304.0461267587,0.209458292605656,0.204158700491775,0.288975216645467,0.0169633032307383,14761.5000975364,20894.0773938239,6132.57729628748,joint_shared_proportional_scale_cap_diabetes_0.80,0.15,0.15
bp_combined,Mauritius,Female,htn_diabetes,2025,2026,2030,510568.5,90554.7688598399,0.529564103830693,0.457820829805246,0.648019766775054,0.0380397873939617,41457.8594222341,58681.2801969224,17223.4207746882,joint_shared_proportional_scale_cap_diabetes_0.80,0.15,0.15
bp_combined,Mauritius,Male,htn_diabetes,2025,2026,2030,509941.5,83060.8156518326,0.482759306112331,0.382271418039206,0.541083801861776,0.031762476764514,31751.7757827192,44942.8619186337,13191.0861359146,joint_shared_proportional_scale_cap_diabetes_0.80,0.15,0.15
bp_combined,Mexico,Female,htn_diabetes,2025,2026,2030,47957189,5696825.12167907,0.421593978731021,0.423318324342355,0.599183400913918,0.0351730153143127,2411570.46458061,3413443.05081951,1001872.5862389,joint_shared_proportional_scale_cap_diabetes_0.80,0.15,0.15
bp_combined,Mexico,Male,htn_diabetes,2025,2026,2030,43276512,4657428.83318827,0.365934943389934,0.307061211093659,0.434627962391366,0.0255133502595415,1430115.73810132,2024248.80375142,594133.0656501,joint_shared_proportional_scale_cap_diabetes_0.80,0.15,0.15
bp_combined,Micronesia (Federated States of),Female,htn_diabetes,2025,2026,2030,35235,5005.90956717575,0.49256534035737,0.228025653947775,0.322757553763607,0.0189463799631666,1141.47580265867,1615.69512626348,474.219323604812,joint_shared_proportional_scale_cap_diabetes_0.80,0.15,0.15
bp_combined,Micronesia (Federated States of),Male,htn_diabetes,2025,2026,2030,33241.5,3768.30968762464,0.445139607245069,0.200695629436846,0.284073433346757,0.0166755607819822,756.283284670789,1070.47667087737,314.193386206585,joint_shared_proportional_scale_cap_diabetes_0.80,0.15,0.15
bp_combined,Mongolia,Female,htn_diabetes,2025,2026,2030,1105387.5,113074.923004791,0.281515696054494,0.435019834496928,0.615746233768221,0.0361452798542586,49189.8342912972,69625.4579738319,20435.6236825347,joint_shared_proportional_scale_cap_diabetes_0.80,0.15,0.15
bp_combined,Mongolia,Male,htn_diabetes,2025,2026,2030,1054536,95247.9004986133,0.23245226635595,0.302534270378228,0.428220331118088,0.0251372121479721,28815.754082406,40787.0874898189,11971.3334074129,joint_shared_proportional_scale_cap_diabetes_0.80,0.15,0.15
bp_combined,Montenegro,Female,htn_diabetes,2025,2026,2030,257898.5,47119.3905186729,0.388205020621064,0.376572996647215,0.53301800524218,0.0312890017189929,17743.8900878071,25115.4835424903,7371.59345468328,joint_shared_proportional_scale_cap_diabetes_0.80,0.15,0.15
bp_combined,Montenegro,Male,htn_diabetes,2025,2026,2030,229208.5,34866.4635015001,0.30011412403235,0.287049285981721,0.406302202182346,0.0238505832401251,10008.3934528133,14166.3209029699,4157.92745015656,joint_shared_proportional_scale_cap_diabetes_0.80,0.15,0.15
bp_combined,Morocco,Female,htn_diabetes,2025,2026,2030,13054904.5,1665417.41770994,0.397838470197435,0.225351627231872,0.318972618575039,0.0187241982686334,375304.525101237,531222.554747418,155918.029646182,joint_shared_proportional_scale_cap_diabetes_0.80,0.15,0.15
bp_combined,Morocco,Male,htn_diabetes,2025,2026,2030,13064778,1158697.00701785,0.28236898066235,0.171191600770457,0.242312131696392,0.0142241061851868,198359.195439324,280766.341760724,82407.1463214003,joint_shared_proportional_scale_cap_diabetes_0.80,0.15,0.15
bp_combined,Mozambique,Female,htn_diabetes,2025,2026,2030,8896152,679412.132462054,0.230198503294698,0.207160932030274,0.293224707395397,0.0172127550730245,140747.650593515,199220.423742068,58472.7731485532,joint_shared_proportional_scale_cap_diabetes_0.80,0.15,0.15
bp_combined,Mozambique,Male,htn_diabetes,2025,2026,2030,7797436.5,381912.496042353,0.182020935290685,0.171687655442556,0.24301426932752,0.0142653227769929,65569.6610297261,92810.186172782,27240.525143056,joint_shared_proportional_scale_cap_diabetes_0.80,0.15,0.15
bp_combined,Myanmar,Female,htn_diabetes,2025,2026,2030,19418948,2428541.75662669,0.341659655670073,0.264874230849723,0.374914652469997,0.0220080843240548,643258.129872929,910495.88869457,267237.758821641,joint_shared_proportional_scale_cap_diabetes_0.80,0.15,0.15
bp_combined,Myanmar,Male,htn_diabetes,2025,2026,2030,18725651.5,1667808.69257157,0.284234399865979,0.235838220604929,0.333815804706968,0.0195955168204078,393333.034365513,556740.900808055,163407.866442542,joint_shared_proportional_scale_cap_diabetes_0.80,0.15,0.15
bp_combined,Namibia,Female,htn_diabetes,2025,2026,2030,894811.5,91359.2969620806,0.27134521959292,0.354094294133036,0.50120065965124,0.0294212731036408,32349.8057702784,45789.3399026683,13439.53413239,joint_shared_proportional_scale_cap_diabetes_0.80,0.15,0.15
bp_combined,Namibia,Male,htn_diabetes,2025,2026,2030,827884.5,67587.5527051407,0.233305228989732,0.291987894228428,0.413292525810885,0.0242609263164913,19734.7471904269,27933.4303708839,8198.68318045695,joint_shared_proportional_scale_cap_diabetes_0.80,0.15,0.15
bp_combined,Nepal,Female,htn_diabetes,2025,2026,2030,10301668,700339.893762823,0.235476090105348,0.199413246013473,0.282258291367998,0.0165690090709048,139657.051527976,197676.741790339,58019.6902623637,joint_shared_proportional_scale_cap_diabetes_0.80,0.15,0.15
bp_combined,Nepal,Male,htn_diabetes,2025,2026,2030,8691972.5,626636.458694887,0.19943442028634,0.179039397986125,0.253420249523966,0.0148761703075683,112192.61432089,158802.367723273,46609.753402383,joint_shared_proportional_scale_cap_diabetes_0.80,0.15,0.15
bp_combined,Netherlands,Female,htn_diabetes,2025,2026,2030,7502166.5,948111.873346207,0.386264314108795,0.356630251154147,0.504790164912656,0.0296319827517019,338125.375513686,478597.548902079,140472.173388393,joint_shared_proportional_scale_cap_diabetes_0.80,0.15,0.15
bp_combined,Netherlands,Male,htn_diabetes,2025,2026,2030,7304633,1046728.32265617,0.347756513608739,0.303213806352788,0.429182176265975,0.0251936739826375,317382.478929847,449237.139476809,131854.660546962,joint_shared_proportional_scale_cap_diabetes_0.80,0.15,0.15
bp_combined,New Zealand,Female,htn_diabetes,2025,2026,2030,2052205,213637.270594375,0.322767906529278,0.40403678918314,0.571891466813291,0.0335709355260302,86317.3168608009,122177.332046205,35860.0151854041,joint_shared_proportional_scale_cap_diabetes_0.80,0.15,0.15
bp_combined,New Zealand,Male,htn_diabetes,2025,2026,2030,1988544.5,171704.602093607,0.239367976593581,0.363320676823035,0.514260088077626,0.0301878822509183,62383.8322462792,88300.8237959922,25916.991549713,joint_shared_proportional_scale_cap_diabetes_0.80,0.15,0.15
bp_combined,Nicaragua,Female,htn_diabetes,2025,2026,2030,2322963,212247.27031878,0.301194650733699,0.522457365062107,0.739509165630315,0.0434103601136416,110890.149592375,156958.801780753,46068.6521883785,joint_shared_proportional_scale_cap_diabetes_0.80,0.15,0.15
bp_combined,Nicaragua,Male,htn_diabetes,2025,2026,2030,2173558.5,159081.17359678,0.26269182575696,0.368805785066636,0.522023951871824,0.0306436333610376,58670.0571176823,83044.1829093988,24374.1257917165,joint_shared_proportional_scale_cap_diabetes_0.80,0.15,0.15
bp_combined,Niger,Female,htn_diabetes,2025,2026,2030,6123544.5,460838.388973863,0.229668588151707,0.195271049227236,0.276395243597769,0.0162248388741066,89988.3957391154,127373.538779634,37385.1430405189,joint_shared_proportional_scale_cap_diabetes_0.80,0.15,0.15
bp_combined,Niger,Male,htn_diabetes,2025,2026,2030,6297322.5,371029.109692315,0.183116961177767,0.162605105043071,0.230158427460079,0.0135106644834016,60331.2273555559,85395.4764286964,25064.2490731405,joint_shared_proportional_scale_cap_diabetes_0.80,0.15,0.15
bp_combined,Nigeria,Female,htn_diabetes,2025,2026,2030,59237693.5,4248076.20284375,0.245824009146945,0.221266749009647,0.313190702024854,0.0183847906030413,939958.010948484,1330457.96822371,390499.957275226,joint_shared_proportional_scale_cap_diabetes_0.80,0.15,0.15
bp_combined,Nigeria,Male,htn_diabetes,2025,2026,2030,60254455,2791028.94294046,0.188100379780023,0.236190008169095,0.334313740319425,0.0196247464300661,659213.148833287,933079.325254198,273866.176420911,joint_shared_proportional_scale_cap_diabetes_0.80,0.15,0.15
bp_combined,North Macedonia,Female,htn_diabetes,2025,2026,2030,743658.5,131693.732703905,0.378993254217173,0.374385519685091,0.529921754004715,0.0311072468639249,49304.2265576209,69787.3738258814,20483.1472682605,joint_shared_proportional_scale_cap_diabetes_0.80,0.15,0.15
bp_combined,North Macedonia,Male,htn_diabetes,2025,2026,2030,686092.5,109401.538061781,0.311356298040161,0.286391391868193,0.405370989877759,0.0237959196019132,31331.6587580344,44348.2097782533,13016.5510202189,joint_shared_proportional_scale_cap_diabetes_0.80,0.15,0.15
bp_combined,Norway,Female,htn_diabetes,2025,2026,2030,2219621.5,251706.063084899,0.357206023429605,0.383286423286196,0.542520484993275,0.0318468123414157,96475.5166392607,136555.695420567,40080.1787813067,joint_shared_proportional_scale_cap_diabetes_0.80,0.15,0.15
bp_combined,Norway,Male,htn_diabetes,2025,2026,2030,2233943.5,279179.44043221,0.321193939157066,0.390222237942314,0.552337742538687,0.0324231009192746,108942.02603294,154201.341891541,45259.3158586008,joint_shared_proportional_scale_cap_diabetes_0.80,0.15,0.15
bp_combined,Oman,Female,htn_diabetes,2025,2026,2030,1282955,117514.673216394,0.333635021076256,0.29911446010094,0.42337978102943,0.0248530641856982,35150.3380330599,49753.3366141018,14602.9985810419,joint_shared_proportional_scale_cap_diabetes_0.80,0.15,0.15
bp_combined,Oman,Male,htn_diabetes,2025,2026,2030,2614687.5,203283.728045092,0.20350177676119,0.232544862081566,0.329154240000259,0.0193218755837386,47272.5865016726,66911.7010091017,19639.1145074291,joint_shared_proportional_scale_cap_diabetes_0.80,0.15,0.15
bp_combined,Pakistan,Female,htn_diabetes,2025,2026,2030,69794301,6981784.98176214,0.262179445414686,0.251770431424987,0.356366957620253,0.0209193052390531,1757807.01697475,2488077.47270934,730270.455734594,joint_shared_proportional_scale_cap_diabetes_0.80,0.15,0.15
bp_combined,Pakistan,Male,htn_diabetes,2025,2026,2030,70647171,5481095.31912087,0.20758396245162,0.202438192463386,0.286539933803999,0.0168203482681226,1109583.02912236,1570552.6899143,460969.660791947,joint_shared_proportional_scale_cap_diabetes_0.80,0.15,0.15
bp_combined,Panama,Female,htn_diabetes,2025,2026,2030,1594428,173918.944169603,0.329011757760125,0.458200821538107,0.648557623810109,0.0380713604544003,79689.8030995523,112796.457166201,33106.6540666484,joint_shared_proportional_scale_cap_diabetes_0.80,0.15,0.15
bp_combined,Panama,Male,htn_diabetes,2025,2026,2030,1559269.5,144595.091645242,0.271584849954231,0.323250516730644,0.457543018632019,0.0268585003802749,46740.4380910394,66158.4747107375,19418.0366196981,joint_shared_proportional_scale_cap_diabetes_0.80,0.15,0.15
bp_combined,Papua New Guinea,Female,htn_diabetes,2025,2026,2030,3108214,280426.883024342,0.387741503301747,0.205159361296208,0.290391596021183,0.017046446944995,57532.2002115605,81433.6101286844,23901.4099171239,joint_shared_proportional_scale_cap_diabetes_0.80,0.15,0.15
bp_combined,Papua New Guinea,Male,htn_diabetes,2025,2026,2030,3233710.5,224047.33175745,0.342513109886119,0.184651251396747,0.261363514009931,0.0153424525226369,41370.6201811152,58557.7979326759,17187.1777515607,joint_shared_proportional_scale_cap_diabetes_0.80,0.15,0.15
bp_combined,Paraguay,Female,htn_diabetes,2025,2026,2030,2292318,277344.910441563,0.273570538151416,0.288398260210573,0.408211599720108,0.023962667901907,79985.7896496038,113215.40956558,33229.6199159766,joint_shared_proportional_scale_cap_diabetes_0.80,0.15,0.15
bp_combined,Paraguay,Male,htn_diabetes,2025,2026,2030,2254791.5,270419.94844071,0.214655910496796,0.20203845671125,0.285974130214457,0.0167871347006414,54635.2290468969,77333.1095479704,22697.8805010735,joint_shared_proportional_scale_cap_diabetes_0.80,0.15,0.15
bp_combined,Peru,Female,htn_diabetes,2025,2026,2030,12239247,604928.334259162,0.292172617623618,0.416954438656076,0.590175676822466,0.034644247633278,252227.554038184,357013.989100488,104786.435062304,joint_shared_proportional_scale_cap_diabetes_0.80,0.15,0.15
bp_combined,Peru,Male,htn_diabetes,2025,2026,2030,11865319,559288.855639863,0.224876754931192,0.257154997194444,0.363988509168252,0.0213667023947615,143823.924102953,203574.716758771,59750.7926558184,joint_shared_proportional_scale_cap_diabetes_0.80,0.15,0.15
bp_combined,Philippines,Female,htn_diabetes,2025,2026,2030,38493517.5,3631638.61129505,0.34672138774085,0.306176948053522,0.433376337537859,0.0254398778968675,1111924.02643965,1573866.24062412,461942.214184477,joint_shared_proportional_scale_cap_diabetes_0.80,0.15,0.15
bp_combined,Philippines,Male,htn_diabetes,2025,2026,2030,37386490,2915205.03383848,0.264131283017936,0.244848571778532,0.346569452610151,0.0203441761663239,713783.788976937,1010321.01282376,296537.22384682,joint_shared_proportional_scale_cap_diabetes_0.80,0.15,0.15
bp_combined,Poland,Female,htn_diabetes,2025,2026,2030,16173722.5,2806342.40160733,0.345383075651939,0.47241186237092,0.668672556916206,0.039252138909057,1325749.4403938,1876524.14926514,550774.708871338,joint_shared_proportional_scale_cap_diabetes_0.80,0.15,0.15
bp_combined,Poland,Male,htn_diabetes,2025,2026,2030,14780781,2263455.08659286,0.269096370940597,0.393026783197947,0.556307419416951,0.0326561272438008,889598.471596622,1259176.85818864,369578.386592022,joint_shared_proportional_scale_cap_diabetes_0.80,0.15,0.15
bp_combined,Portugal,Female,htn_diabetes,2025,2026,2030,4606381,809632.911459619,0.433689451714741,0.604829284627558,0.8,0.0390341430744884,489689.694649048,647706.329167695,158016.634518647,joint_shared_proportional_scale_cap_diabetes_0.80,0.15,0.15
bp_combined,Portugal,Male,htn_diabetes,2025,2026,2030,4073228.5,686844.248174175,0.384251126165352,0.475908346523538,0.673621634585031,0.0395426576122985,326874.910467775,462673.145160415,135798.23469264,joint_shared_proportional_scale_cap_diabetes_0.80,0.15,0.15
bp_combined,Qatar,Female,htn_diabetes,2025,2026,2030,624605,50326.805892565,0.345482643211606,0.423637556032157,0.599635255507911,0.0351995398951507,21320.325051231,30177.7271102852,8857.40205905424,joint_shared_proportional_scale_cap_diabetes_0.80,0.15,0.15
bp_combined,Qatar,Male,htn_diabetes,2025,2026,2030,1924349,131787.523696535,0.224604101587566,0.328355055860808,0.464768208141264,0.0272826304560912,43273.0997051332,61250.6512438128,17977.5515386796,joint_shared_proportional_scale_cap_diabetes_0.80,0.15,0.15
bp_combined,Republic of Korea,Female,htn_diabetes,2025,2026,2030,22426609.5,2486855.29602692,0.369705426317884,0.66711272241747,0.8,0.0265774555165059,1659012.80679082,1989484.23682154,330471.430030714,joint_shared_proportional_scale_cap_diabetes_0.80,0.15,0.15
bp_combined,Republic of Korea,Male,htn_diabetes,2025,2026,2030,22118759.5,2435427.81532135,0.31159103336558,0.601413995851493,0.8,0.0397172008297014,1464700.37402029,1948342.25225708,483641.878236796,joint_shared_proportional_scale_cap_diabetes_0.80,0.15,0.15
bp_combined,Republic of Moldova,Female,htn_diabetes,2025,2026,2030,1255864.5,253727.719013624,0.390075896561165,0.182785866932435,0.258723166680117,0.0151874599495366,46377.8410846943,65645.2389377277,19267.3978530334,joint_shared_proportional_scale_cap_diabetes_0.80,0.15,0.15
bp_combined,Republic of Moldova,Male,htn_diabetes,2025,2026,2030,1000795,143927.071502451,0.293223710319472,0.180193443241867,0.255053736007733,0.0149720585531733,25934.714589745,36709.1372993522,10774.4227096072,joint_shared_proportional_scale_cap_diabetes_0.80,0.15,0.15
bp_combined,Romania,Female,htn_diabetes,2025,2026,2030,7886118.5,1308176.82467213,0.322036073555643,0.467242678832211,0.661355866863905,0.0388226376063388,611236.04394602,865170.417892306,253934.373946285,joint_shared_proportional_scale_cap_diabetes_0.80,0.15,0.15
bp_combined,Romania,Male,htn_diabetes,2025,2026,2030,7204556.5,941693.649615771,0.239308171612539,0.346557459763158,0.490532692331649,0.0287950465136982,326350.959085939,461931.521297641,135580.562211702,joint_shared_proportional_scale_cap_diabetes_0.80,0.15,0.15
bp_combined,Russian Federation,Female,htn_diabetes,2025,2026,2030,62051986,12693481.116855,0.430391328434868,0.299040418992928,0.423274979984083,0.024846912198231,3795863.91166314,5372832.96566513,1576969.05400199,joint_shared_proportional_scale_cap_diabetes_0.80,0.15,0.15
bp_combined,Russian Federation,Male,htn_diabetes,2025,2026,2030,50778735,7144280.07053247,0.299108165368558,0.246189972242018,0.348468129906836,0.0204556315329635,1758850.11225359,2489553.91570913,730703.803455532,joint_shared_proportional_scale_cap_diabetes_0.80,0.15,0.15
bp_combined,Rwanda,Female,htn_diabetes,2025,2026,2030,4138857.5,244475.450303349,0.248453062251425,0.171042577993847,0.242101198294816,0.0142117240601937,41815.7112760915,59187.7994721055,17372.088196014,joint_shared_proportional_scale_cap_diabetes_0.80,0.15,0.15
bp_combined,Rwanda,Male,htn_diabetes,2025,2026,2030,3762650,156438.857531228,0.181256705849676,0.181806733441622,0.257337258012248,0.0151061049141253,28441.6376710919,40257.546643655,11815.9089725632,joint_shared_proportional_scale_cap_diabetes_0.80,0.15,0.15
bp_combined,Saint Lucia,Female,htn_diabetes,2025,2026,2030,71212,9814.89632492948,0.356429184247594,0.406085949219475,0.57479193818196,0.0337411977924971,3985.69149059973,5641.52328166122,1655.83179106149,joint_shared_proportional_scale_cap_diabetes_0.80,0.15,0.15
bp_combined,Saint Lucia,Male,htn_diabetes,2025,2026,2030,68083.5,7015.91012728503,0.285155964215153,0.227755775608727,0.322375556075993,0.0189239560934533,1597.91405264093,2261.75792866271,663.84387602178,joint_shared_proportional_scale_cap_diabetes_0.80,0.15,0.15
bp_combined,Saint Vincent and the Grenadines,Female,htn_diabetes,2025,2026,2030,35855,6113.85526902857,0.406156750970933,0.343391056721316,0.486050826005114,0.0285319538567596,2099.44322147291,2971.64440358706,872.20118211415,joint_shared_proportional_scale_cap_diabetes_0.80,0.15,0.15
bp_combined,Saint Vincent and the Grenadines,Male,htn_diabetes,2025,2026,2030,37098.5,5076.53817772519,0.370073700440224,0.247493290496447,0.350312903967527,0.0205639226942159,1256.40913793605,1778.37683114093,521.967693204882,joint_shared_proportional_scale_cap_diabetes_0.80,0.15,0.15
bp_combined,Samoa,Female,htn_diabetes,2025,2026,2030,58425,8209.42829797604,0.417381643427851,0.187223537705163,0.265004441344687,0.0155561807279048,1536.99820848395,2175.53495986441,638.536751380457,joint_shared_proportional_scale_cap_diabetes_0.80,0.15,0.15
bp_combined,Samoa,Male,htn_diabetes,2025,2026,2030,56902.5,7327.69124694789,0.370087767467223,0.193597338977146,0.274026200392867,0.0160857722831443,1418.62152625523,2007.9793900532,589.357863797967,joint_shared_proportional_scale_cap_diabetes_0.80,0.15,0.15
bp_combined,Sao Tome and Principe,Female,htn_diabetes,2025,2026,2030,65055,6894.41904169694,0.271403185310548,0.223545152386055,0.31641565451386,0.0185741004255609,1541.21395528946,2181.50211357135,640.288158281893,joint_shared_proportional_scale_cap_diabetes_0.80,0.15,0.15
bp_combined,Sao Tome and Principe,Male,htn_diabetes,2025,2026,2030,62914.5,4650.32749964988,0.214777720924124,0.187148966220692,0.264898889581139,0.0155499846720894,870.303984147131,1231.86659084589,361.562606698758,joint_shared_proportional_scale_cap_diabetes_0.80,0.15,0.15
bp_combined,Saudi Arabia,Female,htn_diabetes,2025,2026,2030,8701835.5,592079.470040186,0.34300597852858,0.354597447426646,0.501912844983908,0.0294630795114525,209949.868749971,297172.291264434,87222.4225144631,joint_shared_proportional_scale_cap_diabetes_0.80,0.15,0.15
bp_combined,Saudi Arabia,Male,htn_diabetes,2025,2026,2030,15708054.5,1062261.57410743,0.24975859990783,0.302052464089981,0.427538361277018,0.0250971794374076,320858.72596725,454157.572641436,133298.846674186,joint_shared_proportional_scale_cap_diabetes_0.80,0.15,0.15
bp_combined,Senegal,Female,htn_diabetes,2025,2026,2030,5053659.5,451563.501540978,0.272735667684677,0.219686510493607,0.310953962829197,0.018253490467118,99202.4099198118,140415.460273195,41213.0503533834,joint_shared_proportional_scale_cap_diabetes_0.80,0.15,0.15
bp_combined,Senegal,Male,htn_diabetes,2025,2026,2030,5040091,330768.566842342,0.224024730681033,0.188112851897493,0.266263215821481,0.0156300727847976,62221.8184267595,88071.5023001045,25849.683873345,joint_shared_proportional_scale_cap_diabetes_0.80,0.15,0.15
bp_combined,Serbia,Female,htn_diabetes,2025,2026,2030,2915084,632753.767855624,0.418371021039005,0.400508942148227,0.566897996739518,0.0332778109182582,253423.542204161,358706.843426736,105283.301222575,joint_shared_proportional_scale_cap_diabetes_0.80,0.15,0.15
bp_combined,Serbia,Male,htn_diabetes,2025,2026,2030,2554939,437296.525327518,0.32088502084987,0.296368338316376,0.419492799305322,0.0246248921977893,129600.844562841,183442.743536131,53841.8989732899,joint_shared_proportional_scale_cap_diabetes_0.80,0.15,0.15
bp_combined,Seychelles,Female,htn_diabetes,2025,2026,2030,43593,6653.40063479678,0.381252173314952,0.450758389953701,0.638023278350952,0.0374529776794502,2999.07615785793,4245.02448519535,1245.94832733742,joint_shared_proportional_scale_cap_diabetes_0.80,0.15,0.15
bp_combined,Seychelles,Male,htn_diabetes,2025,2026,2030,56344.5,6992.98124746385,0.298746206866865,0.290479772408834,0.411157863763687,0.0241356182709706,2031.31960122254,2875.21923104676,843.899629824216,joint_shared_proportional_scale_cap_diabetes_0.80,0.15,0.15
bp_combined,Sierra Leone,Female,htn_diabetes,2025,2026,2030,2385993.5,209477.303452265,0.255479541559211,0.216318147439701,0.306186233406457,0.0179736171933512,45313.7422134582,64139.0665281906,18825.3243147324,joint_shared_proportional_scale_cap_diabetes_0.80,0.15,0.15
bp_combined,Sierra Leone,Male,htn_diabetes,2025,2026,2030,2334667.5,135910.659218321,0.193602656141489,0.182760145985458,0.258686760118913,0.015185322826691,24839.0519197202,35158.2880988132,10319.236179093,joint_shared_proportional_scale_cap_diabetes_0.80,0.15,0.15
bp_combined,Singapore,Female,htn_diabetes,2025,2026,2030,2395676,247563.507051972,0.371503254726392,0.48944829443916,0.692786673218507,0.0406676757558694,121169.536291965,171508.698460842,50339.1621688773,joint_shared_proportional_scale_cap_diabetes_0.80,0.15,0.15
bp_combined,Singapore,Male,htn_diabetes,2025,2026,2030,2562175.5,246192.350116334,0.297868720081017,0.467607399398066,0.661872108416575,0.0388529418037019,115121.364589597,162947.84984753,47826.4852579326,joint_shared_proportional_scale_cap_diabetes_0.80,0.15,0.15
bp_combined,Slovakia,Female,htn_diabetes,2025,2026,2030,2275438,359561.86584607,0.349446185070638,0.503510325238567,0.712690690960321,0.0418360731443507,181043.112015541,256256.394612818,75213.2825972769,joint_shared_proportional_scale_cap_diabetes_0.80,0.15,0.15
bp_combined,Slovakia,Male,htn_diabetes,2025,2026,2030,2117869,276079.045920549,0.263143720936775,0.41075268042934,0.581397435077995,0.034128950929731,113400.20812224,160511.649176987,47111.4410547468,joint_shared_proportional_scale_cap_diabetes_0.80,0.15,0.15
bp_combined,Slovenia,Female,htn_diabetes,2025,2026,2030,859407,153280.898096121,0.356416472902356,0.380533388214262,0.538623717897733,0.0316180659366943,58328.4995010417,82560.7272152361,24232.2277141943,joint_shared_proportional_scale_cap_diabetes_0.80,0.15,0.15
bp_combined,Slovenia,Male,htn_diabetes,2025,2026,2030,861169,126406.039694231,0.274331534142191,0.291725039807303,0.41292047008606,0.0242390860557513,36875.8069616832,52195.6413322592,15319.8343705759,joint_shared_proportional_scale_cap_diabetes_0.80,0.15,0.15
bp_combined,Solomon Islands,Female,htn_diabetes,2025,2026,2030,228074,24428.0483978929,0.424299705928496,0.160450994477478,0.227109404489855,0.0133316820024754,3919.50465858587,5547.83952449481,1628.33486590894,joint_shared_proportional_scale_cap_diabetes_0.80,0.15,0.15
bp_combined,Solomon Islands,Male,htn_diabetes,2025,2026,2030,234705.5,16446.6316792022,0.367283863757135,0.14263190239399,0.201887476730481,0.0118511148672981,2345.81436437788,3320.36897042973,974.554606051844,joint_shared_proportional_scale_cap_diabetes_0.80,0.15,0.14263190239399
bp_combined,Somalia,Female,htn_diabetes,2025,2026,2030,4470604,308364.376614498,0.241471197041762,0.215385896939893,0.304866684988971,0.0178961576098156,66417.3378414244,94010.0252671524,27592.6874257279,joint_shared_proportional_scale_cap_diabetes_0.80,0.15,0.15
bp_combined,Somalia,Male,htn_diabetes,2025,2026,2030,4350733.5,218289.930625808,0.191475914198618,0.209630891466071,0.29672079676776,0.0174179810603379,45760.3127551548,64771.1621416687,19010.849386514,joint_shared_proportional_scale_cap_diabetes_0.80,0.15,0.15
bp_combined,South Africa,Female,htn_diabetes,2025,2026,2030,22788012.5,3020840.9223067,0.341997697297961,0.397884084107648,0.563182657059589,0.0330597145903881,1201944.52360691,1701285.21717903,499340.693572122,joint_shared_proportional_scale_cap_diabetes_0.80,0.15,0.15
bp_combined,South Africa,Male,htn_diabetes,2025,2026,2030,20943438,2179041.20969039,0.274838236095065,0.273153840537442,0.38663397668927,0.0226960272303655,595213.475116285,842491.368272394,247277.893156109,joint_shared_proportional_scale_cap_diabetes_0.80,0.15,0.15
bp_combined,South Sudan,Female,htn_diabetes,2025,2026,2030,3278193.5,265428.31880609,0.284661785851502,0.239116556858166,0.338456106230899,0.0198679098745466,63468.3056855638,89835.835266523,26367.5295809591,joint_shared_proportional_scale_cap_diabetes_0.80,0.15,0.15
bp_combined,South Sudan,Male,htn_diabetes,2025,2026,2030,3017458,154761.608132345,0.197279025071392,0.213156635511536,0.301711290177645,0.0177109309332218,32988.4636958454,46693.3244595769,13704.8607637315,joint_shared_proportional_scale_cap_diabetes_0.80,0.15,0.15
bp_combined,Spain,Female,htn_diabetes,2025,2026,2030,20446366.5,2288280.36352491,0.355179126396273,0.441921221859733,0.625514761406362,0.0367187079093258,1011239.65420656,1431353.14562115,420113.491414586,joint_shared_proportional_scale_cap_diabetes_0.80,0.15,0.15
bp_combined,Spain,Male,htn_diabetes,2025,2026,2030,19337635.5,2192494.14632956,0.288945765414306,0.401769784876729,0.568682649070019,0.033382572838658,880877.901514315,1246833.3792052,365955.477690889,joint_shared_proportional_scale_cap_diabetes_0.80,0.15,0.15
bp_combined,Sri Lanka,Female,htn_diabetes,2025,2026,2030,8807415.5,1311179.3222086,0.403182545366129,0.265304289826224,0.375523376886861,0.0220438174121275,347861.498913383,492378.486780001,144516.987866618,joint_shared_proportional_scale_cap_diabetes_0.80,0.15,0.15
bp_combined,Sri Lanka,Male,htn_diabetes,2025,2026,2030,7935572.5,895979.740124977,0.340734110316281,0.228527551647341,0.323467961873165,0.0189880820451648,204756.056336382,289820.740417874,85064.6840814924,joint_shared_proportional_scale_cap_diabetes_0.80,0.15,0.15
bp_combined,Sudan,Female,htn_diabetes,2025,2026,2030,13583720,1184914.8702798,0.246149318468432,0.209834860706194,0.297009503813856,0.0174349286215324,248636.446753861,351930.977683464,103294.530929603,joint_shared_proportional_scale_cap_diabetes_0.80,0.15,0.15
bp_combined,Sudan,Male,htn_diabetes,2025,2026,2030,12819208,776680.639033869,0.190670970782476,0.185431919418285,0.262468505911373,0.0154073172986175,144021.38167107,203854.20689751,59832.8252264391,joint_shared_proportional_scale_cap_diabetes_0.80,0.15,0.15
bp_combined,Suriname,Female,htn_diabetes,2025,2026,2030,219111,29524.1084301017,0.339029613763467,0.338453547936338,0.479062058603132,0.0281217021333588,9992.53924782505,14143.8801629466,4151.34091512154,joint_shared_proportional_scale_cap_diabetes_0.80,0.15,0.15
bp_combined,Suriname,Male,htn_diabetes,2025,2026,2030,214766.5,24845.1205403189,0.304872115663374,0.285676751654258,0.404359456643329,0.0237365409978142,7097.67333041677,10046.3594419213,2948.68611150457,joint_shared_proportional_scale_cap_diabetes_0.80,0.15,0.15
bp_combined,Sweden,Female,htn_diabetes,2025,2026,2030,4175905,522756.876232944,0.382115805819252,0.284852108868395,0.403192220923638,0.0236680224110485,148908.398620409,210771.505931464,61863.1073110551,joint_shared_proportional_scale_cap_diabetes_0.80,0.15,0.15
bp_combined,Sweden,Male,htn_diabetes,2025,2026,2030,4190666,602919.005405549,0.361102498203853,0.300536244696627,0.425392237567272,0.024971198574129,181199.013740809,256477.064781301,75278.0510404917,joint_shared_proportional_scale_cap_diabetes_0.80,0.15,0.15
bp_combined,Switzerland,Female,htn_diabetes,2025,2026,2030,3688081,352492.369535524,0.383527517125472,0.486752980222715,0.688971606764084,0.0404437253082737,171576.711377183,242857.234210969,71280.5228337863,joint_shared_proportional_scale_cap_diabetes_0.80,0.15,0.15
bp_combined,Switzerland,Male,htn_diabetes,2025,2026,2030,3588272,411103.639229757,0.351857263970383,0.449054757586823,0.635611882064058,0.0373114248954471,184608.045057379,261302.357854209,76694.3127968303,joint_shared_proportional_scale_cap_diabetes_0.80,0.15,0.15
bp_combined,Syrian Arab Republic,Female,htn_diabetes,2025,2026,2030,8069505.5,771281.458041345,0.320993215492518,0.346998128113878,0.491156433724063,0.0288316611220369,267633.222189289,378819.850329082,111186.628139793,joint_shared_proportional_scale_cap_diabetes_0.80,0.15,0.15
bp_combined,Syrian Arab Republic,Male,htn_diabetes,2025,2026,2030,7875258.5,596913.310855204,0.229186084508026,0.281180559564571,0.397995348329222,0.0233629577529303,167840.418757807,237568.721076166,69728.3023183594,joint_shared_proportional_scale_cap_diabetes_0.80,0.15,0.15
bp_combined,Tajikistan,Female,htn_diabetes,2025,2026,2030,3167650.5,326800.580931167,0.314158236598512,0.201150977173891,0.284717952589114,0.0167133950830447,65736.2561952995,93045.9923076551,27309.7361123556,joint_shared_proportional_scale_cap_diabetes_0.80,0.15,0.15
bp_combined,Tajikistan,Male,htn_diabetes,2025,2026,2030,2938682.5,318272.052849047,0.256311984585067,0.164129950909337,0.232316761459531,0.0136373621100387,52237.9764099279,73939.932580967,21701.9561710391,joint_shared_proportional_scale_cap_diabetes_0.80,0.15,0.15
bp_combined,Tanzania,Female,htn_diabetes,2025,2026,2030,17724197,1088208.1190059,0.228976418407545,0.195656267177352,0.276940498050909,0.0162568461747114,212914.738476782,301368.898460537,88454.1599837551,joint_shared_proportional_scale_cap_diabetes_0.80,0.15,0.15
bp_combined,Tanzania,Male,htn_diabetes,2025,2026,2030,16793901.5,687139.623537503,0.17615636315443,0.183705031810134,0.260024193131727,0.0152638322643187,126231.00639996,178672.926179178,52441.9197792176,joint_shared_proportional_scale_cap_diabetes_0.80,0.15,0.15
bp_combined,Thailand,Female,htn_diabetes,2025,2026,2030,30139128.5,3488657.94503911,0.359212960743709,0.394569400110307,0.558490907337751,0.0327843014454889,1376517.67256414,1948383.74111595,571866.06855181,joint_shared_proportional_scale_cap_diabetes_0.80,0.15,0.15
bp_combined,Thailand,Male,htn_diabetes,2025,2026,2030,27794681.5,2438427.77578518,0.294249039814907,0.325888502442416,0.461276939795949,0.0270776874707067,794655.576164625,1124790.50232763,330134.926163008,joint_shared_proportional_scale_cap_diabetes_0.80,0.15,0.15
bp_combined,Timor-Leste,Female,htn_diabetes,2025,2026,2030,411810,34260.8481443569,0.26495111080196,0.215626338722539,0.305207016878151,0.0179161356311223,7387.54124689658,10456.6512578545,3069.11001095791,joint_shared_proportional_scale_cap_diabetes_0.80,0.15,0.15
bp_combined,Timor-Leste,Male,htn_diabetes,2025,2026,2030,413587,28756.5739237481,0.243726977775872,0.232842591290669,0.329575659036014,0.019346613549069,6695.75518904719,9477.46680253712,2781.71161348994,joint_shared_proportional_scale_cap_diabetes_0.80,0.15,0.15
bp_combined,Togo,Female,htn_diabetes,2025,2026,2030,2521841,186949.745575195,0.254204193872075,0.241856636324739,0.342334535391995,0.0200955798134512,45215.0366265822,63999.3542931358,18784.3176665535,joint_shared_proportional_scale_cap_diabetes_0.80,0.15,0.15
bp_combined,Togo,Male,htn_diabetes,2025,2026,2030,2542448,144076.71566795,0.204206971696529,0.17173340591008,0.243079026554289,0.0142691241288417,24742.7850939952,35022.0277937043,10279.242699709,joint_shared_proportional_scale_cap_diabetes_0.80,0.15,0.15
bp_combined,Tonga,Female,htn_diabetes,2025,2026,2030,32313.5,6173.07983882532,0.463841232129796,0.196179819816976,0.277681557516394,0.0163003475398837,1211.03369049656,1714.15042431807,503.11673382151,joint_shared_proportional_scale_cap_diabetes_0.80,0.15,0.15
bp_combined,Tonga,Male,htn_diabetes,2025,2026,2030,25702,3870.14503121515,0.412557253901722,0.15605455230616,0.220886486603595,0.012966386859487,603.953750206188,854.862738591473,250.908988385285,joint_shared_proportional_scale_cap_diabetes_0.80,0.15,0.15
bp_combined,Trinidad and Tobago,Female,htn_diabetes,2025,2026,2030,597491.5,99215.6608511008,0.391941177612257,0.335972018583834,0.475549592661076,0.0279155148154483,33333.6858512734,47181.9671033404,13848.281252067,joint_shared_proportional_scale_cap_diabetes_0.80,0.15,0.15
bp_combined,Trinidad and Tobago,Male,htn_diabetes,2025,2026,2030,573181,88183.4265048088,0.364293832291484,0.268506254475395,0.380055578678686,0.0223098648406582,23677.8015576125,33514.6031901545,9836.80163254198,joint_shared_proportional_scale_cap_diabetes_0.80,0.15,0.15
bp_combined,Tunisia,Female,htn_diabetes,2025,2026,2030,4473072.5,581202.370687569,0.389003893040855,0.276942491695655,0.391996600406022,0.0230108217420735,160959.632717637,227829.353457448,66869.7207398109,joint_shared_proportional_scale_cap_diabetes_0.80,0.15,0.15
bp_combined,Tunisia,Male,htn_diabetes,2025,2026,2030,4220651,404285.769419736,0.295105345764179,0.208659262356082,0.295345510131033,0.0173372495549902,84357.9704281832,119403.986807989,35046.0163798059,joint_shared_proportional_scale_cap_diabetes_0.80,0.15,0.15
bp_combined,Turkey,Female,htn_diabetes,2025,2026,2030,32397930.5,4177906.665772,0.390328541853969,0.450856895921297,0.638162708036085,0.0374611624229578,1883638.03077886,2666184.23175107,782546.200972214,joint_shared_proportional_scale_cap_diabetes_0.80,0.15,0.15
bp_combined,Turkey,Male,htn_diabetes,2025,2026,2030,31751575.5,2699265.8745229,0.299578645604827,0.386936707508259,0.547687258054365,0.0321501101092212,1044445.05017729,1478353.52557716,433908.475399873,joint_shared_proportional_scale_cap_diabetes_0.80,0.15,0.15
bp_combined,Turkmenistan,Female,htn_diabetes,2025,2026,2030,2480627.5,290921.823486391,0.342767814826483,0.237138586601707,0.335656400012151,0.0197035626820887,68988.7900331541,97649.7719564122,28660.9819232582,joint_shared_proportional_scale_cap_diabetes_0.80,0.15,0.15
bp_combined,Turkmenistan,Male,htn_diabetes,2025,2026,2030,2279282,190585.361243772,0.282153547156941,0.194228423858074,0.274919465728847,0.0161382083741545,37017.0943247995,52395.625688877,15378.5313640776,joint_shared_proportional_scale_cap_diabetes_0.80,0.15,0.15
bp_combined,Uganda,Female,htn_diabetes,2025,2026,2030,12507067,653159.376298381,0.201765989315765,0.205517017018381,0.290897837682942,0.0170761641329121,134235.36665443,190002.650227538,55767.2835731084,joint_shared_proportional_scale_cap_diabetes_0.80,0.15,0.15
bp_combined,Uganda,Male,htn_diabetes,2025,2026,2030,11918712.5,474497.950327972,0.159288656667595,0.191056975067221,0.270430457426927,0.0158746964719412,90656.1430652587,128318.697755333,37662.5546900738,joint_shared_proportional_scale_cap_diabetes_0.80,0.15,0.15
bp_combined,Ukraine,Female,htn_diabetes,2025,2026,2030,17369356.5,3376080.73890498,0.404214898532207,0.262036899916623,0.370898569299833,0.0217723338766421,884657.730690883,1252183.51590058,367525.785209699,joint_shared_proportional_scale_cap_diabetes_0.80,0.15,0.15
bp_combined,Ukraine,Male,htn_diabetes,2025,2026,2030,14484021.5,1982510.53649608,0.304594173667838,0.204977453467648,0.290134115668688,0.0170313324402079,406369.961243749,575193.941310148,168823.980066399,joint_shared_proportional_scale_cap_diabetes_0.80,0.15,0.15
bp_combined,United Arab Emirates,Female,htn_diabetes,2025,2026,2030,3019650,208923.561722555,0.313102360298914,0.349023512412265,0.494023251866061,0.0289999478907593,72919.2353380868,103213.097353616,30293.8620155296,joint_shared_proportional_scale_cap_diabetes_0.80,0.15,0.15
bp_combined,United Arab Emirates,Male,htn_diabetes,2025,2026,2030,6123736,449554.115252267,0.224000386510727,0.299626530277324,0.424104587710713,0.0248956114866777,134698.339724929,190657.962702717,55959.622977788,joint_shared_proportional_scale_cap_diabetes_0.80,0.15,0.15
bp_combined,United Kingdom,Female,htn_diabetes,2025,2026,2030,27891787.5,2807489.29937555,0.339152177310694,0.391452175242281,0.554078649964441,0.0325252949444319,1098997.79320999,1555569.88078762,456572.087577631,joint_shared_proportional_scale_cap_diabetes_0.80,0.15,0.15
bp_combined,United Kingdom,Male,htn_diabetes,2025,2026,2030,26469240,2516176.66967773,0.286448779558781,0.413376419248647,0.585111190562841,0.0343469542628388,1040128.10190837,1472243.12686158,432115.024953215,joint_shared_proportional_scale_cap_diabetes_0.80,0.15,0.15
bp_combined,United States,Female,htn_diabetes,2025,2026,2030,135029185,18180635.9623282,0.389171959372562,0.601643470928305,0.8,0.0396713058143391,10938260.9240591,14544508.7698626,3606247.84580347,joint_shared_proportional_scale_cap_diabetes_0.80,0.15,0.15
bp_combined,United States,Male,htn_diabetes,2025,2026,2030,134681241,16558100.8039897,0.340960055004095,0.547308830637753,0.774685024564473,0.045475238785344,9062394.78861365,12827312.7280798,3764917.93946614,joint_shared_proportional_scale_cap_diabetes_0.80,0.15,0.15
bp_combined,Uruguay,Female,htn_diabetes,2025,2026,2030,1356764.5,220273.693142473,0.377821852930059,0.427046412801424,0.604460301518879,0.035482777743491,94067.0904910146,133146.702973576,39079.6124825615,joint_shared_proportional_scale_cap_diabetes_0.80,0.15,0.15
bp_combined,Uruguay,Male,htn_diabetes,2025,2026,2030,1236352,160897.756900661,0.287580322374324,0.356196161420817,0.504175735185046,0.0295959147528457,57311.1633892352,81120.7448750155,23809.5814857802,joint_shared_proportional_scale_cap_diabetes_0.80,0.15,0.15
bp_combined,Uzbekistan,Female,htn_diabetes,2025,2026,2030,11620159,1550118.60348208,0.338181920783296,0.316498240788364,0.447985549865954,0.026297461815518,490609.811015392,694430.734938363,203820.92392297,joint_shared_proportional_scale_cap_diabetes_0.80,0.15,0.15
bp_combined,Uzbekistan,Male,htn_diabetes,2025,2026,2030,11464160.5,1309961.09551466,0.277202851087944,0.221356166151249,0.313317266985368,0.0183922201668236,289967.965910416,410433.430303812,120465.464393396,joint_shared_proportional_scale_cap_diabetes_0.80,0.15,0.15
bp_combined,Vanuatu,Female,htn_diabetes,2025,2026,2030,91194,12371.0417067154,0.406000634618235,0.150532439955398,0.213070245566313,0.012507561122183,1862.24309290186,2635.90089436094,773.657801459086,joint_shared_proportional_scale_cap_diabetes_0.80,0.15,0.15
bp_combined,Vanuatu,Male,htn_diabetes,2025,2026,2030,89621,10087.5228531896,0.354766864802506,0.101513799476357,0.143687102854412,0.00843466067561097,1024.02277213187,1449.44693375249,425.424161620628,joint_shared_proportional_scale_cap_diabetes_0.80,0.15,0.101513799476357
bp_combined,Venezuela (Bolivarian Republic of),Female,htn_diabetes,2025,2026,2030,9902077,1291418.07806309,0.34131774738841,0.494783111795857,0.700337808671965,0.0411109393752217,638971.855293482,904428.906870067,265457.051576586,joint_shared_proportional_scale_cap_diabetes_0.80,0.15,0.15
bp_combined,Venezuela (Bolivarian Republic of),Male,htn_diabetes,2025,2026,2030,9309412.5,1037015.69836948,0.300106972892915,0.358383766520007,0.507272167793356,0.0297776802546699,371649.591922028,526049.201347625,154399.609425597,joint_shared_proportional_scale_cap_diabetes_0.80,0.15,0.15
bp_combined,Viet Nam,Female,htn_diabetes,2025,2026,2030,37636568.5,3515934.32387011,0.363420553771913,0.245308553756167,0.34722053136075,0.0203823955209167,862488.764090243,1220804.58416368,358315.820073437,joint_shared_proportional_scale_cap_diabetes_0.80,0.15,0.15
bp_combined,Viet Nam,Male,htn_diabetes,2025,2026,2030,34682757,2959431.7466138,0.285044431161526,0.214462347736671,0.303559452769914,0.0178194210066485,634686.680345233,898363.481511995,263676.801166762,joint_shared_proportional_scale_cap_diabetes_0.80,0.15,0.15
bp_combined,Yemen,Female,htn_diabetes,2025,2026,2030,10560059.5,564560.138934096,0.253409211824213,0.309956645296974,0.438726287489294,0.0257539284384639,174989.166732406,247687.373818996,72698.2070865898,joint_shared_proportional_scale_cap_diabetes_0.80,0.15,0.15
bp_combined,Yemen,Male,htn_diabetes,2025,2026,2030,10618497.5,405611.170635073,0.189009337915826,0.252953768824495,0.358041905494449,0.0210176273339909,102600.874289457,145225.796424016,42624.9221345587,joint_shared_proportional_scale_cap_diabetes_0.80,0.15,0.15
bp_combined,Zambia,Female,htn_diabetes,2025,2026,2030,5568342,305966.440679616,0.243249901627704,0.232765396494384,0.329466394121384,0.0193401995253998,71218.3998787665,100805.659932867,29587.2600541009,joint_shared_proportional_scale_cap_diabetes_0.80,0.15,0.15
bp_combined,Zambia,Male,htn_diabetes,2025,2026,2030,5357895.5,221289.934715523,0.177489719818625,0.189448942053271,0.268154376674748,0.0157410869242953,41923.1440188932,59339.8645080365,17416.7204891434,joint_shared_proportional_scale_cap_diabetes_0.80,0.15,0.15
bp_combined,Zimbabwe,Female,htn_diabetes,2025,2026,2030,4675795.5,495752.676359461,0.286156172286157,0.296563404427426,0.419768904470399,0.0246411000085945,147022.10145517,208101.557843679,61079.4563885092,joint_shared_proportional_scale_cap_diabetes_0.80,0.15,0.15
bp_combined,Zimbabwe,Male,htn_diabetes,2025,2026,2030,3849027,260271.475511665,0.236198772602801,0.238414033167737,0.3374617232575,0.0198095380179526,62052.3721952539,87831.6606409386,25779.2884456847,joint_shared_proportional_scale_cap_diabetes_0.80,0.15,0.15
